[Licensing::Module] Trying to connect to existing licensing client channel...
Built from '6000.2/respin/6000.2.6f2-cc51a95c03' branch; Version is '6000.2.6f2 (4a4dcaec6541) revision 4869578'; Using compiler version '194234433'; Build Type 'Release'
[Licensing::IpcConnector] Successfully connected to: "LicenseClient-Hector" at "2025-11-23T09:41:23.9595679Z"
OS: 'Windows 10  (10.0.19045) 64bit Professional' Language: 'es' Physical Memory: 16326 MB
BatchMode: 1, IsHumanControllingUs: 0, StartBugReporterOnCrash: 0, Is64bit: 1
Date: 2025-11-23T09:41:23Z

COMMAND LINE ARGUMENTS:
D:\Unity\6000.2.6f2\Editor\Unity.exe
-adb2
-batchMode
-noUpm
-name
AssetImportWorker0
-projectPath
D:/factorial-omega-win-64/MiniGame2D/MDRG-mini2D/MDRG_MiniGame1
-logFile
Logs/AssetImportWorker0.log
-srvPort
63962
-licensingIpc
LicenseClient-Hector
-job-worker-count
3
-background-job-worker-count
8
-gc-helper-count
1
-name
AssetImport
Successfully changed project path to: D:/factorial-omega-win-64/MiniGame2D/MDRG-mini2D/MDRG_MiniGame1
D:/factorial-omega-win-64/MiniGame2D/MDRG-mini2D/MDRG_MiniGame1
[UnityMemory] Configuration Parameters - Can be set up in boot.config
    "memorysetup-allocator-temp-initial-block-size-main=262144"
    "memorysetup-allocator-temp-initial-block-size-worker=262144"
    "memorysetup-bucket-allocator-granularity=16"
    "memorysetup-bucket-allocator-bucket-count=8"
    "memorysetup-bucket-allocator-block-size=33554432"
    "memorysetup-bucket-allocator-block-count=8"
    "memorysetup-main-allocator-block-size=16777216"
    "memorysetup-thread-allocator-block-size=16777216"
    "memorysetup-gfx-main-allocator-block-size=16777216"
    "memorysetup-gfx-thread-allocator-block-size=16777216"
    "memorysetup-cache-allocator-block-size=4194304"
    "memorysetup-typetree-allocator-block-size=2097152"
    "memorysetup-profiler-bucket-allocator-granularity=16"
    "memorysetup-profiler-bucket-allocator-bucket-count=8"
    "memorysetup-profiler-bucket-allocator-block-size=33554432"
    "memorysetup-profiler-bucket-allocator-block-count=8"
    "memorysetup-profiler-allocator-block-size=16777216"
    "memorysetup-profiler-editor-allocator-block-size=1048576"
    "memorysetup-temp-allocator-size-main=16777216"
    "memorysetup-job-temp-allocator-block-size=2097152"
    "memorysetup-job-temp-allocator-block-size-background=1048576"
    "memorysetup-job-temp-allocator-reduction-small-platforms=262144"
    "memorysetup-temp-allocator-size-background-worker=32768"
    "memorysetup-temp-allocator-size-job-worker=262144"
    "memorysetup-temp-allocator-size-preload-manager=33554432"
    "memorysetup-temp-allocator-size-nav-mesh-worker=65536"
    "memorysetup-temp-allocator-size-audio-worker=65536"
    "memorysetup-temp-allocator-size-cloud-worker=32768"
    "memorysetup-temp-allocator-size-gi-baking-worker=262144"
    "memorysetup-temp-allocator-size-gi-baking-worker=262144"
    "memorysetup-temp-allocator-size-gi-baking-worker=262144"
    "memorysetup-temp-allocator-size-gi-baking-worker=262144"
    "memorysetup-temp-allocator-size-gi-baking-worker=262144"
    "memorysetup-temp-allocator-size-gfx=262144"
Player connection [8656]  Target information:

Player connection [8656]  * "[IP] 192.168.1.39 [Port] 0 [Flags] 2 [Guid] 1002854795 [EditorId] 1002854795 [Version] 1048832 [Id] WindowsEditor(7,DESKTOP-G081KS2) [Debug] 1 [PackageName] WindowsEditor [ProjectName] Editor" 

Player connection [8656] Host joined multi-casting on [225.0.0.222:54997]...
Player connection [8656] Host joined alternative multi-casting on [225.0.0.222:34997]...
JobSystem: Creating JobQueue using job-worker-count value 3
Input System module state changed to: Initialized.
[Physics::Module] Initialized fallback backend.
[Physics::Module] Id: 0xdecafbad
[Licensing::Client] Code 10 while verifying Licensing Client signature (process Id: 18188, path: "D:/Unity/Unity Hub/UnityLicensingClient_V1/Unity.Licensing.Client.exe")
[Licensing::Module] LicensingClient has failed validation; ignoring
[Licensing::Client] Handshaking with LicensingClient:
  Version:                 1.17.3+a4e98f1
  Session Id:              bddca18b934745e7848f5f6672eae2b3
  Correlation Id:          94a9138b4d52c5cdb743621dc9b659fc
  External correlation Id: 1589305192584957528
  Machine Id:              XT8v1AEGxaRv6DD9oeST8EnIHBY=
[Licensing::Module] Successfully connected to LicensingClient on channel: "LicenseClient-Hector" (connect: 0.00s, validation: 0.00s, handshake: 0.09s)
[Licensing::IpcConnector] Successfully connected to: "LicenseClient-Hector-notifications" at "2025-11-23T09:41:24.0497313Z"
[Licensing::Module] Licensing Background thread has ended after 0.09s
Library Redirect Path: Library/
[Physics::Module] Selected backend.
[Physics::Module] Name: PhysX
[Physics::Module] Id: 0xf2b8ea05
[Physics::Module] SDK Version: 4.1.2
[Physics::Module] Integration Version: 1.0.0
[Physics::Module] Threading Mode: Multi-Threaded
Refreshing native plugins compatible for Editor in 11.05 ms, found 4 plugins.
Preloading 0 native plugins for Editor in 0.00 ms.
Initialize engine version: 6000.2.6f2 (4a4dcaec6541)
[Subsystems] Discovering subsystems at path D:/Unity/6000.2.6f2/Editor/Data/Resources/UnitySubsystems
[Subsystems] Discovering subsystems at path D:/factorial-omega-win-64/MiniGame2D/MDRG-mini2D/MDRG_MiniGame1/Assets
GfxDevice: creating device client; kGfxThreadingModeNonThreaded
d3d12: failed to query info queue interface (0x80004002).
Direct3D:
    Version:         Direct3D 12 [level 12.1]
    Renderer:        NVIDIA GeForce GTX 970 (ID=0x13c2)
    Vendor:          NVIDIA
    VRAM:            4030 MB
    App VRAM Budget: 3426 MB
    Driver:          32.0.15.6094
Initialize mono
Mono path[0] = 'D:/Unity/6000.2.6f2/Editor/Data/Managed'
Mono path[1] = 'D:/Unity/6000.2.6f2/Editor/Data/MonoBleedingEdge/lib/mono/unityjit-win32'
Mono config path = 'D:/Unity/6000.2.6f2/Editor/Data/MonoBleedingEdge/etc'
Using monoOptions --debugger-agent=transport=dt_socket,embedding=1,server=y,suspend=n,address=127.0.0.1:56064
Begin MonoManager ReloadAssembly
Registering precompiled unity dll's ...
Register platform support module: D:/Unity/6000.2.6f2/Editor/Data/PlaybackEngines/MacStandaloneSupport/UnityEditor.OSXStandalone.Extensions.dll
Register platform support module: D:/Unity/6000.2.6f2/Editor/Data/PlaybackEngines/WindowsStandaloneSupport/UnityEditor.WindowsStandalone.Extensions.dll
[Licensing::Client] Successfully resolved entitlement details
[Licensing::Module] License group:
  Id: 2616096-UnityPersXXXX
  Product: Unity Personal
  Type: Assigned
  Expiration: Unlimited
Register platform support module: D:/Unity/6000.2.6f2/Editor/Data/PlaybackEngines/AndroidPlayer/UnityEditor.Android.Extensions.dll
Registered in 0.013581 seconds.
- Loaded All Assemblies, in  0.664 seconds
Native extension for Android target not found
Android Extension - Scanning For ADB Devices 399 ms
Native extension for WindowsStandalone target not found
Native extension for OSXStandalone target not found
Mono: successfully reloaded assembly
- Finished resetting the current domain, in  1.031 seconds
Domain Reload Profiling: 1679ms
	BeginReloadAssembly (228ms)
		ExecutionOrderSort (0ms)
		DisableScriptedObjects (0ms)
		BackupInstance (0ms)
		ReleaseScriptingObjects (0ms)
		CreateAndSetChildDomain (1ms)
	RebuildCommonClasses (59ms)
	RebuildNativeTypeToScriptingClass (23ms)
	initialDomainReloadingComplete (95ms)
	LoadAllAssembliesAndSetupDomain (243ms)
		LoadAssemblies (215ms)
		RebuildTransferFunctionScriptingTraits (0ms)
		AnalyzeDomain (236ms)
			TypeCache.Refresh (234ms)
				TypeCache.ScanAssembly (216ms)
			BuildScriptInfoCaches (0ms)
			ResolveRequiredComponents (1ms)
	FinalizeReload (1031ms)
		ReleaseScriptCaches (0ms)
		RebuildScriptCaches (0ms)
		SetupLoadedEditorAssemblies (982ms)
			LogAssemblyErrors (0ms)
			InitializePlatformSupportModulesInManaged (556ms)
			SetLoadedEditorAssemblies (6ms)
			BeforeProcessingInitializeOnLoad (126ms)
			ProcessInitializeOnLoadAttributes (200ms)
			ProcessInitializeOnLoadMethodAttributes (94ms)
			AfterProcessingInitializeOnLoad (0ms)
			EditorAssembliesLoaded (0ms)
		ExecutionOrderSort2 (0ms)
		AwakeInstancesAfterBackupRestoration (0ms)
========================================================================
Worker process is ready to serve import requests
Import Worker Mode flag is 0x00
Begin MonoManager ReloadAssembly
[Licensing::Client] Successfully resolved entitlement details
- Loaded All Assemblies, in  1.375 seconds
Refreshing native plugins compatible for Editor in 5.30 ms, found 4 plugins.
Native extension for Android target not found
Native extension for WindowsStandalone target not found
Native extension for OSXStandalone target not found
Package Manager log level set to [2]
[Package Manager] Failed to launch server process. Reason: Unity was launched with the -noUpm command-line argument
[Package Manager] Unable to send message (not connected to server process).
[Package Manager] Cannot connect to Unity Package Manager local server
Mono: successfully reloaded assembly
- Finished resetting the current domain, in  1.214 seconds
Domain Reload Profiling: 2560ms
	BeginReloadAssembly (286ms)
		ExecutionOrderSort (0ms)
		DisableScriptedObjects (8ms)
		BackupInstance (0ms)
		ReleaseScriptingObjects (0ms)
		CreateAndSetChildDomain (46ms)
	RebuildCommonClasses (60ms)
	RebuildNativeTypeToScriptingClass (19ms)
	initialDomainReloadingComplete (79ms)
	LoadAllAssembliesAndSetupDomain (901ms)
		LoadAssemblies (659ms)
		RebuildTransferFunctionScriptingTraits (0ms)
		AnalyzeDomain (397ms)
			TypeCache.Refresh (286ms)
				TypeCache.ScanAssembly (264ms)
			BuildScriptInfoCaches (88ms)
			ResolveRequiredComponents (18ms)
	FinalizeReload (1214ms)
		ReleaseScriptCaches (0ms)
		RebuildScriptCaches (0ms)
		SetupLoadedEditorAssemblies (982ms)
			LogAssemblyErrors (0ms)
			InitializePlatformSupportModulesInManaged (17ms)
			SetLoadedEditorAssemblies (7ms)
			BeforeProcessingInitializeOnLoad (247ms)
			ProcessInitializeOnLoadAttributes (504ms)
			ProcessInitializeOnLoadMethodAttributes (189ms)
			AfterProcessingInitializeOnLoad (18ms)
			EditorAssembliesLoaded (0ms)
		ExecutionOrderSort2 (0ms)
		AwakeInstancesAfterBackupRestoration (14ms)
Launched and connected shader compiler UnityShaderCompiler.exe after 0.02 seconds
Refreshing native plugins compatible for Editor in 5.52 ms, found 4 plugins.
Preloading 0 native plugins for Editor in 0.00 ms.
Unloading 35 Unused Serialized files (Serialized files now loaded: 0)
Unloading 6809 unused Assets / (6.2 MB). Loaded Objects now: 7499.
Memory consumption went from 143.1 MB to 136.9 MB.
Total: 22.391900 ms (FindLiveObjects: 1.576800 ms CreateObjectMapping: 1.676200 ms MarkObjects: 13.894900 ms  DeleteObjects: 5.242400 ms)

========================================================================
Received Import Request.
  Time since last request: 686461.747039 seconds.
  path: Assets/Resources/StaticData/DialogueStructure.ods
  artifactKey: Guid(cd869bf46b8098045b37bc7f51674307) Importer(815301076,1909f56bfc062723c751e8b465ee728b)
Start importing Assets/Resources/StaticData/DialogueStructure.ods using Guid(cd869bf46b8098045b37bc7f51674307) Importer(815301076,1909f56bfc062723c751e8b465ee728b) (PreviewImporter) -> (artifact id: '898d7aa0297bb4c1c914674ba8b0e2ff') in 0.0282399 seconds
Number of updated asset objects reloaded before import = 0Number of asset objects unloaded after import = 1

========================================================================
Received Import Request.
  Time since last request: 1280.310422 seconds.
  path: Assets/Resources/StaticData/DialogueStructure.ods
  artifactKey: Guid(cd869bf46b8098045b37bc7f51674307) Importer(815301076,1909f56bfc062723c751e8b465ee728b)
Start importing Assets/Resources/StaticData/DialogueStructure.ods using Guid(cd869bf46b8098045b37bc7f51674307) Importer(815301076,1909f56bfc062723c751e8b465ee728b) (PreviewImporter) -> (artifact id: 'a7953e94b777e752389a683207dcf05d') in 0.0015849 seconds
Number of updated asset objects reloaded before import = 0Number of asset objects unloaded after import = 1

========================================================================
Received Prepare
Begin MonoManager ReloadAssembly
[Licensing::Client] Successfully resolved entitlement details
- Loaded All Assemblies, in  1.276 seconds
Refreshing native plugins compatible for Editor in 4.67 ms, found 4 plugins.
Assertion failed on expression: 'pred(*previous, *i)'
Assertion failed on expression: 'pred(*previous, *i)'
Assertion failed on expression: 'pred(*previous, *i)'
Assertion failed on expression: 'pred(*previous, *i)'
Assertion failed on expression: 'pred(*previous, *i)'
Assertion failed on expression: 'pred(*previous, *i)'
Assertion failed on expression: 'pred(*previous, *i)'
Assertion failed on expression: 'pred(*previous, *i)'
Assertion failed on expression: 'pred(*previous, *i)'
Assertion failed on expression: 'pred(*previous, *i)'
Assertion failed on expression: 'pred(*previous, *i)'
Assertion failed on expression: 'pred(*previous, *i)'
Assertion failed on expression: 'pred(*previous, *i)'
Assertion failed on expression: 'pred(*previous, *i)'
Assertion failed on expression: 'pred(*previous, *i)'
Assertion failed on expression: 'pred(*previous, *i)'
Assertion failed on expression: 'pred(*previous, *i)'
Assertion failed on expression: 'pred(*previous, *i)'
Assertion failed on expression: 'pred(*previous, *i)'
Assertion failed on expression: 'pred(*previous, *i)'
Assertion failed on expression: 'pred(*previous, *i)'
Assertion failed on expression: 'pred(*previous, *i)'
Assertion failed on expression: 'pred(*previous, *i)'
Assertion failed on expression: 'pred(*previous, *i)'
Assertion failed on expression: 'pred(*previous, *i)'
Assertion failed on expression: 'pred(*previous, *i)'
Assertion failed on expression: 'pred(*previous, *i)'
Assertion failed on expression: 'pred(*previous, *i)'
Assertion failed on expression: 'pred(*previous, *i)'
Assertion failed on expression: 'pred(*previous, *i)'
Assertion failed on expression: 'pred(*previous, *i)'
Assertion failed on expression: 'pred(*previous, *i)'
Assertion failed on expression: 'pred(*previous, *i)'
Assertion failed on expression: 'pred(*previous, *i)'
Assertion failed on expression: 'pred(*previous, *i)'
Assertion failed on expression: 'pred(*previous, *i)'
Assertion failed on expression: 'pred(*previous, *i)'
Assertion failed on expression: 'pred(*previous, *i)'
Assertion failed on expression: 'pred(*previous, *i)'
Assertion failed on expression: 'pred(*previous, *i)'
Assertion failed on expression: 'pred(*previous, *i)'
Assertion failed on expression: 'pred(*previous, *i)'
Assertion failed on expression: 'pred(*previous, *i)'
Assertion failed on expression: 'pred(*previous, *i)'
Assertion failed on expression: 'pred(*previous, *i)'
Assertion failed on expression: 'pred(*previous, *i)'
Assertion failed on expression: 'pred(*previous, *i)'
Assertion failed on expression: 'pred(*previous, *i)'
Assertion failed on expression: 'pred(*previous, *i)'
Assertion failed on expression: 'pred(*previous, *i)'
Assertion failed on expression: 'pred(*previous, *i)'
Assertion failed on expression: 'pred(*previous, *i)'
Assertion failed on expression: 'pred(*previous, *i)'
Assertion failed on expression: 'pred(*previous, *i)'
Assertion failed on expression: 'pred(*previous, *i)'
Assertion failed on expression: 'pred(*previous, *i)'
Assertion failed on expression: 'pred(*previous, *i)'
Assertion failed on expression: 'pred(*previous, *i)'
Assertion failed on expression: 'pred(*previous, *i)'
Assertion failed on expression: 'pred(*previous, *i)'
Assertion failed on expression: 'pred(*previous, *i)'
Assertion failed on expression: 'pred(*previous, *i)'
Assertion failed on expression: 'pred(*previous, *i)'
Assertion failed on expression: 'pred(*previous, *i)'
Assertion failed on expression: 'pred(*previous, *i)'
Assertion failed on expression: 'pred(*previous, *i)'
Assertion failed on expression: 'pred(*previous, *i)'
Assertion failed on expression: 'pred(*previous, *i)'
Assertion failed on expression: 'pred(*previous, *i)'
Assertion failed on expression: 'pred(*previous, *i)'
Assertion failed on expression: 'pred(*previous, *i)'
Assertion failed on expression: 'pred(*previous, *i)'
Assertion failed on expression: 'pred(*previous, *i)'
Assertion failed on expression: 'pred(*previous, *i)'
Assertion failed on expression: 'pred(*previous, *i)'
Assertion failed on expression: 'pred(*previous, *i)'
Assertion failed on expression: 'pred(*previous, *i)'
Assertion failed on expression: 'pred(*previous, *i)'
Assertion failed on expression: 'pred(*previous, *i)'
Assertion failed on expression: 'pred(*previous, *i)'
Assertion failed on expression: 'pred(*previous, *i)'
Assertion failed on expression: 'pred(*previous, *i)'
Assertion failed on expression: 'pred(*previous, *i)'
Assertion failed on expression: 'pred(*previous, *i)'
Assertion failed on expression: 'pred(*previous, *i)'
Assertion failed on expression: 'pred(*previous, *i)'
Assertion failed on expression: 'pred(*previous, *i)'
Assertion failed on expression: 'pred(*previous, *i)'
Assertion failed on expression: 'pred(*previous, *i)'
Assertion failed on expression: 'pred(*previous, *i)'
Assertion failed on expression: 'pred(*previous, *i)'
Assertion failed on expression: 'pred(*previous, *i)'
Assertion failed on expression: 'pred(*previous, *i)'
Assertion failed on expression: 'pred(*previous, *i)'
Assertion failed on expression: 'pred(*previous, *i)'
Assertion failed on expression: 'pred(*previous, *i)'
Assertion failed on expression: 'pred(*previous, *i)'
Assertion failed on expression: 'pred(*previous, *i)'
Assertion failed on expression: 'pred(*previous, *i)'
Assertion failed on expression: 'pred(*previous, *i)'
Assertion failed on expression: 'pred(*previous, *i)'
Assertion failed on expression: 'pred(*previous, *i)'
Assertion failed on expression: 'pred(*previous, *i)'
Assertion failed on expression: 'pred(*previous, *i)'
Assertion failed on expression: 'pred(*previous, *i)'
Assertion failed on expression: 'pred(*previous, *i)'
Assertion failed on expression: 'pred(*previous, *i)'
Assertion failed on expression: 'pred(*previous, *i)'
Assertion failed on expression: 'pred(*previous, *i)'
Assertion failed on expression: 'pred(*previous, *i)'
Assertion failed on expression: 'pred(*previous, *i)'
Assertion failed on expression: 'pred(*previous, *i)'
Assertion failed on expression: 'pred(*previous, *i)'
Assertion failed on expression: 'pred(*previous, *i)'
Assertion failed on expression: 'pred(*previous, *i)'
Assertion failed on expression: 'pred(*previous, *i)'
Assertion failed on expression: 'pred(*previous, *i)'
Assertion failed on expression: 'pred(*previous, *i)'
Assertion failed on expression: 'pred(*previous, *i)'
Assertion failed on expression: 'pred(*previous, *i)'
Assertion failed on expression: 'pred(*previous, *i)'
Assertion failed on expression: 'pred(*previous, *i)'
Assertion failed on expression: 'pred(*previous, *i)'
Assertion failed on expression: 'pred(*previous, *i)'
Assertion failed on expression: 'pred(*previous, *i)'
Assertion failed on expression: 'pred(*previous, *i)'
Assertion failed on expression: 'pred(*previous, *i)'
Assertion failed on expression: 'pred(*previous, *i)'
Assertion failed on expression: 'pred(*previous, *i)'
Assertion failed on expression: 'pred(*previous, *i)'
Assertion failed on expression: 'pred(*previous, *i)'
Assertion failed on expression: 'pred(*previous, *i)'
Assertion failed on expression: 'pred(*previous, *i)'
Assertion failed on expression: 'pred(*previous, *i)'
Assertion failed on expression: 'pred(*previous, *i)'
Assertion failed on expression: 'pred(*previous, *i)'
Assertion failed on expression: 'pred(*previous, *i)'
Assertion failed on expression: 'pred(*previous, *i)'
Assertion failed on expression: 'pred(*previous, *i)'
Assertion failed on expression: 'pred(*previous, *i)'
Assertion failed on expression: 'pred(*previous, *i)'
Assertion failed on expression: 'pred(*previous, *i)'
Assertion failed on expression: 'pred(*previous, *i)'
Assertion failed on expression: 'pred(*previous, *i)'
Assertion failed on expression: 'pred(*previous, *i)'
Assertion failed on expression: 'pred(*previous, *i)'
Assertion failed on expression: 'pred(*previous, *i)'
Assertion failed on expression: 'pred(*previous, *i)'
Assertion failed on expression: 'pred(*previous, *i)'
Assertion failed on expression: 'pred(*previous, *i)'
Assertion failed on expression: 'pred(*previous, *i)'
Assertion failed on expression: 'pred(*previous, *i)'
Assertion failed on expression: 'pred(*previous, *i)'
Assertion failed on expression: 'pred(*previous, *i)'
Assertion failed on expression: 'pred(*previous, *i)'
Assertion failed on expression: 'pred(*previous, *i)'
Assertion failed on expression: 'pred(*previous, *i)'
Assertion failed on expression: 'pred(*previous, *i)'
Assertion failed on expression: 'pred(*previous, *i)'
Assertion failed on expression: 'pred(*previous, *i)'
Assertion failed on expression: 'pred(*previous, *i)'
Assertion failed on expression: 'pred(*previous, *i)'
Assertion failed on expression: 'pred(*previous, *i)'
Assertion failed on expression: 'pred(*previous, *i)'
Assertion failed on expression: 'pred(*previous, *i)'
Assertion failed on expression: 'pred(*previous, *i)'
Assertion failed on expression: 'pred(*previous, *i)'
Assertion failed on expression: 'pred(*previous, *i)'
Assertion failed on expression: 'pred(*previous, *i)'
Assertion failed on expression: 'pred(*previous, *i)'
Assertion failed on expression: 'pred(*previous, *i)'
Assertion failed on expression: 'pred(*previous, *i)'
Assertion failed on expression: 'pred(*previous, *i)'
Assertion failed on expression: 'pred(*previous, *i)'
Assertion failed on expression: 'pred(*previous, *i)'
Assertion failed on expression: 'pred(*previous, *i)'
Assertion failed on expression: 'pred(*previous, *i)'
Assertion failed on expression: 'pred(*previous, *i)'
Assertion failed on expression: 'pred(*previous, *i)'
Assertion failed on expression: 'pred(*previous, *i)'
Assertion failed on expression: 'pred(*previous, *i)'
Assertion failed on expression: 'pred(*previous, *i)'
Assertion failed on expression: 'pred(*previous, *i)'
Assertion failed on expression: 'pred(*previous, *i)'
Assertion failed on expression: 'pred(*previous, *i)'
Assertion failed on expression: 'pred(*previous, *i)'
Assertion failed on expression: 'pred(*previous, *i)'
Assertion failed on expression: 'pred(*previous, *i)'
Assertion failed on expression: 'pred(*previous, *i)'
Assertion failed on expression: 'pred(*previous, *i)'
Assertion failed on expression: 'pred(*previous, *i)'
Assertion failed on expression: 'pred(*previous, *i)'
Assertion failed on expression: 'pred(*previous, *i)'
Assertion failed on expression: 'pred(*previous, *i)'
Assertion failed on expression: 'pred(*previous, *i)'
Assertion failed on expression: 'pred(*previous, *i)'
Assertion failed on expression: 'pred(*previous, *i)'
Assertion failed on expression: 'pred(*previous, *i)'
Assertion failed on expression: 'pred(*previous, *i)'
Assertion failed on expression: 'pred(*previous, *i)'
Assertion failed on expression: 'pred(*previous, *i)'
Assertion failed on expression: 'pred(*previous, *i)'
Assertion failed on expression: 'pred(*previous, *i)'
Assertion failed on expression: 'pred(*previous, *i)'
Assertion failed on expression: 'pred(*previous, *i)'
Assertion failed on expression: 'pred(*previous, *i)'
Assertion failed on expression: 'pred(*previous, *i)'
Assertion failed on expression: 'pred(*previous, *i)'
Assertion failed on expression: 'pred(*previous, *i)'
Assertion failed on expression: 'pred(*previous, *i)'
Assertion failed on expression: 'pred(*previous, *i)'
Assertion failed on expression: 'pred(*previous, *i)'
Assertion failed on expression: 'pred(*previous, *i)'
Assertion failed on expression: 'pred(*previous, *i)'
Assertion failed on expression: 'pred(*previous, *i)'
Assertion failed on expression: 'pred(*previous, *i)'
Assertion failed on expression: 'pred(*previous, *i)'
Assertion failed on expression: 'pred(*previous, *i)'
Assertion failed on expression: 'pred(*previous, *i)'
Assertion failed on expression: 'pred(*previous, *i)'
Assertion failed on expression: 'pred(*previous, *i)'
Assertion failed on expression: 'pred(*previous, *i)'
Assertion failed on expression: 'pred(*previous, *i)'
Assertion failed on expression: 'pred(*previous, *i)'
Assertion failed on expression: 'pred(*previous, *i)'
Assertion failed on expression: 'pred(*previous, *i)'
Assertion failed on expression: 'pred(*previous, *i)'
Assertion failed on expression: 'pred(*previous, *i)'
Assertion failed on expression: 'pred(*previous, *i)'
Assertion failed on expression: 'pred(*previous, *i)'
Assertion failed on expression: 'pred(*previous, *i)'
Assertion failed on expression: 'pred(*previous, *i)'
Assertion failed on expression: 'pred(*previous, *i)'
Assertion failed on expression: 'pred(*previous, *i)'
Assertion failed on expression: 'pred(*previous, *i)'
Assertion failed on expression: 'pred(*previous, *i)'
Assertion failed on expression: 'pred(*previous, *i)'
Assertion failed on expression: 'pred(*previous, *i)'
Assertion failed on expression: 'pred(*previous, *i)'
Assertion failed on expression: 'pred(*previous, *i)'
Assertion failed on expression: 'pred(*previous, *i)'
Assertion failed on expression: 'pred(*previous, *i)'
Assertion failed on expression: 'pred(*previous, *i)'
Assertion failed on expression: 'pred(*previous, *i)'
Assertion failed on expression: 'pred(*previous, *i)'
Assertion failed on expression: 'pred(*previous, *i)'
Assertion failed on expression: 'pred(*previous, *i)'
Assertion failed on expression: 'pred(*previous, *i)'
Assertion failed on expression: 'pred(*previous, *i)'
Assertion failed on expression: 'pred(*previous, *i)'
Assertion failed on expression: 'pred(*previous, *i)'
Assertion failed on expression: 'pred(*previous, *i)'
Assertion failed on expression: 'pred(*previous, *i)'
Assertion failed on expression: 'pred(*previous, *i)'
Assertion failed on expression: 'pred(*previous, *i)'
Assertion failed on expression: 'pred(*previous, *i)'
Assertion failed on expression: 'pred(*previous, *i)'
Assertion failed on expression: 'pred(*previous, *i)'
Assertion failed on expression: 'pred(*previous, *i)'
Assertion failed on expression: 'pred(*previous, *i)'
Assertion failed on expression: 'pred(*previous, *i)'
Assertion failed on expression: 'pred(*previous, *i)'
Assertion failed on expression: 'pred(*previous, *i)'
Assertion failed on expression: 'pred(*previous, *i)'
Assertion failed on expression: 'pred(*previous, *i)'
Assertion failed on expression: 'pred(*previous, *i)'
Assertion failed on expression: 'pred(*previous, *i)'
Assertion failed on expression: 'pred(*previous, *i)'
Assertion failed on expression: 'pred(*previous, *i)'
Assertion failed on expression: 'pred(*previous, *i)'
Assertion failed on expression: 'pred(*previous, *i)'
Assertion failed on expression: 'pred(*previous, *i)'
Assertion failed on expression: 'pred(*previous, *i)'
Assertion failed on expression: 'pred(*previous, *i)'
Assertion failed on expression: 'pred(*previous, *i)'
Assertion failed on expression: 'pred(*previous, *i)'
Assertion failed on expression: 'pred(*previous, *i)'
Assertion failed on expression: 'pred(*previous, *i)'
Assertion failed on expression: 'pred(*previous, *i)'
Assertion failed on expression: 'pred(*previous, *i)'
Assertion failed on expression: 'pred(*previous, *i)'
Assertion failed on expression: 'pred(*previous, *i)'
Assertion failed on expression: 'pred(*previous, *i)'
Assertion failed on expression: 'pred(*previous, *i)'
Assertion failed on expression: 'pred(*previous, *i)'
Assertion failed on expression: 'pred(*previous, *i)'
Assertion failed on expression: 'pred(*previous, *i)'
Assertion failed on expression: 'pred(*previous, *i)'
Assertion failed on expression: 'pred(*previous, *i)'
Assertion failed on expression: 'pred(*previous, *i)'
Assertion failed on expression: 'pred(*previous, *i)'
Assertion failed on expression: 'pred(*previous, *i)'
Assertion failed on expression: 'pred(*previous, *i)'
Assertion failed on expression: 'pred(*previous, *i)'
Assertion failed on expression: 'pred(*previous, *i)'
Assertion failed on expression: 'pred(*previous, *i)'
Assertion failed on expression: 'pred(*previous, *i)'
Assertion failed on expression: 'pred(*previous, *i)'
Assertion failed on expression: 'pred(*previous, *i)'
Assertion failed on expression: 'pred(*previous, *i)'
Assertion failed on expression: 'pred(*previous, *i)'
Assertion failed on expression: 'pred(*previous, *i)'
Assertion failed on expression: 'pred(*previous, *i)'
Assertion failed on expression: 'pred(*previous, *i)'
Assertion failed on expression: 'pred(*previous, *i)'
Assertion failed on expression: 'pred(*previous, *i)'
Assertion failed on expression: 'pred(*previous, *i)'
Assertion failed on expression: 'pred(*previous, *i)'
Assertion failed on expression: 'pred(*previous, *i)'
Assertion failed on expression: 'pred(*previous, *i)'
Assertion failed on expression: 'pred(*previous, *i)'
Assertion failed on expression: 'pred(*previous, *i)'
Assertion failed on expression: 'pred(*previous, *i)'
Assertion failed on expression: 'pred(*previous, *i)'
Assertion failed on expression: 'pred(*previous, *i)'
Assertion failed on expression: 'pred(*previous, *i)'
Assertion failed on expression: 'pred(*previous, *i)'
Assertion failed on expression: 'pred(*previous, *i)'
Assertion failed on expression: 'pred(*previous, *i)'
Assertion failed on expression: 'pred(*previous, *i)'
Assertion failed on expression: 'pred(*previous, *i)'
Assertion failed on expression: 'pred(*previous, *i)'
Assertion failed on expression: 'pred(*previous, *i)'
Assertion failed on expression: 'pred(*previous, *i)'
Assertion failed on expression: 'pred(*previous, *i)'
Assertion failed on expression: 'pred(*previous, *i)'
Assertion failed on expression: 'pred(*previous, *i)'
Assertion failed on expression: 'pred(*previous, *i)'
Assertion failed on expression: 'pred(*previous, *i)'
Assertion failed on expression: 'pred(*previous, *i)'
Assertion failed on expression: 'pred(*previous, *i)'
Assertion failed on expression: 'pred(*previous, *i)'
Assertion failed on expression: 'pred(*previous, *i)'
Assertion failed on expression: 'pred(*previous, *i)'
Assertion failed on expression: 'pred(*previous, *i)'
Assertion failed on expression: 'pred(*previous, *i)'
Assertion failed on expression: 'pred(*previous, *i)'
Assertion failed on expression: 'pred(*previous, *i)'
Assertion failed on expression: 'pred(*previous, *i)'
Assertion failed on expression: 'pred(*previous, *i)'
Assertion failed on expression: 'pred(*previous, *i)'
Assertion failed on expression: 'pred(*previous, *i)'
Assertion failed on expression: 'pred(*previous, *i)'
Assertion failed on expression: 'pred(*previous, *i)'
Assertion failed on expression: 'pred(*previous, *i)'
Assertion failed on expression: 'pred(*previous, *i)'
Assertion failed on expression: 'pred(*previous, *i)'
Assertion failed on expression: 'pred(*previous, *i)'
Assertion failed on expression: 'pred(*previous, *i)'
Assertion failed on expression: 'pred(*previous, *i)'
Assertion failed on expression: 'pred(*previous, *i)'
Assertion failed on expression: 'pred(*previous, *i)'
Assertion failed on expression: 'pred(*previous, *i)'
Assertion failed on expression: 'pred(*previous, *i)'
Assertion failed on expression: 'pred(*previous, *i)'
Assertion failed on expression: 'pred(*previous, *i)'
Assertion failed on expression: 'pred(*previous, *i)'
Assertion failed on expression: 'pred(*previous, *i)'
Assertion failed on expression: 'pred(*previous, *i)'
Assertion failed on expression: 'pred(*previous, *i)'
Assertion failed on expression: 'pred(*previous, *i)'
Assertion failed on expression: 'pred(*previous, *i)'
Assertion failed on expression: 'pred(*previous, *i)'
Assertion failed on expression: 'pred(*previous, *i)'
Assertion failed on expression: 'pred(*previous, *i)'
Assertion failed on expression: 'pred(*previous, *i)'
Assertion failed on expression: 'pred(*previous, *i)'
Assertion failed on expression: 'pred(*previous, *i)'
Assertion failed on expression: 'pred(*previous, *i)'
Assertion failed on expression: 'pred(*previous, *i)'
Assertion failed on expression: 'pred(*previous, *i)'
Assertion failed on expression: 'pred(*previous, *i)'
Assertion failed on expression: 'pred(*previous, *i)'
Assertion failed on expression: 'pred(*previous, *i)'
Assertion failed on expression: 'pred(*previous, *i)'
Assertion failed on expression: 'pred(*previous, *i)'
Assertion failed on expression: 'pred(*previous, *i)'
Assertion failed on expression: 'pred(*previous, *i)'
Assertion failed on expression: 'pred(*previous, *i)'
Assertion failed on expression: 'pred(*previous, *i)'
Assertion failed on expression: 'pred(*previous, *i)'
Assertion failed on expression: 'pred(*previous, *i)'
Assertion failed on expression: 'pred(*previous, *i)'
Assertion failed on expression: 'pred(*previous, *i)'
Assertion failed on expression: 'pred(*previous, *i)'
Assertion failed on expression: 'pred(*previous, *i)'
Assertion failed on expression: 'pred(*previous, *i)'
Assertion failed on expression: 'pred(*previous, *i)'
Assertion failed on expression: 'pred(*previous, *i)'
Assertion failed on expression: 'pred(*previous, *i)'
Assertion failed on expression: 'pred(*previous, *i)'
Assertion failed on expression: 'pred(*previous, *i)'
Assertion failed on expression: 'pred(*previous, *i)'
Assertion failed on expression: 'pred(*previous, *i)'
Assertion failed on expression: 'pred(*previous, *i)'
Assertion failed on expression: 'pred(*previous, *i)'
Assertion failed on expression: 'pred(*previous, *i)'
Assertion failed on expression: 'pred(*previous, *i)'
Assertion failed on expression: 'pred(*previous, *i)'
Assertion failed on expression: 'pred(*previous, *i)'
Assertion failed on expression: 'pred(*previous, *i)'
Assertion failed on expression: 'pred(*previous, *i)'
Assertion failed on expression: 'pred(*previous, *i)'
Assertion failed on expression: 'pred(*previous, *i)'
Assertion failed on expression: 'pred(*previous, *i)'
Assertion failed on expression: 'pred(*previous, *i)'
Assertion failed on expression: 'pred(*previous, *i)'
Assertion failed on expression: 'pred(*previous, *i)'
Assertion failed on expression: 'pred(*previous, *i)'
Assertion failed on expression: 'pred(*previous, *i)'
Assertion failed on expression: 'pred(*previous, *i)'
Assertion failed on expression: 'pred(*previous, *i)'
Assertion failed on expression: 'pred(*previous, *i)'
Assertion failed on expression: 'pred(*previous, *i)'
Assertion failed on expression: 'pred(*previous, *i)'
Assertion failed on expression: 'pred(*previous, *i)'
Assertion failed on expression: 'pred(*previous, *i)'
Assertion failed on expression: 'pred(*previous, *i)'
Assertion failed on expression: 'pred(*previous, *i)'
Assertion failed on expression: 'pred(*previous, *i)'
Assertion failed on expression: 'pred(*previous, *i)'
Assertion failed on expression: 'pred(*previous, *i)'
Assertion failed on expression: 'pred(*previous, *i)'
Assertion failed on expression: 'pred(*previous, *i)'
Assertion failed on expression: 'pred(*previous, *i)'
Assertion failed on expression: 'pred(*previous, *i)'
Assertion failed on expression: 'pred(*previous, *i)'
Assertion failed on expression: 'pred(*previous, *i)'
Assertion failed on expression: 'pred(*previous, *i)'
Assertion failed on expression: 'pred(*previous, *i)'
Assertion failed on expression: 'pred(*previous, *i)'
Assertion failed on expression: 'pred(*previous, *i)'
Assertion failed on expression: 'pred(*previous, *i)'
Assertion failed on expression: 'pred(*previous, *i)'
Assertion failed on expression: 'pred(*previous, *i)'
Assertion failed on expression: 'pred(*previous, *i)'
Assertion failed on expression: 'pred(*previous, *i)'
Assertion failed on expression: 'pred(*previous, *i)'
Assertion failed on expression: 'pred(*previous, *i)'
Assertion failed on expression: 'pred(*previous, *i)'
Assertion failed on expression: 'pred(*previous, *i)'
Assertion failed on expression: 'pred(*previous, *i)'
Assertion failed on expression: 'pred(*previous, *i)'
Assertion failed on expression: 'pred(*previous, *i)'
Assertion failed on expression: 'pred(*previous, *i)'
Assertion failed on expression: 'pred(*previous, *i)'
Assertion failed on expression: 'pred(*previous, *i)'
Assertion failed on expression: 'pred(*previous, *i)'
Assertion failed on expression: 'pred(*previous, *i)'
Assertion failed on expression: 'pred(*previous, *i)'
Assertion failed on expression: 'pred(*previous, *i)'
Assertion failed on expression: 'pred(*previous, *i)'
Assertion failed on expression: 'pred(*previous, *i)'
Assertion failed on expression: 'pred(*previous, *i)'
Assertion failed on expression: 'pred(*previous, *i)'
Assertion failed on expression: 'pred(*previous, *i)'
Assertion failed on expression: 'pred(*previous, *i)'
Assertion failed on expression: 'pred(*previous, *i)'
Assertion failed on expression: 'pred(*previous, *i)'
Assertion failed on expression: 'pred(*previous, *i)'
Assertion failed on expression: 'pred(*previous, *i)'
Assertion failed on expression: 'pred(*previous, *i)'
Assertion failed on expression: 'pred(*previous, *i)'
Assertion failed on expression: 'pred(*previous, *i)'
Assertion failed on expression: 'pred(*previous, *i)'
Assertion failed on expression: 'pred(*previous, *i)'
Assertion failed on expression: 'pred(*previous, *i)'
Assertion failed on expression: 'pred(*previous, *i)'
Assertion failed on expression: 'pred(*previous, *i)'
Assertion failed on expression: 'pred(*previous, *i)'
Assertion failed on expression: 'pred(*previous, *i)'
Assertion failed on expression: 'pred(*previous, *i)'
Assertion failed on expression: 'pred(*previous, *i)'
Assertion failed on expression: 'pred(*previous, *i)'
Assertion failed on expression: 'pred(*previous, *i)'
Assertion failed on expression: 'pred(*previous, *i)'
Assertion failed on expression: 'pred(*previous, *i)'
Assertion failed on expression: 'pred(*previous, *i)'
Assertion failed on expression: 'pred(*previous, *i)'
Assertion failed on expression: 'pred(*previous, *i)'
Assertion failed on expression: 'pred(*previous, *i)'
Assertion failed on expression: 'pred(*previous, *i)'
Assertion failed on expression: 'pred(*previous, *i)'
Assertion failed on expression: 'pred(*previous, *i)'
Assertion failed on expression: 'pred(*previous, *i)'
Assertion failed on expression: 'pred(*previous, *i)'
Assertion failed on expression: 'pred(*previous, *i)'
Assertion failed on expression: 'pred(*previous, *i)'
Assertion failed on expression: 'pred(*previous, *i)'
Assertion failed on expression: 'pred(*previous, *i)'
Assertion failed on expression: 'pred(*previous, *i)'
Assertion failed on expression: 'pred(*previous, *i)'
Assertion failed on expression: 'pred(*previous, *i)'
Assertion failed on expression: 'pred(*previous, *i)'
Assertion failed on expression: 'pred(*previous, *i)'
Assertion failed on expression: 'pred(*previous, *i)'
Assertion failed on expression: 'pred(*previous, *i)'
Assertion failed on expression: 'pred(*previous, *i)'
Assertion failed on expression: 'pred(*previous, *i)'
Assertion failed on expression: 'pred(*previous, *i)'
Assertion failed on expression: 'pred(*previous, *i)'
Assertion failed on expression: 'pred(*previous, *i)'
Assertion failed on expression: 'pred(*previous, *i)'
Assertion failed on expression: 'pred(*previous, *i)'
Assertion failed on expression: 'pred(*previous, *i)'
Assertion failed on expression: 'pred(*previous, *i)'
Assertion failed on expression: 'pred(*previous, *i)'
Assertion failed on expression: 'pred(*previous, *i)'
Assertion failed on expression: 'pred(*previous, *i)'
Assertion failed on expression: 'pred(*previous, *i)'
Assertion failed on expression: 'pred(*previous, *i)'
Assertion failed on expression: 'pred(*previous, *i)'
Assertion failed on expression: 'pred(*previous, *i)'
Assertion failed on expression: 'pred(*previous, *i)'
Assertion failed on expression: 'pred(*previous, *i)'
Assertion failed on expression: 'pred(*previous, *i)'
Assertion failed on expression: 'pred(*previous, *i)'
Assertion failed on expression: 'pred(*previous, *i)'
Assertion failed on expression: 'pred(*previous, *i)'
Assertion failed on expression: 'pred(*previous, *i)'
Assertion failed on expression: 'pred(*previous, *i)'
Assertion failed on expression: 'pred(*previous, *i)'
Assertion failed on expression: 'pred(*previous, *i)'
Assertion failed on expression: 'pred(*previous, *i)'
Assertion failed on expression: 'pred(*previous, *i)'
Assertion failed on expression: 'pred(*previous, *i)'
Assertion failed on expression: 'pred(*previous, *i)'
Assertion failed on expression: 'pred(*previous, *i)'
Assertion failed on expression: 'pred(*previous, *i)'
Assertion failed on expression: 'pred(*previous, *i)'
Assertion failed on expression: 'pred(*previous, *i)'
Assertion failed on expression: 'pred(*previous, *i)'
Assertion failed on expression: 'pred(*previous, *i)'
Assertion failed on expression: 'pred(*previous, *i)'
Assertion failed on expression: 'pred(*previous, *i)'
Assertion failed on expression: 'pred(*previous, *i)'
Assertion failed on expression: 'pred(*previous, *i)'
Assertion failed on expression: 'pred(*previous, *i)'
Assertion failed on expression: 'pred(*previous, *i)'
Assertion failed on expression: 'pred(*previous, *i)'
Assertion failed on expression: 'pred(*previous, *i)'
Assertion failed on expression: 'pred(*previous, *i)'
Assertion failed on expression: 'pred(*previous, *i)'
Assertion failed on expression: 'pred(*previous, *i)'
Assertion failed on expression: 'pred(*previous, *i)'
Assertion failed on expression: 'pred(*previous, *i)'
Assertion failed on expression: 'pred(*previous, *i)'
Assertion failed on expression: 'pred(*previous, *i)'
Assertion failed on expression: 'pred(*previous, *i)'
Assertion failed on expression: 'pred(*previous, *i)'
Assertion failed on expression: 'pred(*previous, *i)'
Assertion failed on expression: 'pred(*previous, *i)'
Assertion failed on expression: 'pred(*previous, *i)'
Assertion failed on expression: 'pred(*previous, *i)'
Assertion failed on expression: 'pred(*previous, *i)'
Assertion failed on expression: 'pred(*previous, *i)'
Assertion failed on expression: 'pred(*previous, *i)'
Assertion failed on expression: 'pred(*previous, *i)'
Assertion failed on expression: 'pred(*previous, *i)'
Assertion failed on expression: 'pred(*previous, *i)'
Assertion failed on expression: 'pred(*previous, *i)'
Assertion failed on expression: 'pred(*previous, *i)'
Assertion failed on expression: 'pred(*previous, *i)'
Assertion failed on expression: 'pred(*previous, *i)'
Assertion failed on expression: 'pred(*previous, *i)'
Assertion failed on expression: 'pred(*previous, *i)'
Assertion failed on expression: 'pred(*previous, *i)'
Assertion failed on expression: 'pred(*previous, *i)'
Assertion failed on expression: 'pred(*previous, *i)'
Assertion failed on expression: 'pred(*previous, *i)'
Assertion failed on expression: 'pred(*previous, *i)'
Assertion failed on expression: 'pred(*previous, *i)'
Assertion failed on expression: 'pred(*previous, *i)'
Assertion failed on expression: 'pred(*previous, *i)'
Assertion failed on expression: 'pred(*previous, *i)'
Assertion failed on expression: 'pred(*previous, *i)'
Assertion failed on expression: 'pred(*previous, *i)'
Assertion failed on expression: 'pred(*previous, *i)'
Assertion failed on expression: 'pred(*previous, *i)'
Assertion failed on expression: 'pred(*previous, *i)'
Assertion failed on expression: 'pred(*previous, *i)'
Assertion failed on expression: 'pred(*previous, *i)'
Assertion failed on expression: 'pred(*previous, *i)'
Assertion failed on expression: 'pred(*previous, *i)'
Assertion failed on expression: 'pred(*previous, *i)'
Assertion failed on expression: 'pred(*previous, *i)'
Assertion failed on expression: 'pred(*previous, *i)'
Assertion failed on expression: 'pred(*previous, *i)'
Assertion failed on expression: 'pred(*previous, *i)'
Assertion failed on expression: 'pred(*previous, *i)'
Assertion failed on expression: 'pred(*previous, *i)'
Assertion failed on expression: 'pred(*previous, *i)'
Assertion failed on expression: 'pred(*previous, *i)'
Assertion failed on expression: 'pred(*previous, *i)'
Assertion failed on expression: 'pred(*previous, *i)'
Assertion failed on expression: 'pred(*previous, *i)'
Assertion failed on expression: 'pred(*previous, *i)'
Assertion failed on expression: 'pred(*previous, *i)'
Assertion failed on expression: 'pred(*previous, *i)'
Assertion failed on expression: 'pred(*previous, *i)'
Assertion failed on expression: 'pred(*previous, *i)'
Assertion failed on expression: 'pred(*previous, *i)'
Assertion failed on expression: 'pred(*previous, *i)'
Assertion failed on expression: 'pred(*previous, *i)'
Assertion failed on expression: 'pred(*previous, *i)'
Assertion failed on expression: 'pred(*previous, *i)'
Assertion failed on expression: 'pred(*previous, *i)'
Assertion failed on expression: 'pred(*previous, *i)'
Assertion failed on expression: 'pred(*previous, *i)'
Assertion failed on expression: 'pred(*previous, *i)'
Assertion failed on expression: 'pred(*previous, *i)'
Assertion failed on expression: 'pred(*previous, *i)'
Assertion failed on expression: 'pred(*previous, *i)'
Assertion failed on expression: 'pred(*previous, *i)'
Assertion failed on expression: 'pred(*previous, *i)'
Assertion failed on expression: 'pred(*previous, *i)'
Assertion failed on expression: 'pred(*previous, *i)'
Assertion failed on expression: 'pred(*previous, *i)'
Assertion failed on expression: 'pred(*previous, *i)'
Assertion failed on expression: 'pred(*previous, *i)'
Assertion failed on expression: 'pred(*previous, *i)'
Assertion failed on expression: 'pred(*previous, *i)'
Assertion failed on expression: 'pred(*previous, *i)'
Assertion failed on expression: 'pred(*previous, *i)'
Assertion failed on expression: 'pred(*previous, *i)'
Assertion failed on expression: 'pred(*previous, *i)'
Assertion failed on expression: 'pred(*previous, *i)'
Assertion failed on expression: 'pred(*previous, *i)'
Assertion failed on expression: 'pred(*previous, *i)'
Assertion failed on expression: 'pred(*previous, *i)'
Assertion failed on expression: 'pred(*previous, *i)'
Assertion failed on expression: 'pred(*previous, *i)'
Assertion failed on expression: 'pred(*previous, *i)'
Assertion failed on expression: 'pred(*previous, *i)'
Assertion failed on expression: 'pred(*previous, *i)'
Assertion failed on expression: 'pred(*previous, *i)'
Assertion failed on expression: 'pred(*previous, *i)'
Assertion failed on expression: 'pred(*previous, *i)'
Assertion failed on expression: 'pred(*previous, *i)'
Assertion failed on expression: 'pred(*previous, *i)'
Assertion failed on expression: 'pred(*previous, *i)'
Assertion failed on expression: 'pred(*previous, *i)'
Assertion failed on expression: 'pred(*previous, *i)'
Assertion failed on expression: 'pred(*previous, *i)'
Assertion failed on expression: 'pred(*previous, *i)'
Assertion failed on expression: 'pred(*previous, *i)'
Assertion failed on expression: 'pred(*previous, *i)'
Assertion failed on expression: 'pred(*previous, *i)'
Assertion failed on expression: 'pred(*previous, *i)'
Assertion failed on expression: 'pred(*previous, *i)'
Assertion failed on expression: 'pred(*previous, *i)'
Assertion failed on expression: 'pred(*previous, *i)'
Assertion failed on expression: 'pred(*previous, *i)'
Assertion failed on expression: 'pred(*previous, *i)'
Assertion failed on expression: 'pred(*previous, *i)'
Assertion failed on expression: 'pred(*previous, *i)'
Assertion failed on expression: 'pred(*previous, *i)'
Assertion failed on expression: 'pred(*previous, *i)'
Assertion failed on expression: 'pred(*previous, *i)'
Assertion failed on expression: 'pred(*previous, *i)'
Assertion failed on expression: 'pred(*previous, *i)'
Assertion failed on expression: 'pred(*previous, *i)'
Assertion failed on expression: 'pred(*previous, *i)'
Assertion failed on expression: 'pred(*previous, *i)'
Assertion failed on expression: 'pred(*previous, *i)'
Assertion failed on expression: 'pred(*previous, *i)'
Assertion failed on expression: 'pred(*previous, *i)'
Assertion failed on expression: 'pred(*previous, *i)'
Assertion failed on expression: 'pred(*previous, *i)'
Assertion failed on expression: 'pred(*previous, *i)'
Assertion failed on expression: 'pred(*previous, *i)'
Assertion failed on expression: 'pred(*previous, *i)'
Assertion failed on expression: 'pred(*previous, *i)'
Assertion failed on expression: 'pred(*previous, *i)'
Assertion failed on expression: 'pred(*previous, *i)'
Assertion failed on expression: 'pred(*previous, *i)'
Assertion failed on expression: 'pred(*previous, *i)'
Assertion failed on expression: 'pred(*previous, *i)'
Assertion failed on expression: 'pred(*previous, *i)'
Assertion failed on expression: 'pred(*previous, *i)'
Assertion failed on expression: 'pred(*previous, *i)'
Assertion failed on expression: 'pred(*previous, *i)'
Assertion failed on expression: 'pred(*previous, *i)'
Assertion failed on expression: 'pred(*previous, *i)'
Assertion failed on expression: 'pred(*previous, *i)'
Assertion failed on expression: 'pred(*previous, *i)'
Assertion failed on expression: 'pred(*previous, *i)'
Assertion failed on expression: 'pred(*previous, *i)'
Assertion failed on expression: 'pred(*previous, *i)'
Assertion failed on expression: 'pred(*previous, *i)'
Assertion failed on expression: 'pred(*previous, *i)'
Assertion failed on expression: 'pred(*previous, *i)'
Assertion failed on expression: 'pred(*previous, *i)'
Assertion failed on expression: 'pred(*previous, *i)'
Assertion failed on expression: 'pred(*previous, *i)'
Assertion failed on expression: 'pred(*previous, *i)'
Assertion failed on expression: 'pred(*previous, *i)'
Assertion failed on expression: 'pred(*previous, *i)'
Assertion failed on expression: 'pred(*previous, *i)'
Assertion failed on expression: 'pred(*previous, *i)'
Assertion failed on expression: 'pred(*previous, *i)'
Assertion failed on expression: 'pred(*previous, *i)'
Assertion failed on expression: 'pred(*previous, *i)'
Assertion failed on expression: 'pred(*previous, *i)'
Assertion failed on expression: 'pred(*previous, *i)'
Assertion failed on expression: 'pred(*previous, *i)'
Assertion failed on expression: 'pred(*previous, *i)'
Assertion failed on expression: 'pred(*previous, *i)'
Assertion failed on expression: 'pred(*previous, *i)'
Assertion failed on expression: 'pred(*previous, *i)'
Assertion failed on expression: 'pred(*previous, *i)'
Assertion failed on expression: 'pred(*previous, *i)'
Assertion failed on expression: 'pred(*previous, *i)'
Assertion failed on expression: 'pred(*previous, *i)'
Assertion failed on expression: 'pred(*previous, *i)'
Assertion failed on expression: 'pred(*previous, *i)'
Assertion failed on expression: 'pred(*previous, *i)'
Assertion failed on expression: 'pred(*previous, *i)'
Assertion failed on expression: 'pred(*previous, *i)'
Assertion failed on expression: 'pred(*previous, *i)'
Assertion failed on expression: 'pred(*previous, *i)'
Assertion failed on expression: 'pred(*previous, *i)'
Assertion failed on expression: 'pred(*previous, *i)'
Assertion failed on expression: 'pred(*previous, *i)'
Assertion failed on expression: 'pred(*previous, *i)'
Assertion failed on expression: 'pred(*previous, *i)'
Assertion failed on expression: 'pred(*previous, *i)'
Assertion failed on expression: 'pred(*previous, *i)'
Assertion failed on expression: 'pred(*previous, *i)'
Assertion failed on expression: 'pred(*previous, *i)'
Assertion failed on expression: 'pred(*previous, *i)'
Assertion failed on expression: 'pred(*previous, *i)'
Assertion failed on expression: 'pred(*previous, *i)'
Assertion failed on expression: 'pred(*previous, *i)'
Assertion failed on expression: 'pred(*previous, *i)'
Assertion failed on expression: 'pred(*previous, *i)'
Assertion failed on expression: 'pred(*previous, *i)'
Assertion failed on expression: 'pred(*previous, *i)'
Assertion failed on expression: 'pred(*previous, *i)'
Assertion failed on expression: 'pred(*previous, *i)'
Assertion failed on expression: 'pred(*previous, *i)'
Assertion failed on expression: 'pred(*previous, *i)'
Assertion failed on expression: 'pred(*previous, *i)'
Assertion failed on expression: 'pred(*previous, *i)'
Assertion failed on expression: 'pred(*previous, *i)'
Assertion failed on expression: 'pred(*previous, *i)'
Assertion failed on expression: 'pred(*previous, *i)'
Assertion failed on expression: 'pred(*previous, *i)'
Assertion failed on expression: 'pred(*previous, *i)'
Assertion failed on expression: 'pred(*previous, *i)'
Assertion failed on expression: 'pred(*previous, *i)'
Assertion failed on expression: 'pred(*previous, *i)'
Assertion failed on expression: 'pred(*previous, *i)'
Assertion failed on expression: 'pred(*previous, *i)'
Assertion failed on expression: 'pred(*previous, *i)'
Assertion failed on expression: 'pred(*previous, *i)'
Assertion failed on expression: 'pred(*previous, *i)'
Assertion failed on expression: 'pred(*previous, *i)'
Assertion failed on expression: 'pred(*previous, *i)'
Assertion failed on expression: 'pred(*previous, *i)'
Assertion failed on expression: 'pred(*previous, *i)'
Assertion failed on expression: 'pred(*previous, *i)'
Assertion failed on expression: 'pred(*previous, *i)'
Assertion failed on expression: 'pred(*previous, *i)'
Assertion failed on expression: 'pred(*previous, *i)'
Assertion failed on expression: 'pred(*previous, *i)'
Assertion failed on expression: 'pred(*previous, *i)'
Assertion failed on expression: 'pred(*previous, *i)'
Assertion failed on expression: 'pred(*previous, *i)'
Assertion failed on expression: 'pred(*previous, *i)'
Assertion failed on expression: 'pred(*previous, *i)'
Assertion failed on expression: 'pred(*previous, *i)'
Assertion failed on expression: 'pred(*previous, *i)'
Assertion failed on expression: 'pred(*previous, *i)'
Assertion failed on expression: 'pred(*previous, *i)'
Assertion failed on expression: 'pred(*previous, *i)'
Assertion failed on expression: 'pred(*previous, *i)'
Assertion failed on expression: 'pred(*previous, *i)'
Assertion failed on expression: 'pred(*previous, *i)'
Assertion failed on expression: 'pred(*previous, *i)'
Assertion failed on expression: 'pred(*previous, *i)'
Assertion failed on expression: 'pred(*previous, *i)'
Assertion failed on expression: 'pred(*previous, *i)'
Assertion failed on expression: 'pred(*previous, *i)'
Assertion failed on expression: 'pred(*previous, *i)'
Assertion failed on expression: 'pred(*previous, *i)'
Assertion failed on expression: 'pred(*previous, *i)'
Assertion failed on expression: 'pred(*previous, *i)'
Assertion failed on expression: 'pred(*previous, *i)'
Assertion failed on expression: 'pred(*previous, *i)'
Assertion failed on expression: 'pred(*previous, *i)'
Assertion failed on expression: 'pred(*previous, *i)'
Assertion failed on expression: 'pred(*previous, *i)'
Assertion failed on expression: 'pred(*previous, *i)'
Assertion failed on expression: 'pred(*previous, *i)'
Assertion failed on expression: 'pred(*previous, *i)'
Assertion failed on expression: 'pred(*previous, *i)'
Assertion failed on expression: 'pred(*previous, *i)'
Assertion failed on expression: 'pred(*previous, *i)'
Assertion failed on expression: 'pred(*previous, *i)'
Assertion failed on expression: 'pred(*previous, *i)'
Assertion failed on expression: 'pred(*previous, *i)'
Assertion failed on expression: 'pred(*previous, *i)'
Assertion failed on expression: 'pred(*previous, *i)'
Assertion failed on expression: 'pred(*previous, *i)'
Assertion failed on expression: 'pred(*previous, *i)'
Assertion failed on expression: 'pred(*previous, *i)'
Assertion failed on expression: 'pred(*previous, *i)'
Assertion failed on expression: 'pred(*previous, *i)'
Assertion failed on expression: 'pred(*previous, *i)'
Assertion failed on expression: 'pred(*previous, *i)'
Assertion failed on expression: 'pred(*previous, *i)'
Assertion failed on expression: 'pred(*previous, *i)'
Assertion failed on expression: 'pred(*previous, *i)'
Assertion failed on expression: 'pred(*previous, *i)'
Assertion failed on expression: 'pred(*previous, *i)'
Assertion failed on expression: 'pred(*previous, *i)'
Assertion failed on expression: 'pred(*previous, *i)'
Assertion failed on expression: 'pred(*previous, *i)'
Assertion failed on expression: 'pred(*previous, *i)'
Assertion failed on expression: 'pred(*previous, *i)'
Assertion failed on expression: 'pred(*previous, *i)'
Assertion failed on expression: 'pred(*previous, *i)'
Assertion failed on expression: 'pred(*previous, *i)'
Assertion failed on expression: 'pred(*previous, *i)'
Assertion failed on expression: 'pred(*previous, *i)'
Assertion failed on expression: 'pred(*previous, *i)'
Assertion failed on expression: 'pred(*previous, *i)'
Assertion failed on expression: 'pred(*previous, *i)'
Assertion failed on expression: 'pred(*previous, *i)'
Assertion failed on expression: 'pred(*previous, *i)'
Assertion failed on expression: 'pred(*previous, *i)'
Assertion failed on expression: 'pred(*previous, *i)'
Assertion failed on expression: 'pred(*previous, *i)'
Assertion failed on expression: 'pred(*previous, *i)'
Assertion failed on expression: 'pred(*previous, *i)'
Assertion failed on expression: 'pred(*previous, *i)'
Assertion failed on expression: 'pred(*previous, *i)'
Assertion failed on expression: 'pred(*previous, *i)'
Assertion failed on expression: 'pred(*previous, *i)'
Assertion failed on expression: 'pred(*previous, *i)'
Assertion failed on expression: 'pred(*previous, *i)'
Assertion failed on expression: 'pred(*previous, *i)'
Assertion failed on expression: 'pred(*previous, *i)'
Assertion failed on expression: 'pred(*previous, *i)'
Assertion failed on expression: 'pred(*previous, *i)'
Assertion failed on expression: 'pred(*previous, *i)'
Assertion failed on expression: 'pred(*previous, *i)'
Assertion failed on expression: 'pred(*previous, *i)'
Assertion failed on expression: 'pred(*previous, *i)'
Assertion failed on expression: 'pred(*previous, *i)'
Assertion failed on expression: 'pred(*previous, *i)'
Assertion failed on expression: 'pred(*previous, *i)'
Assertion failed on expression: 'pred(*previous, *i)'
Assertion failed on expression: 'pred(*previous, *i)'
Assertion failed on expression: 'pred(*previous, *i)'
Assertion failed on expression: 'pred(*previous, *i)'
Assertion failed on expression: 'pred(*previous, *i)'
Assertion failed on expression: 'pred(*previous, *i)'
Assertion failed on expression: 'pred(*previous, *i)'
Assertion failed on expression: 'pred(*previous, *i)'
Assertion failed on expression: 'pred(*previous, *i)'
Assertion failed on expression: 'pred(*previous, *i)'
Assertion failed on expression: 'pred(*previous, *i)'
Assertion failed on expression: 'pred(*previous, *i)'
Assertion failed on expression: 'pred(*previous, *i)'
Assertion failed on expression: 'pred(*previous, *i)'
Assertion failed on expression: 'pred(*previous, *i)'
Assertion failed on expression: 'pred(*previous, *i)'
Assertion failed on expression: 'pred(*previous, *i)'
Assertion failed on expression: 'pred(*previous, *i)'
Assertion failed on expression: 'pred(*previous, *i)'
Assertion failed on expression: 'pred(*previous, *i)'
Assertion failed on expression: 'pred(*previous, *i)'
Assertion failed on expression: 'pred(*previous, *i)'
Assertion failed on expression: 'pred(*previous, *i)'
Assertion failed on expression: 'pred(*previous, *i)'
Assertion failed on expression: 'pred(*previous, *i)'
Assertion failed on expression: 'pred(*previous, *i)'
Assertion failed on expression: 'pred(*previous, *i)'
Assertion failed on expression: 'pred(*previous, *i)'
Assertion failed on expression: 'pred(*previous, *i)'
Assertion failed on expression: 'pred(*previous, *i)'
Assertion failed on expression: 'pred(*previous, *i)'
Assertion failed on expression: 'pred(*previous, *i)'
Assertion failed on expression: 'pred(*previous, *i)'
Assertion failed on expression: 'pred(*previous, *i)'
Assertion failed on expression: 'pred(*previous, *i)'
Assertion failed on expression: 'pred(*previous, *i)'
Assertion failed on expression: 'pred(*previous, *i)'
Assertion failed on expression: 'pred(*previous, *i)'
Assertion failed on expression: 'pred(*previous, *i)'
Assertion failed on expression: 'pred(*previous, *i)'
Assertion failed on expression: 'pred(*previous, *i)'
Assertion failed on expression: 'pred(*previous, *i)'
Assertion failed on expression: 'pred(*previous, *i)'
Assertion failed on expression: 'pred(*previous, *i)'
Assertion failed on expression: 'pred(*previous, *i)'
Assertion failed on expression: 'pred(*previous, *i)'
Assertion failed on expression: 'pred(*previous, *i)'
Assertion failed on expression: 'pred(*previous, *i)'
Assertion failed on expression: 'pred(*previous, *i)'
Assertion failed on expression: 'pred(*previous, *i)'
Assertion failed on expression: 'pred(*previous, *i)'
Assertion failed on expression: 'pred(*previous, *i)'
Assertion failed on expression: 'pred(*previous, *i)'
Assertion failed on expression: 'pred(*previous, *i)'
Assertion failed on expression: 'pred(*previous, *i)'
Assertion failed on expression: 'pred(*previous, *i)'
Assertion failed on expression: 'pred(*previous, *i)'
Assertion failed on expression: 'pred(*previous, *i)'
Assertion failed on expression: 'pred(*previous, *i)'
Assertion failed on expression: 'pred(*previous, *i)'
Assertion failed on expression: 'pred(*previous, *i)'
Assertion failed on expression: 'pred(*previous, *i)'
Assertion failed on expression: 'pred(*previous, *i)'
Assertion failed on expression: 'pred(*previous, *i)'
Assertion failed on expression: 'pred(*previous, *i)'
Assertion failed on expression: 'pred(*previous, *i)'
Assertion failed on expression: 'pred(*previous, *i)'
Assertion failed on expression: 'pred(*previous, *i)'
Assertion failed on expression: 'pred(*previous, *i)'
Assertion failed on expression: 'pred(*previous, *i)'
Assertion failed on expression: 'pred(*previous, *i)'
Assertion failed on expression: 'pred(*previous, *i)'
Assertion failed on expression: 'pred(*previous, *i)'
Assertion failed on expression: 'pred(*previous, *i)'
Assertion failed on expression: 'pred(*previous, *i)'
Assertion failed on expression: 'pred(*previous, *i)'
Assertion failed on expression: 'pred(*previous, *i)'
Assertion failed on expression: 'pred(*previous, *i)'
Assertion failed on expression: 'pred(*previous, *i)'
Assertion failed on expression: 'pred(*previous, *i)'
Assertion failed on expression: 'pred(*previous, *i)'
Assertion failed on expression: 'pred(*previous, *i)'
Assertion failed on expression: 'pred(*previous, *i)'
Assertion failed on expression: 'pred(*previous, *i)'
Assertion failed on expression: 'pred(*previous, *i)'
Assertion failed on expression: 'pred(*previous, *i)'
Assertion failed on expression: 'pred(*previous, *i)'
Assertion failed on expression: 'pred(*previous, *i)'
Assertion failed on expression: 'pred(*previous, *i)'
Assertion failed on expression: 'pred(*previous, *i)'
Assertion failed on expression: 'pred(*previous, *i)'
Assertion failed on expression: 'pred(*previous, *i)'
Assertion failed on expression: 'pred(*previous, *i)'
Assertion failed on expression: 'pred(*previous, *i)'
Assertion failed on expression: 'pred(*previous, *i)'
Assertion failed on expression: 'pred(*previous, *i)'
Assertion failed on expression: 'pred(*previous, *i)'
Assertion failed on expression: 'pred(*previous, *i)'
Assertion failed on expression: 'pred(*previous, *i)'
Assertion failed on expression: 'pred(*previous, *i)'
Assertion failed on expression: 'pred(*previous, *i)'
Assertion failed on expression: 'pred(*previous, *i)'
Assertion failed on expression: 'pred(*previous, *i)'
Assertion failed on expression: 'pred(*previous, *i)'
Assertion failed on expression: 'pred(*previous, *i)'
Assertion failed on expression: 'pred(*previous, *i)'
Assertion failed on expression: 'pred(*previous, *i)'
Assertion failed on expression: 'pred(*previous, *i)'
Assertion failed on expression: 'pred(*previous, *i)'
Assertion failed on expression: 'pred(*previous, *i)'
Assertion failed on expression: 'pred(*previous, *i)'
Assertion failed on expression: 'pred(*previous, *i)'
Assertion failed on expression: 'pred(*previous, *i)'
Assertion failed on expression: 'pred(*previous, *i)'
Assertion failed on expression: 'pred(*previous, *i)'
Assertion failed on expression: 'pred(*previous, *i)'
Assertion failed on expression: 'pred(*previous, *i)'
Assertion failed on expression: 'pred(*previous, *i)'
Assertion failed on expression: 'pred(*previous, *i)'
Assertion failed on expression: 'pred(*previous, *i)'
Assertion failed on expression: 'pred(*previous, *i)'
Assertion failed on expression: 'pred(*previous, *i)'
Assertion failed on expression: 'pred(*previous, *i)'
Assertion failed on expression: 'pred(*previous, *i)'
Assertion failed on expression: 'pred(*previous, *i)'
Assertion failed on expression: 'pred(*previous, *i)'
Assertion failed on expression: 'pred(*previous, *i)'
Assertion failed on expression: 'pred(*previous, *i)'
Assertion failed on expression: 'pred(*previous, *i)'
Assertion failed on expression: 'pred(*previous, *i)'
Assertion failed on expression: 'pred(*previous, *i)'
Assertion failed on expression: 'pred(*previous, *i)'
Assertion failed on expression: 'pred(*previous, *i)'
Assertion failed on expression: 'pred(*previous, *i)'
Assertion failed on expression: 'pred(*previous, *i)'
Assertion failed on expression: 'pred(*previous, *i)'
Assertion failed on expression: 'pred(*previous, *i)'
Assertion failed on expression: 'pred(*previous, *i)'
Assertion failed on expression: 'pred(*previous, *i)'
Assertion failed on expression: 'pred(*previous, *i)'
Assertion failed on expression: 'pred(*previous, *i)'
Assertion failed on expression: 'pred(*previous, *i)'
Assertion failed on expression: 'pred(*previous, *i)'
Assertion failed on expression: 'pred(*previous, *i)'
Assertion failed on expression: 'pred(*previous, *i)'
Assertion failed on expression: 'pred(*previous, *i)'
Assertion failed on expression: 'pred(*previous, *i)'
Assertion failed on expression: 'pred(*previous, *i)'
Assertion failed on expression: 'pred(*previous, *i)'
Assertion failed on expression: 'pred(*previous, *i)'
Assertion failed on expression: 'pred(*previous, *i)'
Assertion failed on expression: 'pred(*previous, *i)'
Assertion failed on expression: 'pred(*previous, *i)'
Assertion failed on expression: 'pred(*previous, *i)'
Assertion failed on expression: 'pred(*previous, *i)'
Assertion failed on expression: 'pred(*previous, *i)'
Assertion failed on expression: 'pred(*previous, *i)'
Assertion failed on expression: 'pred(*previous, *i)'
Assertion failed on expression: 'pred(*previous, *i)'
Assertion failed on expression: 'pred(*previous, *i)'
Assertion failed on expression: 'pred(*previous, *i)'
Assertion failed on expression: 'pred(*previous, *i)'
Assertion failed on expression: 'pred(*previous, *i)'
Assertion failed on expression: 'pred(*previous, *i)'
Assertion failed on expression: 'pred(*previous, *i)'
Assertion failed on expression: 'pred(*previous, *i)'
Assertion failed on expression: 'pred(*previous, *i)'
Assertion failed on expression: 'pred(*previous, *i)'
Assertion failed on expression: 'pred(*previous, *i)'
Assertion failed on expression: 'pred(*previous, *i)'
Assertion failed on expression: 'pred(*previous, *i)'
Assertion failed on expression: 'pred(*previous, *i)'
Assertion failed on expression: 'pred(*previous, *i)'
Assertion failed on expression: 'pred(*previous, *i)'
Assertion failed on expression: 'pred(*previous, *i)'
Assertion failed on expression: 'pred(*previous, *i)'
Assertion failed on expression: 'pred(*previous, *i)'
Assertion failed on expression: 'pred(*previous, *i)'
Assertion failed on expression: 'pred(*previous, *i)'
Assertion failed on expression: 'pred(*previous, *i)'
Assertion failed on expression: 'pred(*previous, *i)'
Assertion failed on expression: 'pred(*previous, *i)'
Assertion failed on expression: 'pred(*previous, *i)'
Assertion failed on expression: 'pred(*previous, *i)'
Assertion failed on expression: 'pred(*previous, *i)'
Assertion failed on expression: 'pred(*previous, *i)'
Assertion failed on expression: 'pred(*previous, *i)'
Assertion failed on expression: 'pred(*previous, *i)'
Assertion failed on expression: 'pred(*previous, *i)'
Assertion failed on expression: 'pred(*previous, *i)'
Assertion failed on expression: 'pred(*previous, *i)'
Assertion failed on expression: 'pred(*previous, *i)'
Assertion failed on expression: 'pred(*previous, *i)'
Assertion failed on expression: 'pred(*previous, *i)'
Assertion failed on expression: 'pred(*previous, *i)'
Assertion failed on expression: 'pred(*previous, *i)'
Assertion failed on expression: 'pred(*previous, *i)'
Assertion failed on expression: 'pred(*previous, *i)'
Assertion failed on expression: 'pred(*previous, *i)'
Assertion failed on expression: 'pred(*previous, *i)'
Assertion failed on expression: 'pred(*previous, *i)'
Assertion failed on expression: 'pred(*previous, *i)'
Assertion failed on expression: 'pred(*previous, *i)'
Assertion failed on expression: 'pred(*previous, *i)'
Assertion failed on expression: 'pred(*previous, *i)'
Assertion failed on expression: 'pred(*previous, *i)'
Assertion failed on expression: 'pred(*previous, *i)'
Assertion failed on expression: 'pred(*previous, *i)'
Assertion failed on expression: 'pred(*previous, *i)'
Assertion failed on expression: 'pred(*previous, *i)'
Assertion failed on expression: 'pred(*previous, *i)'
Assertion failed on expression: 'pred(*previous, *i)'
Assertion failed on expression: 'pred(*previous, *i)'
Assertion failed on expression: 'pred(*previous, *i)'
Assertion failed on expression: 'pred(*previous, *i)'
Assertion failed on expression: 'pred(*previous, *i)'
Assertion failed on expression: 'pred(*previous, *i)'
Assertion failed on expression: 'pred(*previous, *i)'
Assertion failed on expression: 'pred(*previous, *i)'
Assertion failed on expression: 'pred(*previous, *i)'
Assertion failed on expression: 'pred(*previous, *i)'
Assertion failed on expression: 'pred(*previous, *i)'
Assertion failed on expression: 'pred(*previous, *i)'
Assertion failed on expression: 'pred(*previous, *i)'
Assertion failed on expression: 'pred(*previous, *i)'
Assertion failed on expression: 'pred(*previous, *i)'
Assertion failed on expression: 'pred(*previous, *i)'
Assertion failed on expression: 'pred(*previous, *i)'
Assertion failed on expression: 'pred(*previous, *i)'
Assertion failed on expression: 'pred(*previous, *i)'
Assertion failed on expression: 'pred(*previous, *i)'
Assertion failed on expression: 'pred(*previous, *i)'
Assertion failed on expression: 'pred(*previous, *i)'
Assertion failed on expression: 'pred(*previous, *i)'
Assertion failed on expression: 'pred(*previous, *i)'
Assertion failed on expression: 'pred(*previous, *i)'
Assertion failed on expression: 'pred(*previous, *i)'
Assertion failed on expression: 'pred(*previous, *i)'
Assertion failed on expression: 'pred(*previous, *i)'
Assertion failed on expression: 'pred(*previous, *i)'
Assertion failed on expression: 'pred(*previous, *i)'
Assertion failed on expression: 'pred(*previous, *i)'
Assertion failed on expression: 'pred(*previous, *i)'
Assertion failed on expression: 'pred(*previous, *i)'
Assertion failed on expression: 'pred(*previous, *i)'
Assertion failed on expression: 'pred(*previous, *i)'
Assertion failed on expression: 'pred(*previous, *i)'
Assertion failed on expression: 'pred(*previous, *i)'
Assertion failed on expression: 'pred(*previous, *i)'
Assertion failed on expression: 'pred(*previous, *i)'
Assertion failed on expression: 'pred(*previous, *i)'
Assertion failed on expression: 'pred(*previous, *i)'
Assertion failed on expression: 'pred(*previous, *i)'
Assertion failed on expression: 'pred(*previous, *i)'
Assertion failed on expression: 'pred(*previous, *i)'
Assertion failed on expression: 'pred(*previous, *i)'
Assertion failed on expression: 'pred(*previous, *i)'
Assertion failed on expression: 'pred(*previous, *i)'
Assertion failed on expression: 'pred(*previous, *i)'
Assertion failed on expression: 'pred(*previous, *i)'
Assertion failed on expression: 'pred(*previous, *i)'
Assertion failed on expression: 'pred(*previous, *i)'
Assertion failed on expression: 'pred(*previous, *i)'
Assertion failed on expression: 'pred(*previous, *i)'
Assertion failed on expression: 'pred(*previous, *i)'
Assertion failed on expression: 'pred(*previous, *i)'
Assertion failed on expression: 'pred(*previous, *i)'
Assertion failed on expression: 'pred(*previous, *i)'
Assertion failed on expression: 'pred(*previous, *i)'
Assertion failed on expression: 'pred(*previous, *i)'
Assertion failed on expression: 'pred(*previous, *i)'
Assertion failed on expression: 'pred(*previous, *i)'
Assertion failed on expression: 'pred(*previous, *i)'
Assertion failed on expression: 'pred(*previous, *i)'
Assertion failed on expression: 'pred(*previous, *i)'
Assertion failed on expression: 'pred(*previous, *i)'
Assertion failed on expression: 'pred(*previous, *i)'
Assertion failed on expression: 'pred(*previous, *i)'
Assertion failed on expression: 'pred(*previous, *i)'
Assertion failed on expression: 'pred(*previous, *i)'
Assertion failed on expression: 'pred(*previous, *i)'
Assertion failed on expression: 'pred(*previous, *i)'
Assertion failed on expression: 'pred(*previous, *i)'
Assertion failed on expression: 'pred(*previous, *i)'
Assertion failed on expression: 'pred(*previous, *i)'
Assertion failed on expression: 'pred(*previous, *i)'
Assertion failed on expression: 'pred(*previous, *i)'
Assertion failed on expression: 'pred(*previous, *i)'
Assertion failed on expression: 'pred(*previous, *i)'
Assertion failed on expression: 'pred(*previous, *i)'
Assertion failed on expression: 'pred(*previous, *i)'
Assertion failed on expression: 'pred(*previous, *i)'
Assertion failed on expression: 'pred(*previous, *i)'
Assertion failed on expression: 'pred(*previous, *i)'
Assertion failed on expression: 'pred(*previous, *i)'
Assertion failed on expression: 'pred(*previous, *i)'
Assertion failed on expression: 'pred(*previous, *i)'
Assertion failed on expression: 'pred(*previous, *i)'
Assertion failed on expression: 'pred(*previous, *i)'
Assertion failed on expression: 'pred(*previous, *i)'
Assertion failed on expression: 'pred(*previous, *i)'
Assertion failed on expression: 'pred(*previous, *i)'
Assertion failed on expression: 'pred(*previous, *i)'
Assertion failed on expression: 'pred(*previous, *i)'
Assertion failed on expression: 'pred(*previous, *i)'
Assertion failed on expression: 'pred(*previous, *i)'
Assertion failed on expression: 'pred(*previous, *i)'
Assertion failed on expression: 'pred(*previous, *i)'
Assertion failed on expression: 'pred(*previous, *i)'
Assertion failed on expression: 'pred(*previous, *i)'
Assertion failed on expression: 'pred(*previous, *i)'
Assertion failed on expression: 'pred(*previous, *i)'
Assertion failed on expression: 'pred(*previous, *i)'
Assertion failed on expression: 'pred(*previous, *i)'
Assertion failed on expression: 'pred(*previous, *i)'
Assertion failed on expression: 'pred(*previous, *i)'
Assertion failed on expression: 'pred(*previous, *i)'
Assertion failed on expression: 'pred(*previous, *i)'
Assertion failed on expression: 'pred(*previous, *i)'
Assertion failed on expression: 'pred(*previous, *i)'
Assertion failed on expression: 'pred(*previous, *i)'
Assertion failed on expression: 'pred(*previous, *i)'
Assertion failed on expression: 'pred(*previous, *i)'
Assertion failed on expression: 'pred(*previous, *i)'
Assertion failed on expression: 'pred(*previous, *i)'
Assertion failed on expression: 'pred(*previous, *i)'
Assertion failed on expression: 'pred(*previous, *i)'
Assertion failed on expression: 'pred(*previous, *i)'
Assertion failed on expression: 'pred(*previous, *i)'
Assertion failed on expression: 'pred(*previous, *i)'
Assertion failed on expression: 'pred(*previous, *i)'
Assertion failed on expression: 'pred(*previous, *i)'
Assertion failed on expression: 'pred(*previous, *i)'
Assertion failed on expression: 'pred(*previous, *i)'
Assertion failed on expression: 'pred(*previous, *i)'
Assertion failed on expression: 'pred(*previous, *i)'
Assertion failed on expression: 'pred(*previous, *i)'
Assertion failed on expression: 'pred(*previous, *i)'
Assertion failed on expression: 'pred(*previous, *i)'
Assertion failed on expression: 'pred(*previous, *i)'
Assertion failed on expression: 'pred(*previous, *i)'
Assertion failed on expression: 'pred(*previous, *i)'
Assertion failed on expression: 'pred(*previous, *i)'
Assertion failed on expression: 'pred(*previous, *i)'
Assertion failed on expression: 'pred(*previous, *i)'
Assertion failed on expression: 'pred(*previous, *i)'
Assertion failed on expression: 'pred(*previous, *i)'
Assertion failed on expression: 'pred(*previous, *i)'
Assertion failed on expression: 'pred(*previous, *i)'
Assertion failed on expression: 'pred(*previous, *i)'
Assertion failed on expression: 'pred(*previous, *i)'
Assertion failed on expression: 'pred(*previous, *i)'
Assertion failed on expression: 'pred(*previous, *i)'
Assertion failed on expression: 'pred(*previous, *i)'
Assertion failed on expression: 'pred(*previous, *i)'
Assertion failed on expression: 'pred(*previous, *i)'
Assertion failed on expression: 'pred(*previous, *i)'
Assertion failed on expression: 'pred(*previous, *i)'
Assertion failed on expression: 'pred(*previous, *i)'
Assertion failed on expression: 'pred(*previous, *i)'
Assertion failed on expression: 'pred(*previous, *i)'
Assertion failed on expression: 'pred(*previous, *i)'
Assertion failed on expression: 'pred(*previous, *i)'
Assertion failed on expression: 'pred(*previous, *i)'
Assertion failed on expression: 'pred(*previous, *i)'
Assertion failed on expression: 'pred(*previous, *i)'
Assertion failed on expression: 'pred(*previous, *i)'
Assertion failed on expression: 'pred(*previous, *i)'
Assertion failed on expression: 'pred(*previous, *i)'
Assertion failed on expression: 'pred(*previous, *i)'
Assertion failed on expression: 'pred(*previous, *i)'
Assertion failed on expression: 'pred(*previous, *i)'
Assertion failed on expression: 'pred(*previous, *i)'
Assertion failed on expression: 'pred(*previous, *i)'
Assertion failed on expression: 'pred(*previous, *i)'
Assertion failed on expression: 'pred(*previous, *i)'
Assertion failed on expression: 'pred(*previous, *i)'
Assertion failed on expression: 'pred(*previous, *i)'
Assertion failed on expression: 'pred(*previous, *i)'
Assertion failed on expression: 'pred(*previous, *i)'
Assertion failed on expression: 'pred(*previous, *i)'
Assertion failed on expression: 'pred(*previous, *i)'
Assertion failed on expression: 'pred(*previous, *i)'
Assertion failed on expression: 'pred(*previous, *i)'
Assertion failed on expression: 'pred(*previous, *i)'
Assertion failed on expression: 'pred(*previous, *i)'
Assertion failed on expression: 'pred(*previous, *i)'
Assertion failed on expression: 'pred(*previous, *i)'
Assertion failed on expression: 'pred(*previous, *i)'
Assertion failed on expression: 'pred(*previous, *i)'
Assertion failed on expression: 'pred(*previous, *i)'
Assertion failed on expression: 'pred(*previous, *i)'
Assertion failed on expression: 'pred(*previous, *i)'
Assertion failed on expression: 'pred(*previous, *i)'
Assertion failed on expression: 'pred(*previous, *i)'
Assertion failed on expression: 'pred(*previous, *i)'
Assertion failed on expression: 'pred(*previous, *i)'
Assertion failed on expression: 'pred(*previous, *i)'
Assertion failed on expression: 'pred(*previous, *i)'
Assertion failed on expression: 'pred(*previous, *i)'
Assertion failed on expression: 'pred(*previous, *i)'
Assertion failed on expression: 'pred(*previous, *i)'
Assertion failed on expression: 'pred(*previous, *i)'
Assertion failed on expression: 'pred(*previous, *i)'
Assertion failed on expression: 'pred(*previous, *i)'
Assertion failed on expression: 'pred(*previous, *i)'
Assertion failed on expression: 'pred(*previous, *i)'
Assertion failed on expression: 'pred(*previous, *i)'
Assertion failed on expression: 'pred(*previous, *i)'
Assertion failed on expression: 'pred(*previous, *i)'
Assertion failed on expression: 'pred(*previous, *i)'
Assertion failed on expression: 'pred(*previous, *i)'
Assertion failed on expression: 'pred(*previous, *i)'
Assertion failed on expression: 'pred(*previous, *i)'
Assertion failed on expression: 'pred(*previous, *i)'
Assertion failed on expression: 'pred(*previous, *i)'
Assertion failed on expression: 'pred(*previous, *i)'
Assertion failed on expression: 'pred(*previous, *i)'
Assertion failed on expression: 'pred(*previous, *i)'
Assertion failed on expression: 'pred(*previous, *i)'
Assertion failed on expression: 'pred(*previous, *i)'
Assertion failed on expression: 'pred(*previous, *i)'
Assertion failed on expression: 'pred(*previous, *i)'
Assertion failed on expression: 'pred(*previous, *i)'
Assertion failed on expression: 'pred(*previous, *i)'
Assertion failed on expression: 'pred(*previous, *i)'
Assertion failed on expression: 'pred(*previous, *i)'
Assertion failed on expression: 'pred(*previous, *i)'
Assertion failed on expression: 'pred(*previous, *i)'
Assertion failed on expression: 'pred(*previous, *i)'
Assertion failed on expression: 'pred(*previous, *i)'
Assertion failed on expression: 'pred(*previous, *i)'
Assertion failed on expression: 'pred(*previous, *i)'
Assertion failed on expression: 'pred(*previous, *i)'
Assertion failed on expression: 'pred(*previous, *i)'
Assertion failed on expression: 'pred(*previous, *i)'
Assertion failed on expression: 'pred(*previous, *i)'
Assertion failed on expression: 'pred(*previous, *i)'
Assertion failed on expression: 'pred(*previous, *i)'
Assertion failed on expression: 'pred(*previous, *i)'
Assertion failed on expression: 'pred(*previous, *i)'
Assertion failed on expression: 'pred(*previous, *i)'
Assertion failed on expression: 'pred(*previous, *i)'
Assertion failed on expression: 'pred(*previous, *i)'
Assertion failed on expression: 'pred(*previous, *i)'
Assertion failed on expression: 'pred(*previous, *i)'
Assertion failed on expression: 'pred(*previous, *i)'
Assertion failed on expression: 'pred(*previous, *i)'
Assertion failed on expression: 'pred(*previous, *i)'
Assertion failed on expression: 'pred(*previous, *i)'
Assertion failed on expression: 'pred(*previous, *i)'
Assertion failed on expression: 'pred(*previous, *i)'
Assertion failed on expression: 'pred(*previous, *i)'
Assertion failed on expression: 'pred(*previous, *i)'
Assertion failed on expression: 'pred(*previous, *i)'
Assertion failed on expression: 'pred(*previous, *i)'
Assertion failed on expression: 'pred(*previous, *i)'
Assertion failed on expression: 'pred(*previous, *i)'
Assertion failed on expression: 'pred(*previous, *i)'
Assertion failed on expression: 'pred(*previous, *i)'
Assertion failed on expression: 'pred(*previous, *i)'
Assertion failed on expression: 'pred(*previous, *i)'
Assertion failed on expression: 'pred(*previous, *i)'
Assertion failed on expression: 'pred(*previous, *i)'
Assertion failed on expression: 'pred(*previous, *i)'
Assertion failed on expression: 'pred(*previous, *i)'
Assertion failed on expression: 'pred(*previous, *i)'
Assertion failed on expression: 'pred(*previous, *i)'
Assertion failed on expression: 'pred(*previous, *i)'
Assertion failed on expression: 'pred(*previous, *i)'
Assertion failed on expression: 'pred(*previous, *i)'
Assertion failed on expression: 'pred(*previous, *i)'
Assertion failed on expression: 'pred(*previous, *i)'
Assertion failed on expression: 'pred(*previous, *i)'
Assertion failed on expression: 'pred(*previous, *i)'
Assertion failed on expression: 'pred(*previous, *i)'
Assertion failed on expression: 'pred(*previous, *i)'
Assertion failed on expression: 'pred(*previous, *i)'
Assertion failed on expression: 'pred(*previous, *i)'
Assertion failed on expression: 'pred(*previous, *i)'
Assertion failed on expression: 'pred(*previous, *i)'
Assertion failed on expression: 'pred(*previous, *i)'
Assertion failed on expression: 'pred(*previous, *i)'
Assertion failed on expression: 'pred(*previous, *i)'
Assertion failed on expression: 'pred(*previous, *i)'
Assertion failed on expression: 'pred(*previous, *i)'
Assertion failed on expression: 'pred(*previous, *i)'
Assertion failed on expression: 'pred(*previous, *i)'
Assertion failed on expression: 'pred(*previous, *i)'
Assertion failed on expression: 'pred(*previous, *i)'
Assertion failed on expression: 'pred(*previous, *i)'
Assertion failed on expression: 'pred(*previous, *i)'
Assertion failed on expression: 'pred(*previous, *i)'
Assertion failed on expression: 'pred(*previous, *i)'
Assertion failed on expression: 'pred(*previous, *i)'
Assertion failed on expression: 'pred(*previous, *i)'
Assertion failed on expression: 'pred(*previous, *i)'
Assertion failed on expression: 'pred(*previous, *i)'
Assertion failed on expression: 'pred(*previous, *i)'
Assertion failed on expression: 'pred(*previous, *i)'
Assertion failed on expression: 'pred(*previous, *i)'
Assertion failed on expression: 'pred(*previous, *i)'
Assertion failed on expression: 'pred(*previous, *i)'
Assertion failed on expression: 'pred(*previous, *i)'
Assertion failed on expression: 'pred(*previous, *i)'
Assertion failed on expression: 'pred(*previous, *i)'
Assertion failed on expression: 'pred(*previous, *i)'
Assertion failed on expression: 'pred(*previous, *i)'
Assertion failed on expression: 'pred(*previous, *i)'
Assertion failed on expression: 'pred(*previous, *i)'
Assertion failed on expression: 'pred(*previous, *i)'
Assertion failed on expression: 'pred(*previous, *i)'
Assertion failed on expression: 'pred(*previous, *i)'
Assertion failed on expression: 'pred(*previous, *i)'
Assertion failed on expression: 'pred(*previous, *i)'
Assertion failed on expression: 'pred(*previous, *i)'
Assertion failed on expression: 'pred(*previous, *i)'
Assertion failed on expression: 'pred(*previous, *i)'
Assertion failed on expression: 'pred(*previous, *i)'
Assertion failed on expression: 'pred(*previous, *i)'
Assertion failed on expression: 'pred(*previous, *i)'
Assertion failed on expression: 'pred(*previous, *i)'
Assertion failed on expression: 'pred(*previous, *i)'
Assertion failed on expression: 'pred(*previous, *i)'
Assertion failed on expression: 'pred(*previous, *i)'
Assertion failed on expression: 'pred(*previous, *i)'
Assertion failed on expression: 'pred(*previous, *i)'
Assertion failed on expression: 'pred(*previous, *i)'
Assertion failed on expression: 'pred(*previous, *i)'
Assertion failed on expression: 'pred(*previous, *i)'
Assertion failed on expression: 'pred(*previous, *i)'
Assertion failed on expression: 'pred(*previous, *i)'
Assertion failed on expression: 'pred(*previous, *i)'
Assertion failed on expression: 'pred(*previous, *i)'
Assertion failed on expression: 'pred(*previous, *i)'
Assertion failed on expression: 'pred(*previous, *i)'
Assertion failed on expression: 'pred(*previous, *i)'
Assertion failed on expression: 'pred(*previous, *i)'
Assertion failed on expression: 'pred(*previous, *i)'
Assertion failed on expression: 'pred(*previous, *i)'
Assertion failed on expression: 'pred(*previous, *i)'
Assertion failed on expression: 'pred(*previous, *i)'
Assertion failed on expression: 'pred(*previous, *i)'
Assertion failed on expression: 'pred(*previous, *i)'
Assertion failed on expression: 'pred(*previous, *i)'
Assertion failed on expression: 'pred(*previous, *i)'
Assertion failed on expression: 'pred(*previous, *i)'
Assertion failed on expression: 'pred(*previous, *i)'
Assertion failed on expression: 'pred(*previous, *i)'
Assertion failed on expression: 'pred(*previous, *i)'
Assertion failed on expression: 'pred(*previous, *i)'
Assertion failed on expression: 'pred(*previous, *i)'
Assertion failed on expression: 'pred(*previous, *i)'
Assertion failed on expression: 'pred(*previous, *i)'
Assertion failed on expression: 'pred(*previous, *i)'
Assertion failed on expression: 'pred(*previous, *i)'
Assertion failed on expression: 'pred(*previous, *i)'
Assertion failed on expression: 'pred(*previous, *i)'
Assertion failed on expression: 'pred(*previous, *i)'
Assertion failed on expression: 'pred(*previous, *i)'
Assertion failed on expression: 'pred(*previous, *i)'
Assertion failed on expression: 'pred(*previous, *i)'
Assertion failed on expression: 'pred(*previous, *i)'
Assertion failed on expression: 'pred(*previous, *i)'
Assertion failed on expression: 'pred(*previous, *i)'
Assertion failed on expression: 'pred(*previous, *i)'
Assertion failed on expression: 'pred(*previous, *i)'
Assertion failed on expression: 'pred(*previous, *i)'
Assertion failed on expression: 'pred(*previous, *i)'
Assertion failed on expression: 'pred(*previous, *i)'
Assertion failed on expression: 'pred(*previous, *i)'
Assertion failed on expression: 'pred(*previous, *i)'
Assertion failed on expression: 'pred(*previous, *i)'
Assertion failed on expression: 'pred(*previous, *i)'
Assertion failed on expression: 'pred(*previous, *i)'
Assertion failed on expression: 'pred(*previous, *i)'
Assertion failed on expression: 'pred(*previous, *i)'
Assertion failed on expression: 'pred(*previous, *i)'
Assertion failed on expression: 'pred(*previous, *i)'
Assertion failed on expression: 'pred(*previous, *i)'
Assertion failed on expression: 'pred(*previous, *i)'
Assertion failed on expression: 'pred(*previous, *i)'
Assertion failed on expression: 'pred(*previous, *i)'
Assertion failed on expression: 'pred(*previous, *i)'
Assertion failed on expression: 'pred(*previous, *i)'
Assertion failed on expression: 'pred(*previous, *i)'
Assertion failed on expression: 'pred(*previous, *i)'
Assertion failed on expression: 'pred(*previous, *i)'
Assertion failed on expression: 'pred(*previous, *i)'
Assertion failed on expression: 'pred(*previous, *i)'
Assertion failed on expression: 'pred(*previous, *i)'
Assertion failed on expression: 'pred(*previous, *i)'
Assertion failed on expression: 'pred(*previous, *i)'
Assertion failed on expression: 'pred(*previous, *i)'
Assertion failed on expression: 'pred(*previous, *i)'
Assertion failed on expression: 'pred(*previous, *i)'
Assertion failed on expression: 'pred(*previous, *i)'
Assertion failed on expression: 'pred(*previous, *i)'
Assertion failed on expression: 'pred(*previous, *i)'
Assertion failed on expression: 'pred(*previous, *i)'
Assertion failed on expression: 'pred(*previous, *i)'
Assertion failed on expression: 'pred(*previous, *i)'
Assertion failed on expression: 'pred(*previous, *i)'
Assertion failed on expression: 'pred(*previous, *i)'
Assertion failed on expression: 'pred(*previous, *i)'
Assertion failed on expression: 'pred(*previous, *i)'
Assertion failed on expression: 'pred(*previous, *i)'
Assertion failed on expression: 'pred(*previous, *i)'
Assertion failed on expression: 'pred(*previous, *i)'
Assertion failed on expression: 'pred(*previous, *i)'
Assertion failed on expression: 'pred(*previous, *i)'
Assertion failed on expression: 'pred(*previous, *i)'
Assertion failed on expression: 'pred(*previous, *i)'
Assertion failed on expression: 'pred(*previous, *i)'
Assertion failed on expression: 'pred(*previous, *i)'
Assertion failed on expression: 'pred(*previous, *i)'
Assertion failed on expression: 'pred(*previous, *i)'
Assertion failed on expression: 'pred(*previous, *i)'
Assertion failed on expression: 'pred(*previous, *i)'
Assertion failed on expression: 'pred(*previous, *i)'
Assertion failed on expression: 'pred(*previous, *i)'
Assertion failed on expression: 'pred(*previous, *i)'
Assertion failed on expression: 'pred(*previous, *i)'
Assertion failed on expression: 'pred(*previous, *i)'
Assertion failed on expression: 'pred(*previous, *i)'
Assertion failed on expression: 'pred(*previous, *i)'
Assertion failed on expression: 'pred(*previous, *i)'
Assertion failed on expression: 'pred(*previous, *i)'
Assertion failed on expression: 'pred(*previous, *i)'
Assertion failed on expression: 'pred(*previous, *i)'
Assertion failed on expression: 'pred(*previous, *i)'
Assertion failed on expression: 'pred(*previous, *i)'
Assertion failed on expression: 'pred(*previous, *i)'
Assertion failed on expression: 'pred(*previous, *i)'
Assertion failed on expression: 'pred(*previous, *i)'
Assertion failed on expression: 'pred(*previous, *i)'
Assertion failed on expression: 'pred(*previous, *i)'
Assertion failed on expression: 'pred(*previous, *i)'
Assertion failed on expression: 'pred(*previous, *i)'
Assertion failed on expression: 'pred(*previous, *i)'
Assertion failed on expression: 'pred(*previous, *i)'
Assertion failed on expression: 'pred(*previous, *i)'
Assertion failed on expression: 'pred(*previous, *i)'
Assertion failed on expression: 'pred(*previous, *i)'
Assertion failed on expression: 'pred(*previous, *i)'
Assertion failed on expression: 'pred(*previous, *i)'
Assertion failed on expression: 'pred(*previous, *i)'
Assertion failed on expression: 'pred(*previous, *i)'
Assertion failed on expression: 'pred(*previous, *i)'
Assertion failed on expression: 'pred(*previous, *i)'
Assertion failed on expression: 'pred(*previous, *i)'
Assertion failed on expression: 'pred(*previous, *i)'
Assertion failed on expression: 'pred(*previous, *i)'
Assertion failed on expression: 'pred(*previous, *i)'
Assertion failed on expression: 'pred(*previous, *i)'
Assertion failed on expression: 'pred(*previous, *i)'
Assertion failed on expression: 'pred(*previous, *i)'
Assertion failed on expression: 'pred(*previous, *i)'
Assertion failed on expression: 'pred(*previous, *i)'
Assertion failed on expression: 'pred(*previous, *i)'
Assertion failed on expression: 'pred(*previous, *i)'
Assertion failed on expression: 'pred(*previous, *i)'
Assertion failed on expression: 'pred(*previous, *i)'
Assertion failed on expression: 'pred(*previous, *i)'
Assertion failed on expression: 'pred(*previous, *i)'
Assertion failed on expression: 'pred(*previous, *i)'
Assertion failed on expression: 'pred(*previous, *i)'
Assertion failed on expression: 'pred(*previous, *i)'
Assertion failed on expression: 'pred(*previous, *i)'
Assertion failed on expression: 'pred(*previous, *i)'
Assertion failed on expression: 'pred(*previous, *i)'
Assertion failed on expression: 'pred(*previous, *i)'
Assertion failed on expression: 'pred(*previous, *i)'
Assertion failed on expression: 'pred(*previous, *i)'
Assertion failed on expression: 'pred(*previous, *i)'
Assertion failed on expression: 'pred(*previous, *i)'
Assertion failed on expression: 'pred(*previous, *i)'
Assertion failed on expression: 'pred(*previous, *i)'
Assertion failed on expression: 'pred(*previous, *i)'
Assertion failed on expression: 'pred(*previous, *i)'
Assertion failed on expression: 'pred(*previous, *i)'
Assertion failed on expression: 'pred(*previous, *i)'
Assertion failed on expression: 'pred(*previous, *i)'
Assertion failed on expression: 'pred(*previous, *i)'
Assertion failed on expression: 'pred(*previous, *i)'
Assertion failed on expression: 'pred(*previous, *i)'
Assertion failed on expression: 'pred(*previous, *i)'
Assertion failed on expression: 'pred(*previous, *i)'
Assertion failed on expression: 'pred(*previous, *i)'
Assertion failed on expression: 'pred(*previous, *i)'
Assertion failed on expression: 'pred(*previous, *i)'
Assertion failed on expression: 'pred(*previous, *i)'
Assertion failed on expression: 'pred(*previous, *i)'
Assertion failed on expression: 'pred(*previous, *i)'
Assertion failed on expression: 'pred(*previous, *i)'
Assertion failed on expression: 'pred(*previous, *i)'
Assertion failed on expression: 'pred(*previous, *i)'
Assertion failed on expression: 'pred(*previous, *i)'
Assertion failed on expression: 'pred(*previous, *i)'
Assertion failed on expression: 'pred(*previous, *i)'
Assertion failed on expression: 'pred(*previous, *i)'
Assertion failed on expression: 'pred(*previous, *i)'
Assertion failed on expression: 'pred(*previous, *i)'
Assertion failed on expression: 'pred(*previous, *i)'
Assertion failed on expression: 'pred(*previous, *i)'
Assertion failed on expression: 'pred(*previous, *i)'
Assertion failed on expression: 'pred(*previous, *i)'
Assertion failed on expression: 'pred(*previous, *i)'
Assertion failed on expression: 'pred(*previous, *i)'
Assertion failed on expression: 'pred(*previous, *i)'
Assertion failed on expression: 'pred(*previous, *i)'
Assertion failed on expression: 'pred(*previous, *i)'
Assertion failed on expression: 'pred(*previous, *i)'
Assertion failed on expression: 'pred(*previous, *i)'
Assertion failed on expression: 'pred(*previous, *i)'
Assertion failed on expression: 'pred(*previous, *i)'
Assertion failed on expression: 'pred(*previous, *i)'
Assertion failed on expression: 'pred(*previous, *i)'
Assertion failed on expression: 'pred(*previous, *i)'
Assertion failed on expression: 'pred(*previous, *i)'
Assertion failed on expression: 'pred(*previous, *i)'
Assertion failed on expression: 'pred(*previous, *i)'
Assertion failed on expression: 'pred(*previous, *i)'
Assertion failed on expression: 'pred(*previous, *i)'
Assertion failed on expression: 'pred(*previous, *i)'
Assertion failed on expression: 'pred(*previous, *i)'
Assertion failed on expression: 'pred(*previous, *i)'
Assertion failed on expression: 'pred(*previous, *i)'
Assertion failed on expression: 'pred(*previous, *i)'
Assertion failed on expression: 'pred(*previous, *i)'
Assertion failed on expression: 'pred(*previous, *i)'
Assertion failed on expression: 'pred(*previous, *i)'
Assertion failed on expression: 'pred(*previous, *i)'
Assertion failed on expression: 'pred(*previous, *i)'
Assertion failed on expression: 'pred(*previous, *i)'
Assertion failed on expression: 'pred(*previous, *i)'
Assertion failed on expression: 'pred(*previous, *i)'
Assertion failed on expression: 'pred(*previous, *i)'
Assertion failed on expression: 'pred(*previous, *i)'
Assertion failed on expression: 'pred(*previous, *i)'
Assertion failed on expression: 'pred(*previous, *i)'
Assertion failed on expression: 'pred(*previous, *i)'
Assertion failed on expression: 'pred(*previous, *i)'
Assertion failed on expression: 'pred(*previous, *i)'
Assertion failed on expression: 'pred(*previous, *i)'
Assertion failed on expression: 'pred(*previous, *i)'
Assertion failed on expression: 'pred(*previous, *i)'
Assertion failed on expression: 'pred(*previous, *i)'
Assertion failed on expression: 'pred(*previous, *i)'
Assertion failed on expression: 'pred(*previous, *i)'
Assertion failed on expression: 'pred(*previous, *i)'
Assertion failed on expression: 'pred(*previous, *i)'
Assertion failed on expression: 'pred(*previous, *i)'
Assertion failed on expression: 'pred(*previous, *i)'
Assertion failed on expression: 'pred(*previous, *i)'
Assertion failed on expression: 'pred(*previous, *i)'
Assertion failed on expression: 'pred(*previous, *i)'
Assertion failed on expression: 'pred(*previous, *i)'
Assertion failed on expression: 'pred(*previous, *i)'
Assertion failed on expression: 'pred(*previous, *i)'
Assertion failed on expression: 'pred(*previous, *i)'
Assertion failed on expression: 'pred(*previous, *i)'
Assertion failed on expression: 'pred(*previous, *i)'
Assertion failed on expression: 'pred(*previous, *i)'
Assertion failed on expression: 'pred(*previous, *i)'
Assertion failed on expression: 'pred(*previous, *i)'
Assertion failed on expression: 'pred(*previous, *i)'
Assertion failed on expression: 'pred(*previous, *i)'
Assertion failed on expression: 'pred(*previous, *i)'
Assertion failed on expression: 'pred(*previous, *i)'
Assertion failed on expression: 'pred(*previous, *i)'
Assertion failed on expression: 'pred(*previous, *i)'
Assertion failed on expression: 'pred(*previous, *i)'
Assertion failed on expression: 'pred(*previous, *i)'
Assertion failed on expression: 'pred(*previous, *i)'
Assertion failed on expression: 'pred(*previous, *i)'
Assertion failed on expression: 'pred(*previous, *i)'
Assertion failed on expression: 'pred(*previous, *i)'
Assertion failed on expression: 'pred(*previous, *i)'
Assertion failed on expression: 'pred(*previous, *i)'
Assertion failed on expression: 'pred(*previous, *i)'
Assertion failed on expression: 'pred(*previous, *i)'
Assertion failed on expression: 'pred(*previous, *i)'
Assertion failed on expression: 'pred(*previous, *i)'
Assertion failed on expression: 'pred(*previous, *i)'
Assertion failed on expression: 'pred(*previous, *i)'
Assertion failed on expression: 'pred(*previous, *i)'
Assertion failed on expression: 'pred(*previous, *i)'
Assertion failed on expression: 'pred(*previous, *i)'
Assertion failed on expression: 'pred(*previous, *i)'
Assertion failed on expression: 'pred(*previous, *i)'
Assertion failed on expression: 'pred(*previous, *i)'
Assertion failed on expression: 'pred(*previous, *i)'
Assertion failed on expression: 'pred(*previous, *i)'
Assertion failed on expression: 'pred(*previous, *i)'
Assertion failed on expression: 'pred(*previous, *i)'
Assertion failed on expression: 'pred(*previous, *i)'
Assertion failed on expression: 'pred(*previous, *i)'
Assertion failed on expression: 'pred(*previous, *i)'
Assertion failed on expression: 'pred(*previous, *i)'
Assertion failed on expression: 'pred(*previous, *i)'
Assertion failed on expression: 'pred(*previous, *i)'
Assertion failed on expression: 'pred(*previous, *i)'
Assertion failed on expression: 'pred(*previous, *i)'
Assertion failed on expression: 'pred(*previous, *i)'
Assertion failed on expression: 'pred(*previous, *i)'
Assertion failed on expression: 'pred(*previous, *i)'
Assertion failed on expression: 'pred(*previous, *i)'
Assertion failed on expression: 'pred(*previous, *i)'
Assertion failed on expression: 'pred(*previous, *i)'
Assertion failed on expression: 'pred(*previous, *i)'
Assertion failed on expression: 'pred(*previous, *i)'
Assertion failed on expression: 'pred(*previous, *i)'
Assertion failed on expression: 'pred(*previous, *i)'
Assertion failed on expression: 'pred(*previous, *i)'
Assertion failed on expression: 'pred(*previous, *i)'
Assertion failed on expression: 'pred(*previous, *i)'
Assertion failed on expression: 'pred(*previous, *i)'
Assertion failed on expression: 'pred(*previous, *i)'
Assertion failed on expression: 'pred(*previous, *i)'
Assertion failed on expression: 'pred(*previous, *i)'
Assertion failed on expression: 'pred(*previous, *i)'
Assertion failed on expression: 'pred(*previous, *i)'
Assertion failed on expression: 'pred(*previous, *i)'
Assertion failed on expression: 'pred(*previous, *i)'
Assertion failed on expression: 'pred(*previous, *i)'
Assertion failed on expression: 'pred(*previous, *i)'
Assertion failed on expression: 'pred(*previous, *i)'
Assertion failed on expression: 'pred(*previous, *i)'
Assertion failed on expression: 'pred(*previous, *i)'
Assertion failed on expression: 'pred(*previous, *i)'
Assertion failed on expression: 'pred(*previous, *i)'
Assertion failed on expression: 'pred(*previous, *i)'
Assertion failed on expression: 'pred(*previous, *i)'
Assertion failed on expression: 'pred(*previous, *i)'
Assertion failed on expression: 'pred(*previous, *i)'
Assertion failed on expression: 'pred(*previous, *i)'
Assertion failed on expression: 'pred(*previous, *i)'
Assertion failed on expression: 'pred(*previous, *i)'
Assertion failed on expression: 'pred(*previous, *i)'
Assertion failed on expression: 'pred(*previous, *i)'
Assertion failed on expression: 'pred(*previous, *i)'
Assertion failed on expression: 'pred(*previous, *i)'
Assertion failed on expression: 'pred(*previous, *i)'
Assertion failed on expression: 'pred(*previous, *i)'
Assertion failed on expression: 'pred(*previous, *i)'
Assertion failed on expression: 'pred(*previous, *i)'
Assertion failed on expression: 'pred(*previous, *i)'
Assertion failed on expression: 'pred(*previous, *i)'
Assertion failed on expression: 'pred(*previous, *i)'
Assertion failed on expression: 'pred(*previous, *i)'
Assertion failed on expression: 'pred(*previous, *i)'
Assertion failed on expression: 'pred(*previous, *i)'
Assertion failed on expression: 'pred(*previous, *i)'
Assertion failed on expression: 'pred(*previous, *i)'
Assertion failed on expression: 'pred(*previous, *i)'
Assertion failed on expression: 'pred(*previous, *i)'
Assertion failed on expression: 'pred(*previous, *i)'
Assertion failed on expression: 'pred(*previous, *i)'
Assertion failed on expression: 'pred(*previous, *i)'
Assertion failed on expression: 'pred(*previous, *i)'
Assertion failed on expression: 'pred(*previous, *i)'
Assertion failed on expression: 'pred(*previous, *i)'
Assertion failed on expression: 'pred(*previous, *i)'
Assertion failed on expression: 'pred(*previous, *i)'
Assertion failed on expression: 'pred(*previous, *i)'
Assertion failed on expression: 'pred(*previous, *i)'
Assertion failed on expression: 'pred(*previous, *i)'
Assertion failed on expression: 'pred(*previous, *i)'
Assertion failed on expression: 'pred(*previous, *i)'
Assertion failed on expression: 'pred(*previous, *i)'
Assertion failed on expression: 'pred(*previous, *i)'
Assertion failed on expression: 'pred(*previous, *i)'
Assertion failed on expression: 'pred(*previous, *i)'
Assertion failed on expression: 'pred(*previous, *i)'
Assertion failed on expression: 'pred(*previous, *i)'
Assertion failed on expression: 'pred(*previous, *i)'
Assertion failed on expression: 'pred(*previous, *i)'
Assertion failed on expression: 'pred(*previous, *i)'
Assertion failed on expression: 'pred(*previous, *i)'
Assertion failed on expression: 'pred(*previous, *i)'
Assertion failed on expression: 'pred(*previous, *i)'
Assertion failed on expression: 'pred(*previous, *i)'
Assertion failed on expression: 'pred(*previous, *i)'
Assertion failed on expression: 'pred(*previous, *i)'
Assertion failed on expression: 'pred(*previous, *i)'
Assertion failed on expression: 'pred(*previous, *i)'
Assertion failed on expression: 'pred(*previous, *i)'
Assertion failed on expression: 'pred(*previous, *i)'
Assertion failed on expression: 'pred(*previous, *i)'
Assertion failed on expression: 'pred(*previous, *i)'
Assertion failed on expression: 'pred(*previous, *i)'
Assertion failed on expression: 'pred(*previous, *i)'
Assertion failed on expression: 'pred(*previous, *i)'
Assertion failed on expression: 'pred(*previous, *i)'
Assertion failed on expression: 'pred(*previous, *i)'
Assertion failed on expression: 'pred(*previous, *i)'
Assertion failed on expression: 'pred(*previous, *i)'
Assertion failed on expression: 'pred(*previous, *i)'
Assertion failed on expression: 'pred(*previous, *i)'
Assertion failed on expression: 'pred(*previous, *i)'
Assertion failed on expression: 'pred(*previous, *i)'
Assertion failed on expression: 'pred(*previous, *i)'
Assertion failed on expression: 'pred(*previous, *i)'
Assertion failed on expression: 'pred(*previous, *i)'
Assertion failed on expression: 'pred(*previous, *i)'
Assertion failed on expression: 'pred(*previous, *i)'
Assertion failed on expression: 'pred(*previous, *i)'
Assertion failed on expression: 'pred(*previous, *i)'
Assertion failed on expression: 'pred(*previous, *i)'
Assertion failed on expression: 'pred(*previous, *i)'
Assertion failed on expression: 'pred(*previous, *i)'
Assertion failed on expression: 'pred(*previous, *i)'
Assertion failed on expression: 'pred(*previous, *i)'
Assertion failed on expression: 'pred(*previous, *i)'
Assertion failed on expression: 'pred(*previous, *i)'
Assertion failed on expression: 'pred(*previous, *i)'
Assertion failed on expression: 'pred(*previous, *i)'
Assertion failed on expression: 'pred(*previous, *i)'
Assertion failed on expression: 'pred(*previous, *i)'
Assertion failed on expression: 'pred(*previous, *i)'
Assertion failed on expression: 'pred(*previous, *i)'
Assertion failed on expression: 'pred(*previous, *i)'
Assertion failed on expression: 'pred(*previous, *i)'
Assertion failed on expression: 'pred(*previous, *i)'
Assertion failed on expression: 'pred(*previous, *i)'
Assertion failed on expression: 'pred(*previous, *i)'
Assertion failed on expression: 'pred(*previous, *i)'
Assertion failed on expression: 'pred(*previous, *i)'
Assertion failed on expression: 'pred(*previous, *i)'
Assertion failed on expression: 'pred(*previous, *i)'
Assertion failed on expression: 'pred(*previous, *i)'
Assertion failed on expression: 'pred(*previous, *i)'
Assertion failed on expression: 'pred(*previous, *i)'
Assertion failed on expression: 'pred(*previous, *i)'
Assertion failed on expression: 'pred(*previous, *i)'
Assertion failed on expression: 'pred(*previous, *i)'
Assertion failed on expression: 'pred(*previous, *i)'
Assertion failed on expression: 'pred(*previous, *i)'
Assertion failed on expression: 'pred(*previous, *i)'
Assertion failed on expression: 'pred(*previous, *i)'
Assertion failed on expression: 'pred(*previous, *i)'
Assertion failed on expression: 'pred(*previous, *i)'
Assertion failed on expression: 'pred(*previous, *i)'
Assertion failed on expression: 'pred(*previous, *i)'
Assertion failed on expression: 'pred(*previous, *i)'
Assertion failed on expression: 'pred(*previous, *i)'
Assertion failed on expression: 'pred(*previous, *i)'
Assertion failed on expression: 'pred(*previous, *i)'
Assertion failed on expression: 'pred(*previous, *i)'
Assertion failed on expression: 'pred(*previous, *i)'
Assertion failed on expression: 'pred(*previous, *i)'
Assertion failed on expression: 'pred(*previous, *i)'
Assertion failed on expression: 'pred(*previous, *i)'
Assertion failed on expression: 'pred(*previous, *i)'
Assertion failed on expression: 'pred(*previous, *i)'
Assertion failed on expression: 'pred(*previous, *i)'
Assertion failed on expression: 'pred(*previous, *i)'
Assertion failed on expression: 'pred(*previous, *i)'
Assertion failed on expression: 'pred(*previous, *i)'
Assertion failed on expression: 'pred(*previous, *i)'
Assertion failed on expression: 'pred(*previous, *i)'
Assertion failed on expression: 'pred(*previous, *i)'
Assertion failed on expression: 'pred(*previous, *i)'
Assertion failed on expression: 'pred(*previous, *i)'
Assertion failed on expression: 'pred(*previous, *i)'
Assertion failed on expression: 'pred(*previous, *i)'
Assertion failed on expression: 'pred(*previous, *i)'
Assertion failed on expression: 'pred(*previous, *i)'
Assertion failed on expression: 'pred(*previous, *i)'
Assertion failed on expression: 'pred(*previous, *i)'
Assertion failed on expression: 'pred(*previous, *i)'
Assertion failed on expression: 'pred(*previous, *i)'
Assertion failed on expression: 'pred(*previous, *i)'
Assertion failed on expression: 'pred(*previous, *i)'
Assertion failed on expression: 'pred(*previous, *i)'
Assertion failed on expression: 'pred(*previous, *i)'
Assertion failed on expression: 'pred(*previous, *i)'
Assertion failed on expression: 'pred(*previous, *i)'
Assertion failed on expression: 'pred(*previous, *i)'
Assertion failed on expression: 'pred(*previous, *i)'
Assertion failed on expression: 'pred(*previous, *i)'
Assertion failed on expression: 'pred(*previous, *i)'
Assertion failed on expression: 'pred(*previous, *i)'
Assertion failed on expression: 'pred(*previous, *i)'
Assertion failed on expression: 'pred(*previous, *i)'
Assertion failed on expression: 'pred(*previous, *i)'
Assertion failed on expression: 'pred(*previous, *i)'
Assertion failed on expression: 'pred(*previous, *i)'
Assertion failed on expression: 'pred(*previous, *i)'
Assertion failed on expression: 'pred(*previous, *i)'
Assertion failed on expression: 'pred(*previous, *i)'
Assertion failed on expression: 'pred(*previous, *i)'
Assertion failed on expression: 'pred(*previous, *i)'
Assertion failed on expression: 'pred(*previous, *i)'
Assertion failed on expression: 'pred(*previous, *i)'
Assertion failed on expression: 'pred(*previous, *i)'
Assertion failed on expression: 'pred(*previous, *i)'
Assertion failed on expression: 'pred(*previous, *i)'
Assertion failed on expression: 'pred(*previous, *i)'
Assertion failed on expression: 'pred(*previous, *i)'
Assertion failed on expression: 'pred(*previous, *i)'
Assertion failed on expression: 'pred(*previous, *i)'
Assertion failed on expression: 'pred(*previous, *i)'
Assertion failed on expression: 'pred(*previous, *i)'
Assertion failed on expression: 'pred(*previous, *i)'
Assertion failed on expression: 'pred(*previous, *i)'
Assertion failed on expression: 'pred(*previous, *i)'
Assertion failed on expression: 'pred(*previous, *i)'
Assertion failed on expression: 'pred(*previous, *i)'
Assertion failed on expression: 'pred(*previous, *i)'
Assertion failed on expression: 'pred(*previous, *i)'
Assertion failed on expression: 'pred(*previous, *i)'
Assertion failed on expression: 'pred(*previous, *i)'
Assertion failed on expression: 'pred(*previous, *i)'
Assertion failed on expression: 'pred(*previous, *i)'
Assertion failed on expression: 'pred(*previous, *i)'
Assertion failed on expression: 'pred(*previous, *i)'
Assertion failed on expression: 'pred(*previous, *i)'
Assertion failed on expression: 'pred(*previous, *i)'
Assertion failed on expression: 'pred(*previous, *i)'
Assertion failed on expression: 'pred(*previous, *i)'
Assertion failed on expression: 'pred(*previous, *i)'
Assertion failed on expression: 'pred(*previous, *i)'
Assertion failed on expression: 'pred(*previous, *i)'
Assertion failed on expression: 'pred(*previous, *i)'
Assertion failed on expression: 'pred(*previous, *i)'
Assertion failed on expression: 'pred(*previous, *i)'
Assertion failed on expression: 'pred(*previous, *i)'
Assertion failed on expression: 'pred(*previous, *i)'
Assertion failed on expression: 'pred(*previous, *i)'
Assertion failed on expression: 'pred(*previous, *i)'
Assertion failed on expression: 'pred(*previous, *i)'
Assertion failed on expression: 'pred(*previous, *i)'
Assertion failed on expression: 'pred(*previous, *i)'
Assertion failed on expression: 'pred(*previous, *i)'
Assertion failed on expression: 'pred(*previous, *i)'
Assertion failed on expression: 'pred(*previous, *i)'
Assertion failed on expression: 'pred(*previous, *i)'
Assertion failed on expression: 'pred(*previous, *i)'
Assertion failed on expression: 'pred(*previous, *i)'
Assertion failed on expression: 'pred(*previous, *i)'
Assertion failed on expression: 'pred(*previous, *i)'
Assertion failed on expression: 'pred(*previous, *i)'
Assertion failed on expression: 'pred(*previous, *i)'
Assertion failed on expression: 'pred(*previous, *i)'
Assertion failed on expression: 'pred(*previous, *i)'
Assertion failed on expression: 'pred(*previous, *i)'
Assertion failed on expression: 'pred(*previous, *i)'
Assertion failed on expression: 'pred(*previous, *i)'
Assertion failed on expression: 'pred(*previous, *i)'
Assertion failed on expression: 'pred(*previous, *i)'
Assertion failed on expression: 'pred(*previous, *i)'
Assertion failed on expression: 'pred(*previous, *i)'
Assertion failed on expression: 'pred(*previous, *i)'
Assertion failed on expression: 'pred(*previous, *i)'
Assertion failed on expression: 'pred(*previous, *i)'
Assertion failed on expression: 'pred(*previous, *i)'
Assertion failed on expression: 'pred(*previous, *i)'
Assertion failed on expression: 'pred(*previous, *i)'
Assertion failed on expression: 'pred(*previous, *i)'
Assertion failed on expression: 'pred(*previous, *i)'
Assertion failed on expression: 'pred(*previous, *i)'
Assertion failed on expression: 'pred(*previous, *i)'
Assertion failed on expression: 'pred(*previous, *i)'
Assertion failed on expression: 'pred(*previous, *i)'
Assertion failed on expression: 'pred(*previous, *i)'
Assertion failed on expression: 'pred(*previous, *i)'
Assertion failed on expression: 'pred(*previous, *i)'
Assertion failed on expression: 'pred(*previous, *i)'
Assertion failed on expression: 'pred(*previous, *i)'
Assertion failed on expression: 'pred(*previous, *i)'
Assertion failed on expression: 'pred(*previous, *i)'
Assertion failed on expression: 'pred(*previous, *i)'
Assertion failed on expression: 'pred(*previous, *i)'
Assertion failed on expression: 'pred(*previous, *i)'
Assertion failed on expression: 'pred(*previous, *i)'
Assertion failed on expression: 'pred(*previous, *i)'
Assertion failed on expression: 'pred(*previous, *i)'
Assertion failed on expression: 'pred(*previous, *i)'
Assertion failed on expression: 'pred(*previous, *i)'
Assertion failed on expression: 'pred(*previous, *i)'
Assertion failed on expression: 'pred(*previous, *i)'
Assertion failed on expression: 'pred(*previous, *i)'
Assertion failed on expression: 'pred(*previous, *i)'
Assertion failed on expression: 'pred(*previous, *i)'
Assertion failed on expression: 'pred(*previous, *i)'
Assertion failed on expression: 'pred(*previous, *i)'
Assertion failed on expression: 'pred(*previous, *i)'
Assertion failed on expression: 'pred(*previous, *i)'
Assertion failed on expression: 'pred(*previous, *i)'
Assertion failed on expression: 'pred(*previous, *i)'
Assertion failed on expression: 'pred(*previous, *i)'
Assertion failed on expression: 'pred(*previous, *i)'
Assertion failed on expression: 'pred(*previous, *i)'
Assertion failed on expression: 'pred(*previous, *i)'
Assertion failed on expression: 'pred(*previous, *i)'
Assertion failed on expression: 'pred(*previous, *i)'
Assertion failed on expression: 'pred(*previous, *i)'
Assertion failed on expression: 'pred(*previous, *i)'
Assertion failed on expression: 'pred(*previous, *i)'
Assertion failed on expression: 'pred(*previous, *i)'
Assertion failed on expression: 'pred(*previous, *i)'
Assertion failed on expression: 'pred(*previous, *i)'
Assertion failed on expression: 'pred(*previous, *i)'
Assertion failed on expression: 'pred(*previous, *i)'
Assertion failed on expression: 'pred(*previous, *i)'
Assertion failed on expression: 'pred(*previous, *i)'
Assertion failed on expression: 'pred(*previous, *i)'
Assertion failed on expression: 'pred(*previous, *i)'
Assertion failed on expression: 'pred(*previous, *i)'
Assertion failed on expression: 'pred(*previous, *i)'
Assertion failed on expression: 'pred(*previous, *i)'
Assertion failed on expression: 'pred(*previous, *i)'
Assertion failed on expression: 'pred(*previous, *i)'
Assertion failed on expression: 'pred(*previous, *i)'
Assertion failed on expression: 'pred(*previous, *i)'
Assertion failed on expression: 'pred(*previous, *i)'
Assertion failed on expression: 'pred(*previous, *i)'
Assertion failed on expression: 'pred(*previous, *i)'
Assertion failed on expression: 'pred(*previous, *i)'
Assertion failed on expression: 'pred(*previous, *i)'
Assertion failed on expression: 'pred(*previous, *i)'
Assertion failed on expression: 'pred(*previous, *i)'
Assertion failed on expression: 'pred(*previous, *i)'
Assertion failed on expression: 'pred(*previous, *i)'
Assertion failed on expression: 'pred(*previous, *i)'
Assertion failed on expression: 'pred(*previous, *i)'
Assertion failed on expression: 'pred(*previous, *i)'
Assertion failed on expression: 'pred(*previous, *i)'
Assertion failed on expression: 'pred(*previous, *i)'
Assertion failed on expression: 'pred(*previous, *i)'
Assertion failed on expression: 'pred(*previous, *i)'
Assertion failed on expression: 'pred(*previous, *i)'
Assertion failed on expression: 'pred(*previous, *i)'
Assertion failed on expression: 'pred(*previous, *i)'
Assertion failed on expression: 'pred(*previous, *i)'
Assertion failed on expression: 'pred(*previous, *i)'
Assertion failed on expression: 'pred(*previous, *i)'
Assertion failed on expression: 'pred(*previous, *i)'
Assertion failed on expression: 'pred(*previous, *i)'
Assertion failed on expression: 'pred(*previous, *i)'
Assertion failed on expression: 'pred(*previous, *i)'
Assertion failed on expression: 'pred(*previous, *i)'
Assertion failed on expression: 'pred(*previous, *i)'
Assertion failed on expression: 'pred(*previous, *i)'
Assertion failed on expression: 'pred(*previous, *i)'
Assertion failed on expression: 'pred(*previous, *i)'
Assertion failed on expression: 'pred(*previous, *i)'
Assertion failed on expression: 'pred(*previous, *i)'
Assertion failed on expression: 'pred(*previous, *i)'
Assertion failed on expression: 'pred(*previous, *i)'
Assertion failed on expression: 'pred(*previous, *i)'
Assertion failed on expression: 'pred(*previous, *i)'
Assertion failed on expression: 'pred(*previous, *i)'
Assertion failed on expression: 'pred(*previous, *i)'
Assertion failed on expression: 'pred(*previous, *i)'
Assertion failed on expression: 'pred(*previous, *i)'
Assertion failed on expression: 'pred(*previous, *i)'
Assertion failed on expression: 'pred(*previous, *i)'
Assertion failed on expression: 'pred(*previous, *i)'
Assertion failed on expression: 'pred(*previous, *i)'
Assertion failed on expression: 'pred(*previous, *i)'
Assertion failed on expression: 'pred(*previous, *i)'
Assertion failed on expression: 'pred(*previous, *i)'
Assertion failed on expression: 'pred(*previous, *i)'
Assertion failed on expression: 'pred(*previous, *i)'
Assertion failed on expression: 'pred(*previous, *i)'
Assertion failed on expression: 'pred(*previous, *i)'
Assertion failed on expression: 'pred(*previous, *i)'
Assertion failed on expression: 'pred(*previous, *i)'
Assertion failed on expression: 'pred(*previous, *i)'
Assertion failed on expression: 'pred(*previous, *i)'
Assertion failed on expression: 'pred(*previous, *i)'
Assertion failed on expression: 'pred(*previous, *i)'
Assertion failed on expression: 'pred(*previous, *i)'
Assertion failed on expression: 'pred(*previous, *i)'
Assertion failed on expression: 'pred(*previous, *i)'
Assertion failed on expression: 'pred(*previous, *i)'
Assertion failed on expression: 'pred(*previous, *i)'
Assertion failed on expression: 'pred(*previous, *i)'
Assertion failed on expression: 'pred(*previous, *i)'
Assertion failed on expression: 'pred(*previous, *i)'
Assertion failed on expression: 'pred(*previous, *i)'
Assertion failed on expression: 'pred(*previous, *i)'
Assertion failed on expression: 'pred(*previous, *i)'
Assertion failed on expression: 'pred(*previous, *i)'
Assertion failed on expression: 'pred(*previous, *i)'
Assertion failed on expression: 'pred(*previous, *i)'
Assertion failed on expression: 'pred(*previous, *i)'
Assertion failed on expression: 'pred(*previous, *i)'
Assertion failed on expression: 'pred(*previous, *i)'
Assertion failed on expression: 'pred(*previous, *i)'
Assertion failed on expression: 'pred(*previous, *i)'
Assertion failed on expression: 'pred(*previous, *i)'
Assertion failed on expression: 'pred(*previous, *i)'
Assertion failed on expression: 'pred(*previous, *i)'
Assertion failed on expression: 'pred(*previous, *i)'
Assertion failed on expression: 'pred(*previous, *i)'
Assertion failed on expression: 'pred(*previous, *i)'
Assertion failed on expression: 'pred(*previous, *i)'
Assertion failed on expression: 'pred(*previous, *i)'
Assertion failed on expression: 'pred(*previous, *i)'
Assertion failed on expression: 'pred(*previous, *i)'
Assertion failed on expression: 'pred(*previous, *i)'
Assertion failed on expression: 'pred(*previous, *i)'
Assertion failed on expression: 'pred(*previous, *i)'
Assertion failed on expression: 'pred(*previous, *i)'
Assertion failed on expression: 'pred(*previous, *i)'
Assertion failed on expression: 'pred(*previous, *i)'
Assertion failed on expression: 'pred(*previous, *i)'
Assertion failed on expression: 'pred(*previous, *i)'
Assertion failed on expression: 'pred(*previous, *i)'
Assertion failed on expression: 'pred(*previous, *i)'
Assertion failed on expression: 'pred(*previous, *i)'
Assertion failed on expression: 'pred(*previous, *i)'
Assertion failed on expression: 'pred(*previous, *i)'
Assertion failed on expression: 'pred(*previous, *i)'
Assertion failed on expression: 'pred(*previous, *i)'
Assertion failed on expression: 'pred(*previous, *i)'
Assertion failed on expression: 'pred(*previous, *i)'
Assertion failed on expression: 'pred(*previous, *i)'
Assertion failed on expression: 'pred(*previous, *i)'
Assertion failed on expression: 'pred(*previous, *i)'
Assertion failed on expression: 'pred(*previous, *i)'
Assertion failed on expression: 'pred(*previous, *i)'
Assertion failed on expression: 'pred(*previous, *i)'
Assertion failed on expression: 'pred(*previous, *i)'
Assertion failed on expression: 'pred(*previous, *i)'
Assertion failed on expression: 'pred(*previous, *i)'
Assertion failed on expression: 'pred(*previous, *i)'
Assertion failed on expression: 'pred(*previous, *i)'
Assertion failed on expression: 'pred(*previous, *i)'
Assertion failed on expression: 'pred(*previous, *i)'
Assertion failed on expression: 'pred(*previous, *i)'
Assertion failed on expression: 'pred(*previous, *i)'
Assertion failed on expression: 'pred(*previous, *i)'
Assertion failed on expression: 'pred(*previous, *i)'
Assertion failed on expression: 'pred(*previous, *i)'
Assertion failed on expression: 'pred(*previous, *i)'
Assertion failed on expression: 'pred(*previous, *i)'
Assertion failed on expression: 'pred(*previous, *i)'
Assertion failed on expression: 'pred(*previous, *i)'
Assertion failed on expression: 'pred(*previous, *i)'
Assertion failed on expression: 'pred(*previous, *i)'
Assertion failed on expression: 'pred(*previous, *i)'
Assertion failed on expression: 'pred(*previous, *i)'
Assertion failed on expression: 'pred(*previous, *i)'
Assertion failed on expression: 'pred(*previous, *i)'
Assertion failed on expression: 'pred(*previous, *i)'
Assertion failed on expression: 'pred(*previous, *i)'
Assertion failed on expression: 'pred(*previous, *i)'
Assertion failed on expression: 'pred(*previous, *i)'
Assertion failed on expression: 'pred(*previous, *i)'
Assertion failed on expression: 'pred(*previous, *i)'
Assertion failed on expression: 'pred(*previous, *i)'
Assertion failed on expression: 'pred(*previous, *i)'
Assertion failed on expression: 'pred(*previous, *i)'
Assertion failed on expression: 'pred(*previous, *i)'
Assertion failed on expression: 'pred(*previous, *i)'
Assertion failed on expression: 'pred(*previous, *i)'
Assertion failed on expression: 'pred(*previous, *i)'
Assertion failed on expression: 'pred(*previous, *i)'
Assertion failed on expression: 'pred(*previous, *i)'
Assertion failed on expression: 'pred(*previous, *i)'
Assertion failed on expression: 'pred(*previous, *i)'
Assertion failed on expression: 'pred(*previous, *i)'
Assertion failed on expression: 'pred(*previous, *i)'
Assertion failed on expression: 'pred(*previous, *i)'
Assertion failed on expression: 'pred(*previous, *i)'
Assertion failed on expression: 'pred(*previous, *i)'
Assertion failed on expression: 'pred(*previous, *i)'
Assertion failed on expression: 'pred(*previous, *i)'
Assertion failed on expression: 'pred(*previous, *i)'
Assertion failed on expression: 'pred(*previous, *i)'
Assertion failed on expression: 'pred(*previous, *i)'
Assertion failed on expression: 'pred(*previous, *i)'
Assertion failed on expression: 'pred(*previous, *i)'
Assertion failed on expression: 'pred(*previous, *i)'
Assertion failed on expression: 'pred(*previous, *i)'
Assertion failed on expression: 'pred(*previous, *i)'
Assertion failed on expression: 'pred(*previous, *i)'
Assertion failed on expression: 'pred(*previous, *i)'
Assertion failed on expression: 'pred(*previous, *i)'
Assertion failed on expression: 'pred(*previous, *i)'
Assertion failed on expression: 'pred(*previous, *i)'
Assertion failed on expression: 'pred(*previous, *i)'
Assertion failed on expression: 'pred(*previous, *i)'
Assertion failed on expression: 'pred(*previous, *i)'
Assertion failed on expression: 'pred(*previous, *i)'
Assertion failed on expression: 'pred(*previous, *i)'
Assertion failed on expression: 'pred(*previous, *i)'
Assertion failed on expression: 'pred(*previous, *i)'
Assertion failed on expression: 'pred(*previous, *i)'
Assertion failed on expression: 'pred(*previous, *i)'
Assertion failed on expression: 'pred(*previous, *i)'
Assertion failed on expression: 'pred(*previous, *i)'
Assertion failed on expression: 'pred(*previous, *i)'
Assertion failed on expression: 'pred(*previous, *i)'
Assertion failed on expression: 'pred(*previous, *i)'
Assertion failed on expression: 'pred(*previous, *i)'
Assertion failed on expression: 'pred(*previous, *i)'
Assertion failed on expression: 'pred(*previous, *i)'
Assertion failed on expression: 'pred(*previous, *i)'
Assertion failed on expression: 'pred(*previous, *i)'
Assertion failed on expression: 'pred(*previous, *i)'
Assertion failed on expression: 'pred(*previous, *i)'
Assertion failed on expression: 'pred(*previous, *i)'
Assertion failed on expression: 'pred(*previous, *i)'
Assertion failed on expression: 'pred(*previous, *i)'
Assertion failed on expression: 'pred(*previous, *i)'
Assertion failed on expression: 'pred(*previous, *i)'
Assertion failed on expression: 'pred(*previous, *i)'
Assertion failed on expression: 'pred(*previous, *i)'
Assertion failed on expression: 'pred(*previous, *i)'
Assertion failed on expression: 'pred(*previous, *i)'
Assertion failed on expression: 'pred(*previous, *i)'
Assertion failed on expression: 'pred(*previous, *i)'
Assertion failed on expression: 'pred(*previous, *i)'
Assertion failed on expression: 'pred(*previous, *i)'
Assertion failed on expression: 'pred(*previous, *i)'
Assertion failed on expression: 'pred(*previous, *i)'
Assertion failed on expression: 'pred(*previous, *i)'
Assertion failed on expression: 'pred(*previous, *i)'
Assertion failed on expression: 'pred(*previous, *i)'
Assertion failed on expression: 'pred(*previous, *i)'
Assertion failed on expression: 'pred(*previous, *i)'
Assertion failed on expression: 'pred(*previous, *i)'
Assertion failed on expression: 'pred(*previous, *i)'
Assertion failed on expression: 'pred(*previous, *i)'
Assertion failed on expression: 'pred(*previous, *i)'
Assertion failed on expression: 'pred(*previous, *i)'
Assertion failed on expression: 'pred(*previous, *i)'
Assertion failed on expression: 'pred(*previous, *i)'
Assertion failed on expression: 'pred(*previous, *i)'
Assertion failed on expression: 'pred(*previous, *i)'
Assertion failed on expression: 'pred(*previous, *i)'
Assertion failed on expression: 'pred(*previous, *i)'
Assertion failed on expression: 'pred(*previous, *i)'
Assertion failed on expression: 'pred(*previous, *i)'
Assertion failed on expression: 'pred(*previous, *i)'
Assertion failed on expression: 'pred(*previous, *i)'
Assertion failed on expression: 'pred(*previous, *i)'
Assertion failed on expression: 'pred(*previous, *i)'
Assertion failed on expression: 'pred(*previous, *i)'
Assertion failed on expression: 'pred(*previous, *i)'
Assertion failed on expression: 'pred(*previous, *i)'
Assertion failed on expression: 'pred(*previous, *i)'
Assertion failed on expression: 'pred(*previous, *i)'
Assertion failed on expression: 'pred(*previous, *i)'
Assertion failed on expression: 'pred(*previous, *i)'
Assertion failed on expression: 'pred(*previous, *i)'
Assertion failed on expression: 'pred(*previous, *i)'
Assertion failed on expression: 'pred(*previous, *i)'
Assertion failed on expression: 'pred(*previous, *i)'
Assertion failed on expression: 'pred(*previous, *i)'
Assertion failed on expression: 'pred(*previous, *i)'
Assertion failed on expression: 'pred(*previous, *i)'
Assertion failed on expression: 'pred(*previous, *i)'
Assertion failed on expression: 'pred(*previous, *i)'
Assertion failed on expression: 'pred(*previous, *i)'
Assertion failed on expression: 'pred(*previous, *i)'
Assertion failed on expression: 'pred(*previous, *i)'
Assertion failed on expression: 'pred(*previous, *i)'
Assertion failed on expression: 'pred(*previous, *i)'
Assertion failed on expression: 'pred(*previous, *i)'
Assertion failed on expression: 'pred(*previous, *i)'
Assertion failed on expression: 'pred(*previous, *i)'
Assertion failed on expression: 'pred(*previous, *i)'
Assertion failed on expression: 'pred(*previous, *i)'
Assertion failed on expression: 'pred(*previous, *i)'
Assertion failed on expression: 'pred(*previous, *i)'
Assertion failed on expression: 'pred(*previous, *i)'
Assertion failed on expression: 'pred(*previous, *i)'
Assertion failed on expression: 'pred(*previous, *i)'
Assertion failed on expression: 'pred(*previous, *i)'
Assertion failed on expression: 'pred(*previous, *i)'
Assertion failed on expression: 'pred(*previous, *i)'
Assertion failed on expression: 'pred(*previous, *i)'
Assertion failed on expression: 'pred(*previous, *i)'
Assertion failed on expression: 'pred(*previous, *i)'
Assertion failed on expression: 'pred(*previous, *i)'
Assertion failed on expression: 'pred(*previous, *i)'
Assertion failed on expression: 'pred(*previous, *i)'
Assertion failed on expression: 'pred(*previous, *i)'
Assertion failed on expression: 'pred(*previous, *i)'
Assertion failed on expression: 'pred(*previous, *i)'
Assertion failed on expression: 'pred(*previous, *i)'
Assertion failed on expression: 'pred(*previous, *i)'
Assertion failed on expression: 'pred(*previous, *i)'
Assertion failed on expression: 'pred(*previous, *i)'
Assertion failed on expression: 'pred(*previous, *i)'
Assertion failed on expression: 'pred(*previous, *i)'
Assertion failed on expression: 'pred(*previous, *i)'
Assertion failed on expression: 'pred(*previous, *i)'
Assertion failed on expression: 'pred(*previous, *i)'
Assertion failed on expression: 'pred(*previous, *i)'
Assertion failed on expression: 'pred(*previous, *i)'
Assertion failed on expression: 'pred(*previous, *i)'
Assertion failed on expression: 'pred(*previous, *i)'
Assertion failed on expression: 'pred(*previous, *i)'
Assertion failed on expression: 'pred(*previous, *i)'
Assertion failed on expression: 'pred(*previous, *i)'
Assertion failed on expression: 'pred(*previous, *i)'
Assertion failed on expression: 'pred(*previous, *i)'
Assertion failed on expression: 'pred(*previous, *i)'
Assertion failed on expression: 'pred(*previous, *i)'
Assertion failed on expression: 'pred(*previous, *i)'
Assertion failed on expression: 'pred(*previous, *i)'
Assertion failed on expression: 'pred(*previous, *i)'
Assertion failed on expression: 'pred(*previous, *i)'
Assertion failed on expression: 'pred(*previous, *i)'
Assertion failed on expression: 'pred(*previous, *i)'
Assertion failed on expression: 'pred(*previous, *i)'
Assertion failed on expression: 'pred(*previous, *i)'
Assertion failed on expression: 'pred(*previous, *i)'
Assertion failed on expression: 'pred(*previous, *i)'
Assertion failed on expression: 'pred(*previous, *i)'
Assertion failed on expression: 'pred(*previous, *i)'
Assertion failed on expression: 'pred(*previous, *i)'
Assertion failed on expression: 'pred(*previous, *i)'
Assertion failed on expression: 'pred(*previous, *i)'
Assertion failed on expression: 'pred(*previous, *i)'
Assertion failed on expression: 'pred(*previous, *i)'
Assertion failed on expression: 'pred(*previous, *i)'
Assertion failed on expression: 'pred(*previous, *i)'
Assertion failed on expression: 'pred(*previous, *i)'
Assertion failed on expression: 'pred(*previous, *i)'
Assertion failed on expression: 'pred(*previous, *i)'
Assertion failed on expression: 'pred(*previous, *i)'
Assertion failed on expression: 'pred(*previous, *i)'
Assertion failed on expression: 'pred(*previous, *i)'
Assertion failed on expression: 'pred(*previous, *i)'
Assertion failed on expression: 'pred(*previous, *i)'
Assertion failed on expression: 'pred(*previous, *i)'
Assertion failed on expression: 'pred(*previous, *i)'
Assertion failed on expression: 'pred(*previous, *i)'
Assertion failed on expression: 'pred(*previous, *i)'
Assertion failed on expression: 'pred(*previous, *i)'
Assertion failed on expression: 'pred(*previous, *i)'
Assertion failed on expression: 'pred(*previous, *i)'
Assertion failed on expression: 'pred(*previous, *i)'
Assertion failed on expression: 'pred(*previous, *i)'
Assertion failed on expression: 'pred(*previous, *i)'
Assertion failed on expression: 'pred(*previous, *i)'
Assertion failed on expression: 'pred(*previous, *i)'
Assertion failed on expression: 'pred(*previous, *i)'
Assertion failed on expression: 'pred(*previous, *i)'
Assertion failed on expression: 'pred(*previous, *i)'
Assertion failed on expression: 'pred(*previous, *i)'
Assertion failed on expression: 'pred(*previous, *i)'
Assertion failed on expression: 'pred(*previous, *i)'
Assertion failed on expression: 'pred(*previous, *i)'
Assertion failed on expression: 'pred(*previous, *i)'
Assertion failed on expression: 'pred(*previous, *i)'
Assertion failed on expression: 'pred(*previous, *i)'
Assertion failed on expression: 'pred(*previous, *i)'
Assertion failed on expression: 'pred(*previous, *i)'
Assertion failed on expression: 'pred(*previous, *i)'
Assertion failed on expression: 'pred(*previous, *i)'
Assertion failed on expression: 'pred(*previous, *i)'
Assertion failed on expression: 'pred(*previous, *i)'
Assertion failed on expression: 'pred(*previous, *i)'
Assertion failed on expression: 'pred(*previous, *i)'
Assertion failed on expression: 'pred(*previous, *i)'
Assertion failed on expression: 'pred(*previous, *i)'
Assertion failed on expression: 'pred(*previous, *i)'
Assertion failed on expression: 'pred(*previous, *i)'
Assertion failed on expression: 'pred(*previous, *i)'
Assertion failed on expression: 'pred(*previous, *i)'
Assertion failed on expression: 'pred(*previous, *i)'
Assertion failed on expression: 'pred(*previous, *i)'
Assertion failed on expression: 'pred(*previous, *i)'
Assertion failed on expression: 'pred(*previous, *i)'
Assertion failed on expression: 'pred(*previous, *i)'
Assertion failed on expression: 'pred(*previous, *i)'
Assertion failed on expression: 'pred(*previous, *i)'
Assertion failed on expression: 'pred(*previous, *i)'
Assertion failed on expression: 'pred(*previous, *i)'
Assertion failed on expression: 'pred(*previous, *i)'
Assertion failed on expression: 'pred(*previous, *i)'
Assertion failed on expression: 'pred(*previous, *i)'
Assertion failed on expression: 'pred(*previous, *i)'
Assertion failed on expression: 'pred(*previous, *i)'
Assertion failed on expression: 'pred(*previous, *i)'
Assertion failed on expression: 'pred(*previous, *i)'
Assertion failed on expression: 'pred(*previous, *i)'
Assertion failed on expression: 'pred(*previous, *i)'
Assertion failed on expression: 'pred(*previous, *i)'
Assertion failed on expression: 'pred(*previous, *i)'
Assertion failed on expression: 'pred(*previous, *i)'
Assertion failed on expression: 'pred(*previous, *i)'
Assertion failed on expression: 'pred(*previous, *i)'
Assertion failed on expression: 'pred(*previous, *i)'
Assertion failed on expression: 'pred(*previous, *i)'
Assertion failed on expression: 'pred(*previous, *i)'
Assertion failed on expression: 'pred(*previous, *i)'
Assertion failed on expression: 'pred(*previous, *i)'
Assertion failed on expression: 'pred(*previous, *i)'
Assertion failed on expression: 'pred(*previous, *i)'
Assertion failed on expression: 'pred(*previous, *i)'
Assertion failed on expression: 'pred(*previous, *i)'
Assertion failed on expression: 'pred(*previous, *i)'
Assertion failed on expression: 'pred(*previous, *i)'
Assertion failed on expression: 'pred(*previous, *i)'
Assertion failed on expression: 'pred(*previous, *i)'
Assertion failed on expression: 'pred(*previous, *i)'
Assertion failed on expression: 'pred(*previous, *i)'
Assertion failed on expression: 'pred(*previous, *i)'
Assertion failed on expression: 'pred(*previous, *i)'
Assertion failed on expression: 'pred(*previous, *i)'
Assertion failed on expression: 'pred(*previous, *i)'
Assertion failed on expression: 'pred(*previous, *i)'
Assertion failed on expression: 'pred(*previous, *i)'
Assertion failed on expression: 'pred(*previous, *i)'
Assertion failed on expression: 'pred(*previous, *i)'
Assertion failed on expression: 'pred(*previous, *i)'
Assertion failed on expression: 'pred(*previous, *i)'
Assertion failed on expression: 'pred(*previous, *i)'
Assertion failed on expression: 'pred(*previous, *i)'
Assertion failed on expression: 'pred(*previous, *i)'
Assertion failed on expression: 'pred(*previous, *i)'
Assertion failed on expression: 'pred(*previous, *i)'
Assertion failed on expression: 'pred(*previous, *i)'
Assertion failed on expression: 'pred(*previous, *i)'
Assertion failed on expression: 'pred(*previous, *i)'
Assertion failed on expression: 'pred(*previous, *i)'
Assertion failed on expression: 'pred(*previous, *i)'
Assertion failed on expression: 'pred(*previous, *i)'
Assertion failed on expression: 'pred(*previous, *i)'
Assertion failed on expression: 'pred(*previous, *i)'
Assertion failed on expression: 'pred(*previous, *i)'
Assertion failed on expression: 'pred(*previous, *i)'
Assertion failed on expression: 'pred(*previous, *i)'
Assertion failed on expression: 'pred(*previous, *i)'
Assertion failed on expression: 'pred(*previous, *i)'
Assertion failed on expression: 'pred(*previous, *i)'
Assertion failed on expression: 'pred(*previous, *i)'
Assertion failed on expression: 'pred(*previous, *i)'
Assertion failed on expression: 'pred(*previous, *i)'
Assertion failed on expression: 'pred(*previous, *i)'
Assertion failed on expression: 'pred(*previous, *i)'
Assertion failed on expression: 'pred(*previous, *i)'
Assertion failed on expression: 'pred(*previous, *i)'
Assertion failed on expression: 'pred(*previous, *i)'
Assertion failed on expression: 'pred(*previous, *i)'
Assertion failed on expression: 'pred(*previous, *i)'
Assertion failed on expression: 'pred(*previous, *i)'
Assertion failed on expression: 'pred(*previous, *i)'
Assertion failed on expression: 'pred(*previous, *i)'
Assertion failed on expression: 'pred(*previous, *i)'
Assertion failed on expression: 'pred(*previous, *i)'
Assertion failed on expression: 'pred(*previous, *i)'
Assertion failed on expression: 'pred(*previous, *i)'
Assertion failed on expression: 'pred(*previous, *i)'
Assertion failed on expression: 'pred(*previous, *i)'
Assertion failed on expression: 'pred(*previous, *i)'
Assertion failed on expression: 'pred(*previous, *i)'
Assertion failed on expression: 'pred(*previous, *i)'
Assertion failed on expression: 'pred(*previous, *i)'
Assertion failed on expression: 'pred(*previous, *i)'
Assertion failed on expression: 'pred(*previous, *i)'
Assertion failed on expression: 'pred(*previous, *i)'
Assertion failed on expression: 'pred(*previous, *i)'
Assertion failed on expression: 'pred(*previous, *i)'
Assertion failed on expression: 'pred(*previous, *i)'
Assertion failed on expression: 'pred(*previous, *i)'
Assertion failed on expression: 'pred(*previous, *i)'
Assertion failed on expression: 'pred(*previous, *i)'
Assertion failed on expression: 'pred(*previous, *i)'
Assertion failed on expression: 'pred(*previous, *i)'
Assertion failed on expression: 'pred(*previous, *i)'
Assertion failed on expression: 'pred(*previous, *i)'
Assertion failed on expression: 'pred(*previous, *i)'
Assertion failed on expression: 'pred(*previous, *i)'
Assertion failed on expression: 'pred(*previous, *i)'
Assertion failed on expression: 'pred(*previous, *i)'
Assertion failed on expression: 'pred(*previous, *i)'
Assertion failed on expression: 'pred(*previous, *i)'
Assertion failed on expression: 'pred(*previous, *i)'
Assertion failed on expression: 'pred(*previous, *i)'
Assertion failed on expression: 'pred(*previous, *i)'
Assertion failed on expression: 'pred(*previous, *i)'
Assertion failed on expression: 'pred(*previous, *i)'
Assertion failed on expression: 'pred(*previous, *i)'
Assertion failed on expression: 'pred(*previous, *i)'
Assertion failed on expression: 'pred(*previous, *i)'
Assertion failed on expression: 'pred(*previous, *i)'
Assertion failed on expression: 'pred(*previous, *i)'
Assertion failed on expression: 'pred(*previous, *i)'
Assertion failed on expression: 'pred(*previous, *i)'
Assertion failed on expression: 'pred(*previous, *i)'
Assertion failed on expression: 'pred(*previous, *i)'
Assertion failed on expression: 'pred(*previous, *i)'
Assertion failed on expression: 'pred(*previous, *i)'
Assertion failed on expression: 'pred(*previous, *i)'
Assertion failed on expression: 'pred(*previous, *i)'
Assertion failed on expression: 'pred(*previous, *i)'
Assertion failed on expression: 'pred(*previous, *i)'
Assertion failed on expression: 'pred(*previous, *i)'
Assertion failed on expression: 'pred(*previous, *i)'
Assertion failed on expression: 'pred(*previous, *i)'
Assertion failed on expression: 'pred(*previous, *i)'
Assertion failed on expression: 'pred(*previous, *i)'
Assertion failed on expression: 'pred(*previous, *i)'
Assertion failed on expression: 'pred(*previous, *i)'
Assertion failed on expression: 'pred(*previous, *i)'
Assertion failed on expression: 'pred(*previous, *i)'
Assertion failed on expression: 'pred(*previous, *i)'
Assertion failed on expression: 'pred(*previous, *i)'
Assertion failed on expression: 'pred(*previous, *i)'
Assertion failed on expression: 'pred(*previous, *i)'
Assertion failed on expression: 'pred(*previous, *i)'
Assertion failed on expression: 'pred(*previous, *i)'
Assertion failed on expression: 'pred(*previous, *i)'
Assertion failed on expression: 'pred(*previous, *i)'
Assertion failed on expression: 'pred(*previous, *i)'
Assertion failed on expression: 'pred(*previous, *i)'
Assertion failed on expression: 'pred(*previous, *i)'
Assertion failed on expression: 'pred(*previous, *i)'
Assertion failed on expression: 'pred(*previous, *i)'
Assertion failed on expression: 'pred(*previous, *i)'
Assertion failed on expression: 'pred(*previous, *i)'
Assertion failed on expression: 'pred(*previous, *i)'
Assertion failed on expression: 'pred(*previous, *i)'
Assertion failed on expression: 'pred(*previous, *i)'
Assertion failed on expression: 'pred(*previous, *i)'
Assertion failed on expression: 'pred(*previous, *i)'
Assertion failed on expression: 'pred(*previous, *i)'
Assertion failed on expression: 'pred(*previous, *i)'
Assertion failed on expression: 'pred(*previous, *i)'
Assertion failed on expression: 'pred(*previous, *i)'
Assertion failed on expression: 'pred(*previous, *i)'
Assertion failed on expression: 'pred(*previous, *i)'
Assertion failed on expression: 'pred(*previous, *i)'
Assertion failed on expression: 'pred(*previous, *i)'
Assertion failed on expression: 'pred(*previous, *i)'
Assertion failed on expression: 'pred(*previous, *i)'
Assertion failed on expression: 'pred(*previous, *i)'
Assertion failed on expression: 'pred(*previous, *i)'
Assertion failed on expression: 'pred(*previous, *i)'
Assertion failed on expression: 'pred(*previous, *i)'
Assertion failed on expression: 'pred(*previous, *i)'
Assertion failed on expression: 'pred(*previous, *i)'
Assertion failed on expression: 'pred(*previous, *i)'
Assertion failed on expression: 'pred(*previous, *i)'
Assertion failed on expression: 'pred(*previous, *i)'
Assertion failed on expression: 'pred(*previous, *i)'
Assertion failed on expression: 'pred(*previous, *i)'
Assertion failed on expression: 'pred(*previous, *i)'
Assertion failed on expression: 'pred(*previous, *i)'
Assertion failed on expression: 'pred(*previous, *i)'
Assertion failed on expression: 'pred(*previous, *i)'
Assertion failed on expression: 'pred(*previous, *i)'
Assertion failed on expression: 'pred(*previous, *i)'
Assertion failed on expression: 'pred(*previous, *i)'
Assertion failed on expression: 'pred(*previous, *i)'
Assertion failed on expression: 'pred(*previous, *i)'
Assertion failed on expression: 'pred(*previous, *i)'
Assertion failed on expression: 'pred(*previous, *i)'
Assertion failed on expression: 'pred(*previous, *i)'
Assertion failed on expression: 'pred(*previous, *i)'
Assertion failed on expression: 'pred(*previous, *i)'
Assertion failed on expression: 'pred(*previous, *i)'
Assertion failed on expression: 'pred(*previous, *i)'
Assertion failed on expression: 'pred(*previous, *i)'
Assertion failed on expression: 'pred(*previous, *i)'
Assertion failed on expression: 'pred(*previous, *i)'
Assertion failed on expression: 'pred(*previous, *i)'
Assertion failed on expression: 'pred(*previous, *i)'
Assertion failed on expression: 'pred(*previous, *i)'
Assertion failed on expression: 'pred(*previous, *i)'
Assertion failed on expression: 'pred(*previous, *i)'
Assertion failed on expression: 'pred(*previous, *i)'
Assertion failed on expression: 'pred(*previous, *i)'
Assertion failed on expression: 'pred(*previous, *i)'
Assertion failed on expression: 'pred(*previous, *i)'
Assertion failed on expression: 'pred(*previous, *i)'
Assertion failed on expression: 'pred(*previous, *i)'
Assertion failed on expression: 'pred(*previous, *i)'
Assertion failed on expression: 'pred(*previous, *i)'
Assertion failed on expression: 'pred(*previous, *i)'
Assertion failed on expression: 'pred(*previous, *i)'
Assertion failed on expression: 'pred(*previous, *i)'
Assertion failed on expression: 'pred(*previous, *i)'
Assertion failed on expression: 'pred(*previous, *i)'
Assertion failed on expression: 'pred(*previous, *i)'
Assertion failed on expression: 'pred(*previous, *i)'
Assertion failed on expression: 'pred(*previous, *i)'
Assertion failed on expression: 'pred(*previous, *i)'
Assertion failed on expression: 'pred(*previous, *i)'
Assertion failed on expression: 'pred(*previous, *i)'
Assertion failed on expression: 'pred(*previous, *i)'
Assertion failed on expression: 'pred(*previous, *i)'
Assertion failed on expression: 'pred(*previous, *i)'
Assertion failed on expression: 'pred(*previous, *i)'
Assertion failed on expression: 'pred(*previous, *i)'
Assertion failed on expression: 'pred(*previous, *i)'
Assertion failed on expression: 'pred(*previous, *i)'
Assertion failed on expression: 'pred(*previous, *i)'
Assertion failed on expression: 'pred(*previous, *i)'
Assertion failed on expression: 'pred(*previous, *i)'
Assertion failed on expression: 'pred(*previous, *i)'
Assertion failed on expression: 'pred(*previous, *i)'
Assertion failed on expression: 'pred(*previous, *i)'
Assertion failed on expression: 'pred(*previous, *i)'
Assertion failed on expression: 'pred(*previous, *i)'
Assertion failed on expression: 'pred(*previous, *i)'
Assertion failed on expression: 'pred(*previous, *i)'
Assertion failed on expression: 'pred(*previous, *i)'
Assertion failed on expression: 'pred(*previous, *i)'
Assertion failed on expression: 'pred(*previous, *i)'
Assertion failed on expression: 'pred(*previous, *i)'
Assertion failed on expression: 'pred(*previous, *i)'
Assertion failed on expression: 'pred(*previous, *i)'
Assertion failed on expression: 'pred(*previous, *i)'
Assertion failed on expression: 'pred(*previous, *i)'
Assertion failed on expression: 'pred(*previous, *i)'
Assertion failed on expression: 'pred(*previous, *i)'
Assertion failed on expression: 'pred(*previous, *i)'
Assertion failed on expression: 'pred(*previous, *i)'
Assertion failed on expression: 'pred(*previous, *i)'
Assertion failed on expression: 'pred(*previous, *i)'
Assertion failed on expression: 'pred(*previous, *i)'
Assertion failed on expression: 'pred(*previous, *i)'
Assertion failed on expression: 'pred(*previous, *i)'
Assertion failed on expression: 'pred(*previous, *i)'
Assertion failed on expression: 'pred(*previous, *i)'
Assertion failed on expression: 'pred(*previous, *i)'
Assertion failed on expression: 'pred(*previous, *i)'
Assertion failed on expression: 'pred(*previous, *i)'
Assertion failed on expression: 'pred(*previous, *i)'
Assertion failed on expression: 'pred(*previous, *i)'
Assertion failed on expression: 'pred(*previous, *i)'
Assertion failed on expression: 'pred(*previous, *i)'
Assertion failed on expression: 'pred(*previous, *i)'
Assertion failed on expression: 'pred(*previous, *i)'
Assertion failed on expression: 'pred(*previous, *i)'
Assertion failed on expression: 'pred(*previous, *i)'
Assertion failed on expression: 'pred(*previous, *i)'
Assertion failed on expression: 'pred(*previous, *i)'
Assertion failed on expression: 'pred(*previous, *i)'
Assertion failed on expression: 'pred(*previous, *i)'
Assertion failed on expression: 'pred(*previous, *i)'
Assertion failed on expression: 'pred(*previous, *i)'
Assertion failed on expression: 'pred(*previous, *i)'
Assertion failed on expression: 'pred(*previous, *i)'
Assertion failed on expression: 'pred(*previous, *i)'
Assertion failed on expression: 'pred(*previous, *i)'
Assertion failed on expression: 'pred(*previous, *i)'
Assertion failed on expression: 'pred(*previous, *i)'
Assertion failed on expression: 'pred(*previous, *i)'
Assertion failed on expression: 'pred(*previous, *i)'
Assertion failed on expression: 'pred(*previous, *i)'
Assertion failed on expression: 'pred(*previous, *i)'
Assertion failed on expression: 'pred(*previous, *i)'
Assertion failed on expression: 'pred(*previous, *i)'
Assertion failed on expression: 'pred(*previous, *i)'
Assertion failed on expression: 'pred(*previous, *i)'
Assertion failed on expression: 'pred(*previous, *i)'
Assertion failed on expression: 'pred(*previous, *i)'
Assertion failed on expression: 'pred(*previous, *i)'
Assertion failed on expression: 'pred(*previous, *i)'
Assertion failed on expression: 'pred(*previous, *i)'
Assertion failed on expression: 'pred(*previous, *i)'
Assertion failed on expression: 'pred(*previous, *i)'
Assertion failed on expression: 'pred(*previous, *i)'
Assertion failed on expression: 'pred(*previous, *i)'
Assertion failed on expression: 'pred(*previous, *i)'
Assertion failed on expression: 'pred(*previous, *i)'
Assertion failed on expression: 'pred(*previous, *i)'
Assertion failed on expression: 'pred(*previous, *i)'
Assertion failed on expression: 'pred(*previous, *i)'
Assertion failed on expression: 'pred(*previous, *i)'
Assertion failed on expression: 'pred(*previous, *i)'
Assertion failed on expression: 'pred(*previous, *i)'
Assertion failed on expression: 'pred(*previous, *i)'
Assertion failed on expression: 'pred(*previous, *i)'
Assertion failed on expression: 'pred(*previous, *i)'
Assertion failed on expression: 'pred(*previous, *i)'
Assertion failed on expression: 'pred(*previous, *i)'
Assertion failed on expression: 'pred(*previous, *i)'
Assertion failed on expression: 'pred(*previous, *i)'
Assertion failed on expression: 'pred(*previous, *i)'
Assertion failed on expression: 'pred(*previous, *i)'
Assertion failed on expression: 'pred(*previous, *i)'
Assertion failed on expression: 'pred(*previous, *i)'
Assertion failed on expression: 'pred(*previous, *i)'
Assertion failed on expression: 'pred(*previous, *i)'
Assertion failed on expression: 'pred(*previous, *i)'
Assertion failed on expression: 'pred(*previous, *i)'
Assertion failed on expression: 'pred(*previous, *i)'
Assertion failed on expression: 'pred(*previous, *i)'
Assertion failed on expression: 'pred(*previous, *i)'
Assertion failed on expression: 'pred(*previous, *i)'
Assertion failed on expression: 'pred(*previous, *i)'
Assertion failed on expression: 'pred(*previous, *i)'
Assertion failed on expression: 'pred(*previous, *i)'
Assertion failed on expression: 'pred(*previous, *i)'
Assertion failed on expression: 'pred(*previous, *i)'
Assertion failed on expression: 'pred(*previous, *i)'
Assertion failed on expression: 'pred(*previous, *i)'
Assertion failed on expression: 'pred(*previous, *i)'
Assertion failed on expression: 'pred(*previous, *i)'
Assertion failed on expression: 'pred(*previous, *i)'
Assertion failed on expression: 'pred(*previous, *i)'
Assertion failed on expression: 'pred(*previous, *i)'
Assertion failed on expression: 'pred(*previous, *i)'
Assertion failed on expression: 'pred(*previous, *i)'
Assertion failed on expression: 'pred(*previous, *i)'
Assertion failed on expression: 'pred(*previous, *i)'
Assertion failed on expression: 'pred(*previous, *i)'
Assertion failed on expression: 'pred(*previous, *i)'
Assertion failed on expression: 'pred(*previous, *i)'
Assertion failed on expression: 'pred(*previous, *i)'
Assertion failed on expression: 'pred(*previous, *i)'
Assertion failed on expression: 'pred(*previous, *i)'
Assertion failed on expression: 'pred(*previous, *i)'
Assertion failed on expression: 'pred(*previous, *i)'
Assertion failed on expression: 'pred(*previous, *i)'
Assertion failed on expression: 'pred(*previous, *i)'
Assertion failed on expression: 'pred(*previous, *i)'
Assertion failed on expression: 'pred(*previous, *i)'
Assertion failed on expression: 'pred(*previous, *i)'
Assertion failed on expression: 'pred(*previous, *i)'
Assertion failed on expression: 'pred(*previous, *i)'
Assertion failed on expression: 'pred(*previous, *i)'
Assertion failed on expression: 'pred(*previous, *i)'
Assertion failed on expression: 'pred(*previous, *i)'
Assertion failed on expression: 'pred(*previous, *i)'
Assertion failed on expression: 'pred(*previous, *i)'
Assertion failed on expression: 'pred(*previous, *i)'
Assertion failed on expression: 'pred(*previous, *i)'
Assertion failed on expression: 'pred(*previous, *i)'
Assertion failed on expression: 'pred(*previous, *i)'
Assertion failed on expression: 'pred(*previous, *i)'
Assertion failed on expression: 'pred(*previous, *i)'
Assertion failed on expression: 'pred(*previous, *i)'
Assertion failed on expression: 'pred(*previous, *i)'
Assertion failed on expression: 'pred(*previous, *i)'
Assertion failed on expression: 'pred(*previous, *i)'
Assertion failed on expression: 'pred(*previous, *i)'
Assertion failed on expression: 'pred(*previous, *i)'
Assertion failed on expression: 'pred(*previous, *i)'
Assertion failed on expression: 'pred(*previous, *i)'
Assertion failed on expression: 'pred(*previous, *i)'
Assertion failed on expression: 'pred(*previous, *i)'
Assertion failed on expression: 'pred(*previous, *i)'
Assertion failed on expression: 'pred(*previous, *i)'
Assertion failed on expression: 'pred(*previous, *i)'
Assertion failed on expression: 'pred(*previous, *i)'
Assertion failed on expression: 'pred(*previous, *i)'
Assertion failed on expression: 'pred(*previous, *i)'
Assertion failed on expression: 'pred(*previous, *i)'
Assertion failed on expression: 'pred(*previous, *i)'
Assertion failed on expression: 'pred(*previous, *i)'
Assertion failed on expression: 'pred(*previous, *i)'
Assertion failed on expression: 'pred(*previous, *i)'
Assertion failed on expression: 'pred(*previous, *i)'
Assertion failed on expression: 'pred(*previous, *i)'
Assertion failed on expression: 'pred(*previous, *i)'
Assertion failed on expression: 'pred(*previous, *i)'
Assertion failed on expression: 'pred(*previous, *i)'
Assertion failed on expression: 'pred(*previous, *i)'
Assertion failed on expression: 'pred(*previous, *i)'
Assertion failed on expression: 'pred(*previous, *i)'
Assertion failed on expression: 'pred(*previous, *i)'
Assertion failed on expression: 'pred(*previous, *i)'
Assertion failed on expression: 'pred(*previous, *i)'
Assertion failed on expression: 'pred(*previous, *i)'
Assertion failed on expression: 'pred(*previous, *i)'
Assertion failed on expression: 'pred(*previous, *i)'
Assertion failed on expression: 'pred(*previous, *i)'
Assertion failed on expression: 'pred(*previous, *i)'
Assertion failed on expression: 'pred(*previous, *i)'
Assertion failed on expression: 'pred(*previous, *i)'
Assertion failed on expression: 'pred(*previous, *i)'
Assertion failed on expression: 'pred(*previous, *i)'
Assertion failed on expression: 'pred(*previous, *i)'
Assertion failed on expression: 'pred(*previous, *i)'
Assertion failed on expression: 'pred(*previous, *i)'
Assertion failed on expression: 'pred(*previous, *i)'
Assertion failed on expression: 'pred(*previous, *i)'
Assertion failed on expression: 'pred(*previous, *i)'
Assertion failed on expression: 'pred(*previous, *i)'
Assertion failed on expression: 'pred(*previous, *i)'
Assertion failed on expression: 'pred(*previous, *i)'
Assertion failed on expression: 'pred(*previous, *i)'
Assertion failed on expression: 'pred(*previous, *i)'
Assertion failed on expression: 'pred(*previous, *i)'
Assertion failed on expression: 'pred(*previous, *i)'
Assertion failed on expression: 'pred(*previous, *i)'
Assertion failed on expression: 'pred(*previous, *i)'
Assertion failed on expression: 'pred(*previous, *i)'
Assertion failed on expression: 'pred(*previous, *i)'
Assertion failed on expression: 'pred(*previous, *i)'
Assertion failed on expression: 'pred(*previous, *i)'
Assertion failed on expression: 'pred(*previous, *i)'
Assertion failed on expression: 'pred(*previous, *i)'
Assertion failed on expression: 'pred(*previous, *i)'
Assertion failed on expression: 'pred(*previous, *i)'
Assertion failed on expression: 'pred(*previous, *i)'
Assertion failed on expression: 'pred(*previous, *i)'
Assertion failed on expression: 'pred(*previous, *i)'
Assertion failed on expression: 'pred(*previous, *i)'
Assertion failed on expression: 'pred(*previous, *i)'
Assertion failed on expression: 'pred(*previous, *i)'
Assertion failed on expression: 'pred(*previous, *i)'
Assertion failed on expression: 'pred(*previous, *i)'
Assertion failed on expression: 'pred(*previous, *i)'
Assertion failed on expression: 'pred(*previous, *i)'
Assertion failed on expression: 'pred(*previous, *i)'
Assertion failed on expression: 'pred(*previous, *i)'
Assertion failed on expression: 'pred(*previous, *i)'
Assertion failed on expression: 'pred(*previous, *i)'
Assertion failed on expression: 'pred(*previous, *i)'
Assertion failed on expression: 'pred(*previous, *i)'
Assertion failed on expression: 'pred(*previous, *i)'
Assertion failed on expression: 'pred(*previous, *i)'
Assertion failed on expression: 'pred(*previous, *i)'
Assertion failed on expression: 'pred(*previous, *i)'
Assertion failed on expression: 'pred(*previous, *i)'
Assertion failed on expression: 'pred(*previous, *i)'
Assertion failed on expression: 'pred(*previous, *i)'
Assertion failed on expression: 'pred(*previous, *i)'
Assertion failed on expression: 'pred(*previous, *i)'
Assertion failed on expression: 'pred(*previous, *i)'
Assertion failed on expression: 'pred(*previous, *i)'
Assertion failed on expression: 'pred(*previous, *i)'
Assertion failed on expression: 'pred(*previous, *i)'
Assertion failed on expression: 'pred(*previous, *i)'
Assertion failed on expression: 'pred(*previous, *i)'
Assertion failed on expression: 'pred(*previous, *i)'
Assertion failed on expression: 'pred(*previous, *i)'
Assertion failed on expression: 'pred(*previous, *i)'
Assertion failed on expression: 'pred(*previous, *i)'
Assertion failed on expression: 'pred(*previous, *i)'
Assertion failed on expression: 'pred(*previous, *i)'
Assertion failed on expression: 'pred(*previous, *i)'
Assertion failed on expression: 'pred(*previous, *i)'
Assertion failed on expression: 'pred(*previous, *i)'
Assertion failed on expression: 'pred(*previous, *i)'
Assertion failed on expression: 'pred(*previous, *i)'
Assertion failed on expression: 'pred(*previous, *i)'
Assertion failed on expression: 'pred(*previous, *i)'
Assertion failed on expression: 'pred(*previous, *i)'
Assertion failed on expression: 'pred(*previous, *i)'
Assertion failed on expression: 'pred(*previous, *i)'
Assertion failed on expression: 'pred(*previous, *i)'
Assertion failed on expression: 'pred(*previous, *i)'
Assertion failed on expression: 'pred(*previous, *i)'
Assertion failed on expression: 'pred(*previous, *i)'
Assertion failed on expression: 'pred(*previous, *i)'
Assertion failed on expression: 'pred(*previous, *i)'
Assertion failed on expression: 'pred(*previous, *i)'
Assertion failed on expression: 'pred(*previous, *i)'
Assertion failed on expression: 'pred(*previous, *i)'
Assertion failed on expression: 'pred(*previous, *i)'
Assertion failed on expression: 'pred(*previous, *i)'
Assertion failed on expression: 'pred(*previous, *i)'
Assertion failed on expression: 'pred(*previous, *i)'
Assertion failed on expression: 'pred(*previous, *i)'
Assertion failed on expression: 'pred(*previous, *i)'
Assertion failed on expression: 'pred(*previous, *i)'
Assertion failed on expression: 'pred(*previous, *i)'
Assertion failed on expression: 'pred(*previous, *i)'
Assertion failed on expression: 'pred(*previous, *i)'
Assertion failed on expression: 'pred(*previous, *i)'
Assertion failed on expression: 'pred(*previous, *i)'
Assertion failed on expression: 'pred(*previous, *i)'
Assertion failed on expression: 'pred(*previous, *i)'
Assertion failed on expression: 'pred(*previous, *i)'
Assertion failed on expression: 'pred(*previous, *i)'
Assertion failed on expression: 'pred(*previous, *i)'
Assertion failed on expression: 'pred(*previous, *i)'
Assertion failed on expression: 'pred(*previous, *i)'
Assertion failed on expression: 'pred(*previous, *i)'
Assertion failed on expression: 'pred(*previous, *i)'
Assertion failed on expression: 'pred(*previous, *i)'
Assertion failed on expression: 'pred(*previous, *i)'
Assertion failed on expression: 'pred(*previous, *i)'
Assertion failed on expression: 'pred(*previous, *i)'
Assertion failed on expression: 'pred(*previous, *i)'
Assertion failed on expression: 'pred(*previous, *i)'
Assertion failed on expression: 'pred(*previous, *i)'
Assertion failed on expression: 'pred(*previous, *i)'
Assertion failed on expression: 'pred(*previous, *i)'
Assertion failed on expression: 'pred(*previous, *i)'
Assertion failed on expression: 'pred(*previous, *i)'
Assertion failed on expression: 'pred(*previous, *i)'
Assertion failed on expression: 'pred(*previous, *i)'
Assertion failed on expression: 'pred(*previous, *i)'
Assertion failed on expression: 'pred(*previous, *i)'
Assertion failed on expression: 'pred(*previous, *i)'
Assertion failed on expression: 'pred(*previous, *i)'
Assertion failed on expression: 'pred(*previous, *i)'
Assertion failed on expression: 'pred(*previous, *i)'
Assertion failed on expression: 'pred(*previous, *i)'
Assertion failed on expression: 'pred(*previous, *i)'
Assertion failed on expression: 'pred(*previous, *i)'
Assertion failed on expression: 'pred(*previous, *i)'
Assertion failed on expression: 'pred(*previous, *i)'
Assertion failed on expression: 'pred(*previous, *i)'
Assertion failed on expression: 'pred(*previous, *i)'
Assertion failed on expression: 'pred(*previous, *i)'
Assertion failed on expression: 'pred(*previous, *i)'
Assertion failed on expression: 'pred(*previous, *i)'
Assertion failed on expression: 'pred(*previous, *i)'
Assertion failed on expression: 'pred(*previous, *i)'
Assertion failed on expression: 'pred(*previous, *i)'
Assertion failed on expression: 'pred(*previous, *i)'
Assertion failed on expression: 'pred(*previous, *i)'
Assertion failed on expression: 'pred(*previous, *i)'
Assertion failed on expression: 'pred(*previous, *i)'
Assertion failed on expression: 'pred(*previous, *i)'
Assertion failed on expression: 'pred(*previous, *i)'
Assertion failed on expression: 'pred(*previous, *i)'
Assertion failed on expression: 'pred(*previous, *i)'
Assertion failed on expression: 'pred(*previous, *i)'
Assertion failed on expression: 'pred(*previous, *i)'
Assertion failed on expression: 'pred(*previous, *i)'
Assertion failed on expression: 'pred(*previous, *i)'
Assertion failed on expression: 'pred(*previous, *i)'
Assertion failed on expression: 'pred(*previous, *i)'
Assertion failed on expression: 'pred(*previous, *i)'
Assertion failed on expression: 'pred(*previous, *i)'
Assertion failed on expression: 'pred(*previous, *i)'
Assertion failed on expression: 'pred(*previous, *i)'
Assertion failed on expression: 'pred(*previous, *i)'
Assertion failed on expression: 'pred(*previous, *i)'
Assertion failed on expression: 'pred(*previous, *i)'
Assertion failed on expression: 'pred(*previous, *i)'
Assertion failed on expression: 'pred(*previous, *i)'
Assertion failed on expression: 'pred(*previous, *i)'
Assertion failed on expression: 'pred(*previous, *i)'
Assertion failed on expression: 'pred(*previous, *i)'
Assertion failed on expression: 'pred(*previous, *i)'
Assertion failed on expression: 'pred(*previous, *i)'
Assertion failed on expression: 'pred(*previous, *i)'
Assertion failed on expression: 'pred(*previous, *i)'
Assertion failed on expression: 'pred(*previous, *i)'
Assertion failed on expression: 'pred(*previous, *i)'
Assertion failed on expression: 'pred(*previous, *i)'
Assertion failed on expression: 'pred(*previous, *i)'
Assertion failed on expression: 'pred(*previous, *i)'
Assertion failed on expression: 'pred(*previous, *i)'
Assertion failed on expression: 'pred(*previous, *i)'
Assertion failed on expression: 'pred(*previous, *i)'
Assertion failed on expression: 'pred(*previous, *i)'
Assertion failed on expression: 'pred(*previous, *i)'
Assertion failed on expression: 'pred(*previous, *i)'
Assertion failed on expression: 'pred(*previous, *i)'
Assertion failed on expression: 'pred(*previous, *i)'
Assertion failed on expression: 'pred(*previous, *i)'
Assertion failed on expression: 'pred(*previous, *i)'
Assertion failed on expression: 'pred(*previous, *i)'
Assertion failed on expression: 'pred(*previous, *i)'
Assertion failed on expression: 'pred(*previous, *i)'
Assertion failed on expression: 'pred(*previous, *i)'
Assertion failed on expression: 'pred(*previous, *i)'
Assertion failed on expression: 'pred(*previous, *i)'
Assertion failed on expression: 'pred(*previous, *i)'
Assertion failed on expression: 'pred(*previous, *i)'
Assertion failed on expression: 'pred(*previous, *i)'
Assertion failed on expression: 'pred(*previous, *i)'
Assertion failed on expression: 'pred(*previous, *i)'
Assertion failed on expression: 'pred(*previous, *i)'
Assertion failed on expression: 'pred(*previous, *i)'
Assertion failed on expression: 'pred(*previous, *i)'
Assertion failed on expression: 'pred(*previous, *i)'
Assertion failed on expression: 'pred(*previous, *i)'
Assertion failed on expression: 'pred(*previous, *i)'
Assertion failed on expression: 'pred(*previous, *i)'
Assertion failed on expression: 'pred(*previous, *i)'
Assertion failed on expression: 'pred(*previous, *i)'
Assertion failed on expression: 'pred(*previous, *i)'
Assertion failed on expression: 'pred(*previous, *i)'
Assertion failed on expression: 'pred(*previous, *i)'
Assertion failed on expression: 'pred(*previous, *i)'
Assertion failed on expression: 'pred(*previous, *i)'
Assertion failed on expression: 'pred(*previous, *i)'
Assertion failed on expression: 'pred(*previous, *i)'
Assertion failed on expression: 'pred(*previous, *i)'
Assertion failed on expression: 'pred(*previous, *i)'
Assertion failed on expression: 'pred(*previous, *i)'
Assertion failed on expression: 'pred(*previous, *i)'
Assertion failed on expression: 'pred(*previous, *i)'
Assertion failed on expression: 'pred(*previous, *i)'
Assertion failed on expression: 'pred(*previous, *i)'
Assertion failed on expression: 'pred(*previous, *i)'
Assertion failed on expression: 'pred(*previous, *i)'
Assertion failed on expression: 'pred(*previous, *i)'
Assertion failed on expression: 'pred(*previous, *i)'
Assertion failed on expression: 'pred(*previous, *i)'
Assertion failed on expression: 'pred(*previous, *i)'
Assertion failed on expression: 'pred(*previous, *i)'
Assertion failed on expression: 'pred(*previous, *i)'
Assertion failed on expression: 'pred(*previous, *i)'
Assertion failed on expression: 'pred(*previous, *i)'
Assertion failed on expression: 'pred(*previous, *i)'
Assertion failed on expression: 'pred(*previous, *i)'
Assertion failed on expression: 'pred(*previous, *i)'
Assertion failed on expression: 'pred(*previous, *i)'
Assertion failed on expression: 'pred(*previous, *i)'
Assertion failed on expression: 'pred(*previous, *i)'
Assertion failed on expression: 'pred(*previous, *i)'
Assertion failed on expression: 'pred(*previous, *i)'
Assertion failed on expression: 'pred(*previous, *i)'
Assertion failed on expression: 'pred(*previous, *i)'
Assertion failed on expression: 'pred(*previous, *i)'
Assertion failed on expression: 'pred(*previous, *i)'
Assertion failed on expression: 'pred(*previous, *i)'
Assertion failed on expression: 'pred(*previous, *i)'
Assertion failed on expression: 'pred(*previous, *i)'
Assertion failed on expression: 'pred(*previous, *i)'
Assertion failed on expression: 'pred(*previous, *i)'
Assertion failed on expression: 'pred(*previous, *i)'
Assertion failed on expression: 'pred(*previous, *i)'
Assertion failed on expression: 'pred(*previous, *i)'
Assertion failed on expression: 'pred(*previous, *i)'
Assertion failed on expression: 'pred(*previous, *i)'
Assertion failed on expression: 'pred(*previous, *i)'
Assertion failed on expression: 'pred(*previous, *i)'
Assertion failed on expression: 'pred(*previous, *i)'
Assertion failed on expression: 'pred(*previous, *i)'
Assertion failed on expression: 'pred(*previous, *i)'
Assertion failed on expression: 'pred(*previous, *i)'
Assertion failed on expression: 'pred(*previous, *i)'
Assertion failed on expression: 'pred(*previous, *i)'
Assertion failed on expression: 'pred(*previous, *i)'
Assertion failed on expression: 'pred(*previous, *i)'
Assertion failed on expression: 'pred(*previous, *i)'
Assertion failed on expression: 'pred(*previous, *i)'
Assertion failed on expression: 'pred(*previous, *i)'
Assertion failed on expression: 'pred(*previous, *i)'
Assertion failed on expression: 'pred(*previous, *i)'
Assertion failed on expression: 'pred(*previous, *i)'
Assertion failed on expression: 'pred(*previous, *i)'
Assertion failed on expression: 'pred(*previous, *i)'
Assertion failed on expression: 'pred(*previous, *i)'
Assertion failed on expression: 'pred(*previous, *i)'
Assertion failed on expression: 'pred(*previous, *i)'
Assertion failed on expression: 'pred(*previous, *i)'
Assertion failed on expression: 'pred(*previous, *i)'
Assertion failed on expression: 'pred(*previous, *i)'
Assertion failed on expression: 'pred(*previous, *i)'
Assertion failed on expression: 'pred(*previous, *i)'
Assertion failed on expression: 'pred(*previous, *i)'
Assertion failed on expression: 'pred(*previous, *i)'
Assertion failed on expression: 'pred(*previous, *i)'
Assertion failed on expression: 'pred(*previous, *i)'
Assertion failed on expression: 'pred(*previous, *i)'
Assertion failed on expression: 'pred(*previous, *i)'
Assertion failed on expression: 'pred(*previous, *i)'
Assertion failed on expression: 'pred(*previous, *i)'
Assertion failed on expression: 'pred(*previous, *i)'
Assertion failed on expression: 'pred(*previous, *i)'
Assertion failed on expression: 'pred(*previous, *i)'
Assertion failed on expression: 'pred(*previous, *i)'
Assertion failed on expression: 'pred(*previous, *i)'
Assertion failed on expression: 'pred(*previous, *i)'
Assertion failed on expression: 'pred(*previous, *i)'
Assertion failed on expression: 'pred(*previous, *i)'
Assertion failed on expression: 'pred(*previous, *i)'
Assertion failed on expression: 'pred(*previous, *i)'
Assertion failed on expression: 'pred(*previous, *i)'
Assertion failed on expression: 'pred(*previous, *i)'
Assertion failed on expression: 'pred(*previous, *i)'
Assertion failed on expression: 'pred(*previous, *i)'
Assertion failed on expression: 'pred(*previous, *i)'
Assertion failed on expression: 'pred(*previous, *i)'
Assertion failed on expression: 'pred(*previous, *i)'
Assertion failed on expression: 'pred(*previous, *i)'
Assertion failed on expression: 'pred(*previous, *i)'
Assertion failed on expression: 'pred(*previous, *i)'
Assertion failed on expression: 'pred(*previous, *i)'
Assertion failed on expression: 'pred(*previous, *i)'
Assertion failed on expression: 'pred(*previous, *i)'
Assertion failed on expression: 'pred(*previous, *i)'
Assertion failed on expression: 'pred(*previous, *i)'
Assertion failed on expression: 'pred(*previous, *i)'
Assertion failed on expression: 'pred(*previous, *i)'
Assertion failed on expression: 'pred(*previous, *i)'
Assertion failed on expression: 'pred(*previous, *i)'
Assertion failed on expression: 'pred(*previous, *i)'
Assertion failed on expression: 'pred(*previous, *i)'
Assertion failed on expression: 'pred(*previous, *i)'
Assertion failed on expression: 'pred(*previous, *i)'
Assertion failed on expression: 'pred(*previous, *i)'
Assertion failed on expression: 'pred(*previous, *i)'
Assertion failed on expression: 'pred(*previous, *i)'
Assertion failed on expression: 'pred(*previous, *i)'
Assertion failed on expression: 'pred(*previous, *i)'
Assertion failed on expression: 'pred(*previous, *i)'
Assertion failed on expression: 'pred(*previous, *i)'
Assertion failed on expression: 'pred(*previous, *i)'
Assertion failed on expression: 'pred(*previous, *i)'
Assertion failed on expression: 'pred(*previous, *i)'
Assertion failed on expression: 'pred(*previous, *i)'
Assertion failed on expression: 'pred(*previous, *i)'
Assertion failed on expression: 'pred(*previous, *i)'
Assertion failed on expression: 'pred(*previous, *i)'
Assertion failed on expression: 'pred(*previous, *i)'
Assertion failed on expression: 'pred(*previous, *i)'
Assertion failed on expression: 'pred(*previous, *i)'
Assertion failed on expression: 'pred(*previous, *i)'
Assertion failed on expression: 'pred(*previous, *i)'
Assertion failed on expression: 'pred(*previous, *i)'
Assertion failed on expression: 'pred(*previous, *i)'
Assertion failed on expression: 'pred(*previous, *i)'
Assertion failed on expression: 'pred(*previous, *i)'
Assertion failed on expression: 'pred(*previous, *i)'
Assertion failed on expression: 'pred(*previous, *i)'
Assertion failed on expression: 'pred(*previous, *i)'
Assertion failed on expression: 'pred(*previous, *i)'
Assertion failed on expression: 'pred(*previous, *i)'
Assertion failed on expression: 'pred(*previous, *i)'
Assertion failed on expression: 'pred(*previous, *i)'
Assertion failed on expression: 'pred(*previous, *i)'
Assertion failed on expression: 'pred(*previous, *i)'
Assertion failed on expression: 'pred(*previous, *i)'
Assertion failed on expression: 'pred(*previous, *i)'
Assertion failed on expression: 'pred(*previous, *i)'
Assertion failed on expression: 'pred(*previous, *i)'
Assertion failed on expression: 'pred(*previous, *i)'
Assertion failed on expression: 'pred(*previous, *i)'
Assertion failed on expression: 'pred(*previous, *i)'
Assertion failed on expression: 'pred(*previous, *i)'
Assertion failed on expression: 'pred(*previous, *i)'
Assertion failed on expression: 'pred(*previous, *i)'
Assertion failed on expression: 'pred(*previous, *i)'
Assertion failed on expression: 'pred(*previous, *i)'
Assertion failed on expression: 'pred(*previous, *i)'
Assertion failed on expression: 'pred(*previous, *i)'
Assertion failed on expression: 'pred(*previous, *i)'
Assertion failed on expression: 'pred(*previous, *i)'
Assertion failed on expression: 'pred(*previous, *i)'
Assertion failed on expression: 'pred(*previous, *i)'
Assertion failed on expression: 'pred(*previous, *i)'
Assertion failed on expression: 'pred(*previous, *i)'
Assertion failed on expression: 'pred(*previous, *i)'
Assertion failed on expression: 'pred(*previous, *i)'
Assertion failed on expression: 'pred(*previous, *i)'
Assertion failed on expression: 'pred(*previous, *i)'
Assertion failed on expression: 'pred(*previous, *i)'
Assertion failed on expression: 'pred(*previous, *i)'
Assertion failed on expression: 'pred(*previous, *i)'
Assertion failed on expression: 'pred(*previous, *i)'
Assertion failed on expression: 'pred(*previous, *i)'
Assertion failed on expression: 'pred(*previous, *i)'
Assertion failed on expression: 'pred(*previous, *i)'
Assertion failed on expression: 'pred(*previous, *i)'
Assertion failed on expression: 'pred(*previous, *i)'
Assertion failed on expression: 'pred(*previous, *i)'
Assertion failed on expression: 'pred(*previous, *i)'
Assertion failed on expression: 'pred(*previous, *i)'
Assertion failed on expression: 'pred(*previous, *i)'
Assertion failed on expression: 'pred(*previous, *i)'
Assertion failed on expression: 'pred(*previous, *i)'
Assertion failed on expression: 'pred(*previous, *i)'
Assertion failed on expression: 'pred(*previous, *i)'
Assertion failed on expression: 'pred(*previous, *i)'
Assertion failed on expression: 'pred(*previous, *i)'
Assertion failed on expression: 'pred(*previous, *i)'
Assertion failed on expression: 'pred(*previous, *i)'
Assertion failed on expression: 'pred(*previous, *i)'
Assertion failed on expression: 'pred(*previous, *i)'
Assertion failed on expression: 'pred(*previous, *i)'
Assertion failed on expression: 'pred(*previous, *i)'
Assertion failed on expression: 'pred(*previous, *i)'
Assertion failed on expression: 'pred(*previous, *i)'
Assertion failed on expression: 'pred(*previous, *i)'
Assertion failed on expression: 'pred(*previous, *i)'
Assertion failed on expression: 'pred(*previous, *i)'
Assertion failed on expression: 'pred(*previous, *i)'
Assertion failed on expression: 'pred(*previous, *i)'
Assertion failed on expression: 'pred(*previous, *i)'
Assertion failed on expression: 'pred(*previous, *i)'
Assertion failed on expression: 'pred(*previous, *i)'
Assertion failed on expression: 'pred(*previous, *i)'
Assertion failed on expression: 'pred(*previous, *i)'
Assertion failed on expression: 'pred(*previous, *i)'
Assertion failed on expression: 'pred(*previous, *i)'
Assertion failed on expression: 'pred(*previous, *i)'
Assertion failed on expression: 'pred(*previous, *i)'
Assertion failed on expression: 'pred(*previous, *i)'
Assertion failed on expression: 'pred(*previous, *i)'
Assertion failed on expression: 'pred(*previous, *i)'
Assertion failed on expression: 'pred(*previous, *i)'
Assertion failed on expression: 'pred(*previous, *i)'
Assertion failed on expression: 'pred(*previous, *i)'
Assertion failed on expression: 'pred(*previous, *i)'
Assertion failed on expression: 'pred(*previous, *i)'
Assertion failed on expression: 'pred(*previous, *i)'
Assertion failed on expression: 'pred(*previous, *i)'
Assertion failed on expression: 'pred(*previous, *i)'
Assertion failed on expression: 'pred(*previous, *i)'
Assertion failed on expression: 'pred(*previous, *i)'
Assertion failed on expression: 'pred(*previous, *i)'
Assertion failed on expression: 'pred(*previous, *i)'
Assertion failed on expression: 'pred(*previous, *i)'
Assertion failed on expression: 'pred(*previous, *i)'
Assertion failed on expression: 'pred(*previous, *i)'
Assertion failed on expression: 'pred(*previous, *i)'
Assertion failed on expression: 'pred(*previous, *i)'
Assertion failed on expression: 'pred(*previous, *i)'
Assertion failed on expression: 'pred(*previous, *i)'
Assertion failed on expression: 'pred(*previous, *i)'
Assertion failed on expression: 'pred(*previous, *i)'
Assertion failed on expression: 'pred(*previous, *i)'
Assertion failed on expression: 'pred(*previous, *i)'
Assertion failed on expression: 'pred(*previous, *i)'
Assertion failed on expression: 'pred(*previous, *i)'
Assertion failed on expression: 'pred(*previous, *i)'
Assertion failed on expression: 'pred(*previous, *i)'
Assertion failed on expression: 'pred(*previous, *i)'
Assertion failed on expression: 'pred(*previous, *i)'
Assertion failed on expression: 'pred(*previous, *i)'
Assertion failed on expression: 'pred(*previous, *i)'
Assertion failed on expression: 'pred(*previous, *i)'
Assertion failed on expression: 'pred(*previous, *i)'
Assertion failed on expression: 'pred(*previous, *i)'
Assertion failed on expression: 'pred(*previous, *i)'
Assertion failed on expression: 'pred(*previous, *i)'
Assertion failed on expression: 'pred(*previous, *i)'
Assertion failed on expression: 'pred(*previous, *i)'
Assertion failed on expression: 'pred(*previous, *i)'
Assertion failed on expression: 'pred(*previous, *i)'
Assertion failed on expression: 'pred(*previous, *i)'
Assertion failed on expression: 'pred(*previous, *i)'
Assertion failed on expression: 'pred(*previous, *i)'
Assertion failed on expression: 'pred(*previous, *i)'
Assertion failed on expression: 'pred(*previous, *i)'
Assertion failed on expression: 'pred(*previous, *i)'
Assertion failed on expression: 'pred(*previous, *i)'
Assertion failed on expression: 'pred(*previous, *i)'
Assertion failed on expression: 'pred(*previous, *i)'
Assertion failed on expression: 'pred(*previous, *i)'
Assertion failed on expression: 'pred(*previous, *i)'
Assertion failed on expression: 'pred(*previous, *i)'
Assertion failed on expression: 'pred(*previous, *i)'
Assertion failed on expression: 'pred(*previous, *i)'
Assertion failed on expression: 'pred(*previous, *i)'
Assertion failed on expression: 'pred(*previous, *i)'
Assertion failed on expression: 'pred(*previous, *i)'
Assertion failed on expression: 'pred(*previous, *i)'
Assertion failed on expression: 'pred(*previous, *i)'
Assertion failed on expression: 'pred(*previous, *i)'
Assertion failed on expression: 'pred(*previous, *i)'
Assertion failed on expression: 'pred(*previous, *i)'
Assertion failed on expression: 'pred(*previous, *i)'
Assertion failed on expression: 'pred(*previous, *i)'
Assertion failed on expression: 'pred(*previous, *i)'
Assertion failed on expression: 'pred(*previous, *i)'
Assertion failed on expression: 'pred(*previous, *i)'
Assertion failed on expression: 'pred(*previous, *i)'
Assertion failed on expression: 'pred(*previous, *i)'
Assertion failed on expression: 'pred(*previous, *i)'
Assertion failed on expression: 'pred(*previous, *i)'
Assertion failed on expression: 'pred(*previous, *i)'
Assertion failed on expression: 'pred(*previous, *i)'
Assertion failed on expression: 'pred(*previous, *i)'
Assertion failed on expression: 'pred(*previous, *i)'
Assertion failed on expression: 'pred(*previous, *i)'
Assertion failed on expression: 'pred(*previous, *i)'
Assertion failed on expression: 'pred(*previous, *i)'
Assertion failed on expression: 'pred(*previous, *i)'
Assertion failed on expression: 'pred(*previous, *i)'
Assertion failed on expression: 'pred(*previous, *i)'
Assertion failed on expression: 'pred(*previous, *i)'
Assertion failed on expression: 'pred(*previous, *i)'
Assertion failed on expression: 'pred(*previous, *i)'
Assertion failed on expression: 'pred(*previous, *i)'
Assertion failed on expression: 'pred(*previous, *i)'
Assertion failed on expression: 'pred(*previous, *i)'
Assertion failed on expression: 'pred(*previous, *i)'
Assertion failed on expression: 'pred(*previous, *i)'
Assertion failed on expression: 'pred(*previous, *i)'
Assertion failed on expression: 'pred(*previous, *i)'
Assertion failed on expression: 'pred(*previous, *i)'
Assertion failed on expression: 'pred(*previous, *i)'
Assertion failed on expression: 'pred(*previous, *i)'
Assertion failed on expression: 'pred(*previous, *i)'
Assertion failed on expression: 'pred(*previous, *i)'
Assertion failed on expression: 'pred(*previous, *i)'
Assertion failed on expression: 'pred(*previous, *i)'
Assertion failed on expression: 'pred(*previous, *i)'
Assertion failed on expression: 'pred(*previous, *i)'
Assertion failed on expression: 'pred(*previous, *i)'
Assertion failed on expression: 'pred(*previous, *i)'
Assertion failed on expression: 'pred(*previous, *i)'
Assertion failed on expression: 'pred(*previous, *i)'
Assertion failed on expression: 'pred(*previous, *i)'
Assertion failed on expression: 'pred(*previous, *i)'
Assertion failed on expression: 'pred(*previous, *i)'
Assertion failed on expression: 'pred(*previous, *i)'
Assertion failed on expression: 'pred(*previous, *i)'
Assertion failed on expression: 'pred(*previous, *i)'
Assertion failed on expression: 'pred(*previous, *i)'
Assertion failed on expression: 'pred(*previous, *i)'
Assertion failed on expression: 'pred(*previous, *i)'
Assertion failed on expression: 'pred(*previous, *i)'
Assertion failed on expression: 'pred(*previous, *i)'
Assertion failed on expression: 'pred(*previous, *i)'
Assertion failed on expression: 'pred(*previous, *i)'
Assertion failed on expression: 'pred(*previous, *i)'
Assertion failed on expression: 'pred(*previous, *i)'
Assertion failed on expression: 'pred(*previous, *i)'
Assertion failed on expression: 'pred(*previous, *i)'
Assertion failed on expression: 'pred(*previous, *i)'
Assertion failed on expression: 'pred(*previous, *i)'
Assertion failed on expression: 'pred(*previous, *i)'
Assertion failed on expression: 'pred(*previous, *i)'
Assertion failed on expression: 'pred(*previous, *i)'
Assertion failed on expression: 'pred(*previous, *i)'
Assertion failed on expression: 'pred(*previous, *i)'
Assertion failed on expression: 'pred(*previous, *i)'
Assertion failed on expression: 'pred(*previous, *i)'
Assertion failed on expression: 'pred(*previous, *i)'
Assertion failed on expression: 'pred(*previous, *i)'
Assertion failed on expression: 'pred(*previous, *i)'
Assertion failed on expression: 'pred(*previous, *i)'
Assertion failed on expression: 'pred(*previous, *i)'
Assertion failed on expression: 'pred(*previous, *i)'
Assertion failed on expression: 'pred(*previous, *i)'
Assertion failed on expression: 'pred(*previous, *i)'
Assertion failed on expression: 'pred(*previous, *i)'
Assertion failed on expression: 'pred(*previous, *i)'
Assertion failed on expression: 'pred(*previous, *i)'
Assertion failed on expression: 'pred(*previous, *i)'
Assertion failed on expression: 'pred(*previous, *i)'
Assertion failed on expression: 'pred(*previous, *i)'
Assertion failed on expression: 'pred(*previous, *i)'
Assertion failed on expression: 'pred(*previous, *i)'
Assertion failed on expression: 'pred(*previous, *i)'
Assertion failed on expression: 'pred(*previous, *i)'
Assertion failed on expression: 'pred(*previous, *i)'
Assertion failed on expression: 'pred(*previous, *i)'
Assertion failed on expression: 'pred(*previous, *i)'
Assertion failed on expression: 'pred(*previous, *i)'
Assertion failed on expression: 'pred(*previous, *i)'
Assertion failed on expression: 'pred(*previous, *i)'
Assertion failed on expression: 'pred(*previous, *i)'
Assertion failed on expression: 'pred(*previous, *i)'
Assertion failed on expression: 'pred(*previous, *i)'
Assertion failed on expression: 'pred(*previous, *i)'
Assertion failed on expression: 'pred(*previous, *i)'
Native extension for Android target not found
Native extension for WindowsStandalone target not found
Native extension for OSXStandalone target not found
[Package Manager] Failed to launch server process. Reason: Unity was launched with the -noUpm command-line argument
[Package Manager] Unable to send message (not connected to server process).
[Package Manager] Cannot connect to Unity Package Manager local server
Mono: successfully reloaded assembly
- Finished resetting the current domain, in  1.207 seconds
Domain Reload Profiling: 2459ms
	BeginReloadAssembly (328ms)
		ExecutionOrderSort (0ms)
		DisableScriptedObjects (18ms)
		BackupInstance (0ms)
		ReleaseScriptingObjects (0ms)
		CreateAndSetChildDomain (59ms)
	RebuildCommonClasses (53ms)
	RebuildNativeTypeToScriptingClass (17ms)
	initialDomainReloadingComplete (54ms)
	LoadAllAssembliesAndSetupDomain (799ms)
		LoadAssemblies (682ms)
		RebuildTransferFunctionScriptingTraits (0ms)
		AnalyzeDomain (273ms)
			TypeCache.Refresh (8ms)
				TypeCache.ScanAssembly (0ms)
			BuildScriptInfoCaches (245ms)
			ResolveRequiredComponents (14ms)
	FinalizeReload (1208ms)
		ReleaseScriptCaches (0ms)
		RebuildScriptCaches (0ms)
		SetupLoadedEditorAssemblies (909ms)
			LogAssemblyErrors (0ms)
			InitializePlatformSupportModulesInManaged (15ms)
			SetLoadedEditorAssemblies (7ms)
			BeforeProcessingInitializeOnLoad (243ms)
			ProcessInitializeOnLoadAttributes (514ms)
			ProcessInitializeOnLoadMethodAttributes (107ms)
			AfterProcessingInitializeOnLoad (23ms)
			EditorAssembliesLoaded (1ms)
		ExecutionOrderSort2 (0ms)
		AwakeInstancesAfterBackupRestoration (32ms)
Refreshing native plugins compatible for Editor in 6.00 ms, found 4 plugins.
Preloading 0 native plugins for Editor in 0.00 ms.
Unloading 34 Unused Serialized files (Serialized files now loaded: 0)
Unloading 6807 unused Assets / (7.1 MB). Loaded Objects now: 7506.
Memory consumption went from 147.5 MB to 140.4 MB.
Total: 16.855300 ms (FindLiveObjects: 0.903400 ms CreateObjectMapping: 1.482000 ms MarkObjects: 8.526300 ms  DeleteObjects: 5.942500 ms)

Prepare: number of updated asset objects reloaded= 0
========================================================================
Received Prepare
Begin MonoManager ReloadAssembly
[Licensing::Client] Successfully resolved entitlement details
- Loaded All Assemblies, in  1.230 seconds
Refreshing native plugins compatible for Editor in 4.37 ms, found 4 plugins.
Assertion failed on expression: 'pred(*previous, *i)'
Assertion failed on expression: 'pred(*previous, *i)'
Assertion failed on expression: 'pred(*previous, *i)'
Assertion failed on expression: 'pred(*previous, *i)'
Assertion failed on expression: 'pred(*previous, *i)'
Assertion failed on expression: 'pred(*previous, *i)'
Assertion failed on expression: 'pred(*previous, *i)'
Assertion failed on expression: 'pred(*previous, *i)'
Assertion failed on expression: 'pred(*previous, *i)'
Assertion failed on expression: 'pred(*previous, *i)'
Assertion failed on expression: 'pred(*previous, *i)'
Assertion failed on expression: 'pred(*previous, *i)'
Assertion failed on expression: 'pred(*previous, *i)'
Assertion failed on expression: 'pred(*previous, *i)'
Assertion failed on expression: 'pred(*previous, *i)'
Assertion failed on expression: 'pred(*previous, *i)'
Assertion failed on expression: 'pred(*previous, *i)'
Assertion failed on expression: 'pred(*previous, *i)'
Assertion failed on expression: 'pred(*previous, *i)'
Assertion failed on expression: 'pred(*previous, *i)'
Assertion failed on expression: 'pred(*previous, *i)'
Assertion failed on expression: 'pred(*previous, *i)'
Assertion failed on expression: 'pred(*previous, *i)'
Assertion failed on expression: 'pred(*previous, *i)'
Assertion failed on expression: 'pred(*previous, *i)'
Assertion failed on expression: 'pred(*previous, *i)'
Assertion failed on expression: 'pred(*previous, *i)'
Assertion failed on expression: 'pred(*previous, *i)'
Assertion failed on expression: 'pred(*previous, *i)'
Assertion failed on expression: 'pred(*previous, *i)'
Assertion failed on expression: 'pred(*previous, *i)'
Assertion failed on expression: 'pred(*previous, *i)'
Assertion failed on expression: 'pred(*previous, *i)'
Assertion failed on expression: 'pred(*previous, *i)'
Assertion failed on expression: 'pred(*previous, *i)'
Assertion failed on expression: 'pred(*previous, *i)'
Assertion failed on expression: 'pred(*previous, *i)'
Assertion failed on expression: 'pred(*previous, *i)'
Assertion failed on expression: 'pred(*previous, *i)'
Assertion failed on expression: 'pred(*previous, *i)'
Assertion failed on expression: 'pred(*previous, *i)'
Assertion failed on expression: 'pred(*previous, *i)'
Assertion failed on expression: 'pred(*previous, *i)'
Assertion failed on expression: 'pred(*previous, *i)'
Assertion failed on expression: 'pred(*previous, *i)'
Assertion failed on expression: 'pred(*previous, *i)'
Assertion failed on expression: 'pred(*previous, *i)'
Assertion failed on expression: 'pred(*previous, *i)'
Assertion failed on expression: 'pred(*previous, *i)'
Assertion failed on expression: 'pred(*previous, *i)'
Assertion failed on expression: 'pred(*previous, *i)'
Assertion failed on expression: 'pred(*previous, *i)'
Assertion failed on expression: 'pred(*previous, *i)'
Assertion failed on expression: 'pred(*previous, *i)'
Assertion failed on expression: 'pred(*previous, *i)'
Assertion failed on expression: 'pred(*previous, *i)'
Assertion failed on expression: 'pred(*previous, *i)'
Assertion failed on expression: 'pred(*previous, *i)'
Assertion failed on expression: 'pred(*previous, *i)'
Assertion failed on expression: 'pred(*previous, *i)'
Assertion failed on expression: 'pred(*previous, *i)'
Assertion failed on expression: 'pred(*previous, *i)'
Assertion failed on expression: 'pred(*previous, *i)'
Assertion failed on expression: 'pred(*previous, *i)'
Assertion failed on expression: 'pred(*previous, *i)'
Assertion failed on expression: 'pred(*previous, *i)'
Assertion failed on expression: 'pred(*previous, *i)'
Assertion failed on expression: 'pred(*previous, *i)'
Assertion failed on expression: 'pred(*previous, *i)'
Assertion failed on expression: 'pred(*previous, *i)'
Assertion failed on expression: 'pred(*previous, *i)'
Assertion failed on expression: 'pred(*previous, *i)'
Assertion failed on expression: 'pred(*previous, *i)'
Assertion failed on expression: 'pred(*previous, *i)'
Assertion failed on expression: 'pred(*previous, *i)'
Assertion failed on expression: 'pred(*previous, *i)'
Assertion failed on expression: 'pred(*previous, *i)'
Assertion failed on expression: 'pred(*previous, *i)'
Assertion failed on expression: 'pred(*previous, *i)'
Assertion failed on expression: 'pred(*previous, *i)'
Assertion failed on expression: 'pred(*previous, *i)'
Assertion failed on expression: 'pred(*previous, *i)'
Assertion failed on expression: 'pred(*previous, *i)'
Assertion failed on expression: 'pred(*previous, *i)'
Assertion failed on expression: 'pred(*previous, *i)'
Assertion failed on expression: 'pred(*previous, *i)'
Assertion failed on expression: 'pred(*previous, *i)'
Assertion failed on expression: 'pred(*previous, *i)'
Assertion failed on expression: 'pred(*previous, *i)'
Assertion failed on expression: 'pred(*previous, *i)'
Assertion failed on expression: 'pred(*previous, *i)'
Assertion failed on expression: 'pred(*previous, *i)'
Assertion failed on expression: 'pred(*previous, *i)'
Assertion failed on expression: 'pred(*previous, *i)'
Assertion failed on expression: 'pred(*previous, *i)'
Assertion failed on expression: 'pred(*previous, *i)'
Assertion failed on expression: 'pred(*previous, *i)'
Assertion failed on expression: 'pred(*previous, *i)'
Assertion failed on expression: 'pred(*previous, *i)'
Assertion failed on expression: 'pred(*previous, *i)'
Assertion failed on expression: 'pred(*previous, *i)'
Assertion failed on expression: 'pred(*previous, *i)'
Assertion failed on expression: 'pred(*previous, *i)'
Assertion failed on expression: 'pred(*previous, *i)'
Assertion failed on expression: 'pred(*previous, *i)'
Assertion failed on expression: 'pred(*previous, *i)'
Assertion failed on expression: 'pred(*previous, *i)'
Assertion failed on expression: 'pred(*previous, *i)'
Assertion failed on expression: 'pred(*previous, *i)'
Assertion failed on expression: 'pred(*previous, *i)'
Assertion failed on expression: 'pred(*previous, *i)'
Assertion failed on expression: 'pred(*previous, *i)'
Assertion failed on expression: 'pred(*previous, *i)'
Assertion failed on expression: 'pred(*previous, *i)'
Assertion failed on expression: 'pred(*previous, *i)'
Assertion failed on expression: 'pred(*previous, *i)'
Assertion failed on expression: 'pred(*previous, *i)'
Assertion failed on expression: 'pred(*previous, *i)'
Assertion failed on expression: 'pred(*previous, *i)'
Assertion failed on expression: 'pred(*previous, *i)'
Assertion failed on expression: 'pred(*previous, *i)'
Assertion failed on expression: 'pred(*previous, *i)'
Assertion failed on expression: 'pred(*previous, *i)'
Assertion failed on expression: 'pred(*previous, *i)'
Assertion failed on expression: 'pred(*previous, *i)'
Assertion failed on expression: 'pred(*previous, *i)'
Assertion failed on expression: 'pred(*previous, *i)'
Assertion failed on expression: 'pred(*previous, *i)'
Assertion failed on expression: 'pred(*previous, *i)'
Assertion failed on expression: 'pred(*previous, *i)'
Assertion failed on expression: 'pred(*previous, *i)'
Assertion failed on expression: 'pred(*previous, *i)'
Assertion failed on expression: 'pred(*previous, *i)'
Assertion failed on expression: 'pred(*previous, *i)'
Assertion failed on expression: 'pred(*previous, *i)'
Assertion failed on expression: 'pred(*previous, *i)'
Assertion failed on expression: 'pred(*previous, *i)'
Assertion failed on expression: 'pred(*previous, *i)'
Assertion failed on expression: 'pred(*previous, *i)'
Assertion failed on expression: 'pred(*previous, *i)'
Assertion failed on expression: 'pred(*previous, *i)'
Assertion failed on expression: 'pred(*previous, *i)'
Assertion failed on expression: 'pred(*previous, *i)'
Assertion failed on expression: 'pred(*previous, *i)'
Assertion failed on expression: 'pred(*previous, *i)'
Assertion failed on expression: 'pred(*previous, *i)'
Assertion failed on expression: 'pred(*previous, *i)'
Assertion failed on expression: 'pred(*previous, *i)'
Assertion failed on expression: 'pred(*previous, *i)'
Assertion failed on expression: 'pred(*previous, *i)'
Assertion failed on expression: 'pred(*previous, *i)'
Assertion failed on expression: 'pred(*previous, *i)'
Assertion failed on expression: 'pred(*previous, *i)'
Assertion failed on expression: 'pred(*previous, *i)'
Assertion failed on expression: 'pred(*previous, *i)'
Assertion failed on expression: 'pred(*previous, *i)'
Assertion failed on expression: 'pred(*previous, *i)'
Assertion failed on expression: 'pred(*previous, *i)'
Assertion failed on expression: 'pred(*previous, *i)'
Assertion failed on expression: 'pred(*previous, *i)'
Assertion failed on expression: 'pred(*previous, *i)'
Assertion failed on expression: 'pred(*previous, *i)'
Assertion failed on expression: 'pred(*previous, *i)'
Assertion failed on expression: 'pred(*previous, *i)'
Assertion failed on expression: 'pred(*previous, *i)'
Assertion failed on expression: 'pred(*previous, *i)'
Assertion failed on expression: 'pred(*previous, *i)'
Assertion failed on expression: 'pred(*previous, *i)'
Assertion failed on expression: 'pred(*previous, *i)'
Assertion failed on expression: 'pred(*previous, *i)'
Assertion failed on expression: 'pred(*previous, *i)'
Assertion failed on expression: 'pred(*previous, *i)'
Assertion failed on expression: 'pred(*previous, *i)'
Assertion failed on expression: 'pred(*previous, *i)'
Assertion failed on expression: 'pred(*previous, *i)'
Assertion failed on expression: 'pred(*previous, *i)'
Assertion failed on expression: 'pred(*previous, *i)'
Assertion failed on expression: 'pred(*previous, *i)'
Assertion failed on expression: 'pred(*previous, *i)'
Assertion failed on expression: 'pred(*previous, *i)'
Assertion failed on expression: 'pred(*previous, *i)'
Assertion failed on expression: 'pred(*previous, *i)'
Assertion failed on expression: 'pred(*previous, *i)'
Assertion failed on expression: 'pred(*previous, *i)'
Assertion failed on expression: 'pred(*previous, *i)'
Assertion failed on expression: 'pred(*previous, *i)'
Assertion failed on expression: 'pred(*previous, *i)'
Assertion failed on expression: 'pred(*previous, *i)'
Assertion failed on expression: 'pred(*previous, *i)'
Assertion failed on expression: 'pred(*previous, *i)'
Assertion failed on expression: 'pred(*previous, *i)'
Assertion failed on expression: 'pred(*previous, *i)'
Assertion failed on expression: 'pred(*previous, *i)'
Assertion failed on expression: 'pred(*previous, *i)'
Assertion failed on expression: 'pred(*previous, *i)'
Assertion failed on expression: 'pred(*previous, *i)'
Assertion failed on expression: 'pred(*previous, *i)'
Assertion failed on expression: 'pred(*previous, *i)'
Assertion failed on expression: 'pred(*previous, *i)'
Assertion failed on expression: 'pred(*previous, *i)'
Assertion failed on expression: 'pred(*previous, *i)'
Assertion failed on expression: 'pred(*previous, *i)'
Assertion failed on expression: 'pred(*previous, *i)'
Assertion failed on expression: 'pred(*previous, *i)'
Assertion failed on expression: 'pred(*previous, *i)'
Assertion failed on expression: 'pred(*previous, *i)'
Assertion failed on expression: 'pred(*previous, *i)'
Assertion failed on expression: 'pred(*previous, *i)'
Assertion failed on expression: 'pred(*previous, *i)'
Assertion failed on expression: 'pred(*previous, *i)'
Assertion failed on expression: 'pred(*previous, *i)'
Assertion failed on expression: 'pred(*previous, *i)'
Assertion failed on expression: 'pred(*previous, *i)'
Assertion failed on expression: 'pred(*previous, *i)'
Assertion failed on expression: 'pred(*previous, *i)'
Assertion failed on expression: 'pred(*previous, *i)'
Assertion failed on expression: 'pred(*previous, *i)'
Assertion failed on expression: 'pred(*previous, *i)'
Assertion failed on expression: 'pred(*previous, *i)'
Assertion failed on expression: 'pred(*previous, *i)'
Assertion failed on expression: 'pred(*previous, *i)'
Assertion failed on expression: 'pred(*previous, *i)'
Assertion failed on expression: 'pred(*previous, *i)'
Assertion failed on expression: 'pred(*previous, *i)'
Assertion failed on expression: 'pred(*previous, *i)'
Assertion failed on expression: 'pred(*previous, *i)'
Assertion failed on expression: 'pred(*previous, *i)'
Assertion failed on expression: 'pred(*previous, *i)'
Assertion failed on expression: 'pred(*previous, *i)'
Assertion failed on expression: 'pred(*previous, *i)'
Assertion failed on expression: 'pred(*previous, *i)'
Assertion failed on expression: 'pred(*previous, *i)'
Assertion failed on expression: 'pred(*previous, *i)'
Assertion failed on expression: 'pred(*previous, *i)'
Assertion failed on expression: 'pred(*previous, *i)'
Assertion failed on expression: 'pred(*previous, *i)'
Assertion failed on expression: 'pred(*previous, *i)'
Assertion failed on expression: 'pred(*previous, *i)'
Assertion failed on expression: 'pred(*previous, *i)'
Assertion failed on expression: 'pred(*previous, *i)'
Assertion failed on expression: 'pred(*previous, *i)'
Assertion failed on expression: 'pred(*previous, *i)'
Assertion failed on expression: 'pred(*previous, *i)'
Assertion failed on expression: 'pred(*previous, *i)'
Assertion failed on expression: 'pred(*previous, *i)'
Assertion failed on expression: 'pred(*previous, *i)'
Assertion failed on expression: 'pred(*previous, *i)'
Assertion failed on expression: 'pred(*previous, *i)'
Assertion failed on expression: 'pred(*previous, *i)'
Assertion failed on expression: 'pred(*previous, *i)'
Assertion failed on expression: 'pred(*previous, *i)'
Assertion failed on expression: 'pred(*previous, *i)'
Assertion failed on expression: 'pred(*previous, *i)'
Assertion failed on expression: 'pred(*previous, *i)'
Assertion failed on expression: 'pred(*previous, *i)'
Assertion failed on expression: 'pred(*previous, *i)'
Assertion failed on expression: 'pred(*previous, *i)'
Assertion failed on expression: 'pred(*previous, *i)'
Assertion failed on expression: 'pred(*previous, *i)'
Assertion failed on expression: 'pred(*previous, *i)'
Assertion failed on expression: 'pred(*previous, *i)'
Assertion failed on expression: 'pred(*previous, *i)'
Assertion failed on expression: 'pred(*previous, *i)'
Assertion failed on expression: 'pred(*previous, *i)'
Assertion failed on expression: 'pred(*previous, *i)'
Assertion failed on expression: 'pred(*previous, *i)'
Assertion failed on expression: 'pred(*previous, *i)'
Assertion failed on expression: 'pred(*previous, *i)'
Assertion failed on expression: 'pred(*previous, *i)'
Assertion failed on expression: 'pred(*previous, *i)'
Assertion failed on expression: 'pred(*previous, *i)'
Assertion failed on expression: 'pred(*previous, *i)'
Assertion failed on expression: 'pred(*previous, *i)'
Assertion failed on expression: 'pred(*previous, *i)'
Assertion failed on expression: 'pred(*previous, *i)'
Assertion failed on expression: 'pred(*previous, *i)'
Assertion failed on expression: 'pred(*previous, *i)'
Assertion failed on expression: 'pred(*previous, *i)'
Assertion failed on expression: 'pred(*previous, *i)'
Assertion failed on expression: 'pred(*previous, *i)'
Assertion failed on expression: 'pred(*previous, *i)'
Assertion failed on expression: 'pred(*previous, *i)'
Assertion failed on expression: 'pred(*previous, *i)'
Assertion failed on expression: 'pred(*previous, *i)'
Assertion failed on expression: 'pred(*previous, *i)'
Assertion failed on expression: 'pred(*previous, *i)'
Assertion failed on expression: 'pred(*previous, *i)'
Assertion failed on expression: 'pred(*previous, *i)'
Assertion failed on expression: 'pred(*previous, *i)'
Assertion failed on expression: 'pred(*previous, *i)'
Assertion failed on expression: 'pred(*previous, *i)'
Assertion failed on expression: 'pred(*previous, *i)'
Assertion failed on expression: 'pred(*previous, *i)'
Assertion failed on expression: 'pred(*previous, *i)'
Assertion failed on expression: 'pred(*previous, *i)'
Assertion failed on expression: 'pred(*previous, *i)'
Assertion failed on expression: 'pred(*previous, *i)'
Assertion failed on expression: 'pred(*previous, *i)'
Assertion failed on expression: 'pred(*previous, *i)'
Assertion failed on expression: 'pred(*previous, *i)'
Assertion failed on expression: 'pred(*previous, *i)'
Assertion failed on expression: 'pred(*previous, *i)'
Assertion failed on expression: 'pred(*previous, *i)'
Assertion failed on expression: 'pred(*previous, *i)'
Assertion failed on expression: 'pred(*previous, *i)'
Assertion failed on expression: 'pred(*previous, *i)'
Assertion failed on expression: 'pred(*previous, *i)'
Assertion failed on expression: 'pred(*previous, *i)'
Assertion failed on expression: 'pred(*previous, *i)'
Assertion failed on expression: 'pred(*previous, *i)'
Assertion failed on expression: 'pred(*previous, *i)'
Assertion failed on expression: 'pred(*previous, *i)'
Assertion failed on expression: 'pred(*previous, *i)'
Assertion failed on expression: 'pred(*previous, *i)'
Assertion failed on expression: 'pred(*previous, *i)'
Assertion failed on expression: 'pred(*previous, *i)'
Assertion failed on expression: 'pred(*previous, *i)'
Assertion failed on expression: 'pred(*previous, *i)'
Assertion failed on expression: 'pred(*previous, *i)'
Assertion failed on expression: 'pred(*previous, *i)'
Assertion failed on expression: 'pred(*previous, *i)'
Assertion failed on expression: 'pred(*previous, *i)'
Assertion failed on expression: 'pred(*previous, *i)'
Assertion failed on expression: 'pred(*previous, *i)'
Assertion failed on expression: 'pred(*previous, *i)'
Assertion failed on expression: 'pred(*previous, *i)'
Assertion failed on expression: 'pred(*previous, *i)'
Assertion failed on expression: 'pred(*previous, *i)'
Assertion failed on expression: 'pred(*previous, *i)'
Assertion failed on expression: 'pred(*previous, *i)'
Assertion failed on expression: 'pred(*previous, *i)'
Assertion failed on expression: 'pred(*previous, *i)'
Assertion failed on expression: 'pred(*previous, *i)'
Assertion failed on expression: 'pred(*previous, *i)'
Assertion failed on expression: 'pred(*previous, *i)'
Assertion failed on expression: 'pred(*previous, *i)'
Assertion failed on expression: 'pred(*previous, *i)'
Assertion failed on expression: 'pred(*previous, *i)'
Assertion failed on expression: 'pred(*previous, *i)'
Assertion failed on expression: 'pred(*previous, *i)'
Assertion failed on expression: 'pred(*previous, *i)'
Assertion failed on expression: 'pred(*previous, *i)'
Assertion failed on expression: 'pred(*previous, *i)'
Assertion failed on expression: 'pred(*previous, *i)'
Assertion failed on expression: 'pred(*previous, *i)'
Assertion failed on expression: 'pred(*previous, *i)'
Assertion failed on expression: 'pred(*previous, *i)'
Assertion failed on expression: 'pred(*previous, *i)'
Assertion failed on expression: 'pred(*previous, *i)'
Assertion failed on expression: 'pred(*previous, *i)'
Assertion failed on expression: 'pred(*previous, *i)'
Assertion failed on expression: 'pred(*previous, *i)'
Assertion failed on expression: 'pred(*previous, *i)'
Assertion failed on expression: 'pred(*previous, *i)'
Assertion failed on expression: 'pred(*previous, *i)'
Assertion failed on expression: 'pred(*previous, *i)'
Assertion failed on expression: 'pred(*previous, *i)'
Assertion failed on expression: 'pred(*previous, *i)'
Assertion failed on expression: 'pred(*previous, *i)'
Assertion failed on expression: 'pred(*previous, *i)'
Assertion failed on expression: 'pred(*previous, *i)'
Assertion failed on expression: 'pred(*previous, *i)'
Assertion failed on expression: 'pred(*previous, *i)'
Assertion failed on expression: 'pred(*previous, *i)'
Assertion failed on expression: 'pred(*previous, *i)'
Assertion failed on expression: 'pred(*previous, *i)'
Assertion failed on expression: 'pred(*previous, *i)'
Assertion failed on expression: 'pred(*previous, *i)'
Assertion failed on expression: 'pred(*previous, *i)'
Assertion failed on expression: 'pred(*previous, *i)'
Assertion failed on expression: 'pred(*previous, *i)'
Assertion failed on expression: 'pred(*previous, *i)'
Assertion failed on expression: 'pred(*previous, *i)'
Assertion failed on expression: 'pred(*previous, *i)'
Assertion failed on expression: 'pred(*previous, *i)'
Assertion failed on expression: 'pred(*previous, *i)'
Assertion failed on expression: 'pred(*previous, *i)'
Assertion failed on expression: 'pred(*previous, *i)'
Assertion failed on expression: 'pred(*previous, *i)'
Assertion failed on expression: 'pred(*previous, *i)'
Assertion failed on expression: 'pred(*previous, *i)'
Assertion failed on expression: 'pred(*previous, *i)'
Assertion failed on expression: 'pred(*previous, *i)'
Assertion failed on expression: 'pred(*previous, *i)'
Assertion failed on expression: 'pred(*previous, *i)'
Assertion failed on expression: 'pred(*previous, *i)'
Assertion failed on expression: 'pred(*previous, *i)'
Assertion failed on expression: 'pred(*previous, *i)'
Assertion failed on expression: 'pred(*previous, *i)'
Assertion failed on expression: 'pred(*previous, *i)'
Assertion failed on expression: 'pred(*previous, *i)'
Assertion failed on expression: 'pred(*previous, *i)'
Assertion failed on expression: 'pred(*previous, *i)'
Assertion failed on expression: 'pred(*previous, *i)'
Assertion failed on expression: 'pred(*previous, *i)'
Assertion failed on expression: 'pred(*previous, *i)'
Assertion failed on expression: 'pred(*previous, *i)'
Assertion failed on expression: 'pred(*previous, *i)'
Assertion failed on expression: 'pred(*previous, *i)'
Assertion failed on expression: 'pred(*previous, *i)'
Assertion failed on expression: 'pred(*previous, *i)'
Assertion failed on expression: 'pred(*previous, *i)'
Assertion failed on expression: 'pred(*previous, *i)'
Assertion failed on expression: 'pred(*previous, *i)'
Assertion failed on expression: 'pred(*previous, *i)'
Assertion failed on expression: 'pred(*previous, *i)'
Assertion failed on expression: 'pred(*previous, *i)'
Assertion failed on expression: 'pred(*previous, *i)'
Assertion failed on expression: 'pred(*previous, *i)'
Assertion failed on expression: 'pred(*previous, *i)'
Assertion failed on expression: 'pred(*previous, *i)'
Assertion failed on expression: 'pred(*previous, *i)'
Assertion failed on expression: 'pred(*previous, *i)'
Assertion failed on expression: 'pred(*previous, *i)'
Assertion failed on expression: 'pred(*previous, *i)'
Assertion failed on expression: 'pred(*previous, *i)'
Assertion failed on expression: 'pred(*previous, *i)'
Assertion failed on expression: 'pred(*previous, *i)'
Assertion failed on expression: 'pred(*previous, *i)'
Assertion failed on expression: 'pred(*previous, *i)'
Assertion failed on expression: 'pred(*previous, *i)'
Assertion failed on expression: 'pred(*previous, *i)'
Assertion failed on expression: 'pred(*previous, *i)'
Assertion failed on expression: 'pred(*previous, *i)'
Assertion failed on expression: 'pred(*previous, *i)'
Assertion failed on expression: 'pred(*previous, *i)'
Assertion failed on expression: 'pred(*previous, *i)'
Assertion failed on expression: 'pred(*previous, *i)'
Assertion failed on expression: 'pred(*previous, *i)'
Assertion failed on expression: 'pred(*previous, *i)'
Assertion failed on expression: 'pred(*previous, *i)'
Assertion failed on expression: 'pred(*previous, *i)'
Assertion failed on expression: 'pred(*previous, *i)'
Assertion failed on expression: 'pred(*previous, *i)'
Assertion failed on expression: 'pred(*previous, *i)'
Assertion failed on expression: 'pred(*previous, *i)'
Assertion failed on expression: 'pred(*previous, *i)'
Assertion failed on expression: 'pred(*previous, *i)'
Assertion failed on expression: 'pred(*previous, *i)'
Assertion failed on expression: 'pred(*previous, *i)'
Assertion failed on expression: 'pred(*previous, *i)'
Assertion failed on expression: 'pred(*previous, *i)'
Assertion failed on expression: 'pred(*previous, *i)'
Assertion failed on expression: 'pred(*previous, *i)'
Assertion failed on expression: 'pred(*previous, *i)'
Assertion failed on expression: 'pred(*previous, *i)'
Assertion failed on expression: 'pred(*previous, *i)'
Assertion failed on expression: 'pred(*previous, *i)'
Assertion failed on expression: 'pred(*previous, *i)'
Assertion failed on expression: 'pred(*previous, *i)'
Assertion failed on expression: 'pred(*previous, *i)'
Assertion failed on expression: 'pred(*previous, *i)'
Assertion failed on expression: 'pred(*previous, *i)'
Assertion failed on expression: 'pred(*previous, *i)'
Assertion failed on expression: 'pred(*previous, *i)'
Assertion failed on expression: 'pred(*previous, *i)'
Assertion failed on expression: 'pred(*previous, *i)'
Assertion failed on expression: 'pred(*previous, *i)'
Assertion failed on expression: 'pred(*previous, *i)'
Assertion failed on expression: 'pred(*previous, *i)'
Assertion failed on expression: 'pred(*previous, *i)'
Assertion failed on expression: 'pred(*previous, *i)'
Assertion failed on expression: 'pred(*previous, *i)'
Assertion failed on expression: 'pred(*previous, *i)'
Assertion failed on expression: 'pred(*previous, *i)'
Assertion failed on expression: 'pred(*previous, *i)'
Assertion failed on expression: 'pred(*previous, *i)'
Assertion failed on expression: 'pred(*previous, *i)'
Assertion failed on expression: 'pred(*previous, *i)'
Assertion failed on expression: 'pred(*previous, *i)'
Assertion failed on expression: 'pred(*previous, *i)'
Assertion failed on expression: 'pred(*previous, *i)'
Assertion failed on expression: 'pred(*previous, *i)'
Assertion failed on expression: 'pred(*previous, *i)'
Assertion failed on expression: 'pred(*previous, *i)'
Assertion failed on expression: 'pred(*previous, *i)'
Assertion failed on expression: 'pred(*previous, *i)'
Assertion failed on expression: 'pred(*previous, *i)'
Assertion failed on expression: 'pred(*previous, *i)'
Assertion failed on expression: 'pred(*previous, *i)'
Assertion failed on expression: 'pred(*previous, *i)'
Assertion failed on expression: 'pred(*previous, *i)'
Assertion failed on expression: 'pred(*previous, *i)'
Assertion failed on expression: 'pred(*previous, *i)'
Assertion failed on expression: 'pred(*previous, *i)'
Assertion failed on expression: 'pred(*previous, *i)'
Assertion failed on expression: 'pred(*previous, *i)'
Assertion failed on expression: 'pred(*previous, *i)'
Assertion failed on expression: 'pred(*previous, *i)'
Assertion failed on expression: 'pred(*previous, *i)'
Assertion failed on expression: 'pred(*previous, *i)'
Assertion failed on expression: 'pred(*previous, *i)'
Assertion failed on expression: 'pred(*previous, *i)'
Assertion failed on expression: 'pred(*previous, *i)'
Assertion failed on expression: 'pred(*previous, *i)'
Assertion failed on expression: 'pred(*previous, *i)'
Assertion failed on expression: 'pred(*previous, *i)'
Assertion failed on expression: 'pred(*previous, *i)'
Assertion failed on expression: 'pred(*previous, *i)'
Assertion failed on expression: 'pred(*previous, *i)'
Assertion failed on expression: 'pred(*previous, *i)'
Assertion failed on expression: 'pred(*previous, *i)'
Assertion failed on expression: 'pred(*previous, *i)'
Assertion failed on expression: 'pred(*previous, *i)'
Assertion failed on expression: 'pred(*previous, *i)'
Assertion failed on expression: 'pred(*previous, *i)'
Assertion failed on expression: 'pred(*previous, *i)'
Assertion failed on expression: 'pred(*previous, *i)'
Assertion failed on expression: 'pred(*previous, *i)'
Assertion failed on expression: 'pred(*previous, *i)'
Assertion failed on expression: 'pred(*previous, *i)'
Assertion failed on expression: 'pred(*previous, *i)'
Assertion failed on expression: 'pred(*previous, *i)'
Assertion failed on expression: 'pred(*previous, *i)'
Assertion failed on expression: 'pred(*previous, *i)'
Assertion failed on expression: 'pred(*previous, *i)'
Assertion failed on expression: 'pred(*previous, *i)'
Assertion failed on expression: 'pred(*previous, *i)'
Assertion failed on expression: 'pred(*previous, *i)'
Assertion failed on expression: 'pred(*previous, *i)'
Assertion failed on expression: 'pred(*previous, *i)'
Assertion failed on expression: 'pred(*previous, *i)'
Assertion failed on expression: 'pred(*previous, *i)'
Assertion failed on expression: 'pred(*previous, *i)'
Assertion failed on expression: 'pred(*previous, *i)'
Assertion failed on expression: 'pred(*previous, *i)'
Assertion failed on expression: 'pred(*previous, *i)'
Assertion failed on expression: 'pred(*previous, *i)'
Assertion failed on expression: 'pred(*previous, *i)'
Assertion failed on expression: 'pred(*previous, *i)'
Assertion failed on expression: 'pred(*previous, *i)'
Assertion failed on expression: 'pred(*previous, *i)'
Assertion failed on expression: 'pred(*previous, *i)'
Assertion failed on expression: 'pred(*previous, *i)'
Assertion failed on expression: 'pred(*previous, *i)'
Assertion failed on expression: 'pred(*previous, *i)'
Assertion failed on expression: 'pred(*previous, *i)'
Assertion failed on expression: 'pred(*previous, *i)'
Assertion failed on expression: 'pred(*previous, *i)'
Assertion failed on expression: 'pred(*previous, *i)'
Assertion failed on expression: 'pred(*previous, *i)'
Assertion failed on expression: 'pred(*previous, *i)'
Assertion failed on expression: 'pred(*previous, *i)'
Assertion failed on expression: 'pred(*previous, *i)'
Assertion failed on expression: 'pred(*previous, *i)'
Assertion failed on expression: 'pred(*previous, *i)'
Assertion failed on expression: 'pred(*previous, *i)'
Assertion failed on expression: 'pred(*previous, *i)'
Assertion failed on expression: 'pred(*previous, *i)'
Assertion failed on expression: 'pred(*previous, *i)'
Assertion failed on expression: 'pred(*previous, *i)'
Assertion failed on expression: 'pred(*previous, *i)'
Assertion failed on expression: 'pred(*previous, *i)'
Assertion failed on expression: 'pred(*previous, *i)'
Assertion failed on expression: 'pred(*previous, *i)'
Assertion failed on expression: 'pred(*previous, *i)'
Assertion failed on expression: 'pred(*previous, *i)'
Assertion failed on expression: 'pred(*previous, *i)'
Assertion failed on expression: 'pred(*previous, *i)'
Assertion failed on expression: 'pred(*previous, *i)'
Assertion failed on expression: 'pred(*previous, *i)'
Assertion failed on expression: 'pred(*previous, *i)'
Assertion failed on expression: 'pred(*previous, *i)'
Assertion failed on expression: 'pred(*previous, *i)'
Assertion failed on expression: 'pred(*previous, *i)'
Assertion failed on expression: 'pred(*previous, *i)'
Assertion failed on expression: 'pred(*previous, *i)'
Assertion failed on expression: 'pred(*previous, *i)'
Assertion failed on expression: 'pred(*previous, *i)'
Assertion failed on expression: 'pred(*previous, *i)'
Assertion failed on expression: 'pred(*previous, *i)'
Assertion failed on expression: 'pred(*previous, *i)'
Assertion failed on expression: 'pred(*previous, *i)'
Assertion failed on expression: 'pred(*previous, *i)'
Assertion failed on expression: 'pred(*previous, *i)'
Assertion failed on expression: 'pred(*previous, *i)'
Assertion failed on expression: 'pred(*previous, *i)'
Assertion failed on expression: 'pred(*previous, *i)'
Assertion failed on expression: 'pred(*previous, *i)'
Assertion failed on expression: 'pred(*previous, *i)'
Assertion failed on expression: 'pred(*previous, *i)'
Assertion failed on expression: 'pred(*previous, *i)'
Assertion failed on expression: 'pred(*previous, *i)'
Assertion failed on expression: 'pred(*previous, *i)'
Assertion failed on expression: 'pred(*previous, *i)'
Assertion failed on expression: 'pred(*previous, *i)'
Assertion failed on expression: 'pred(*previous, *i)'
Assertion failed on expression: 'pred(*previous, *i)'
Assertion failed on expression: 'pred(*previous, *i)'
Assertion failed on expression: 'pred(*previous, *i)'
Assertion failed on expression: 'pred(*previous, *i)'
Assertion failed on expression: 'pred(*previous, *i)'
Assertion failed on expression: 'pred(*previous, *i)'
Assertion failed on expression: 'pred(*previous, *i)'
Assertion failed on expression: 'pred(*previous, *i)'
Assertion failed on expression: 'pred(*previous, *i)'
Assertion failed on expression: 'pred(*previous, *i)'
Assertion failed on expression: 'pred(*previous, *i)'
Assertion failed on expression: 'pred(*previous, *i)'
Assertion failed on expression: 'pred(*previous, *i)'
Assertion failed on expression: 'pred(*previous, *i)'
Assertion failed on expression: 'pred(*previous, *i)'
Assertion failed on expression: 'pred(*previous, *i)'
Assertion failed on expression: 'pred(*previous, *i)'
Assertion failed on expression: 'pred(*previous, *i)'
Assertion failed on expression: 'pred(*previous, *i)'
Assertion failed on expression: 'pred(*previous, *i)'
Assertion failed on expression: 'pred(*previous, *i)'
Assertion failed on expression: 'pred(*previous, *i)'
Assertion failed on expression: 'pred(*previous, *i)'
Assertion failed on expression: 'pred(*previous, *i)'
Assertion failed on expression: 'pred(*previous, *i)'
Assertion failed on expression: 'pred(*previous, *i)'
Assertion failed on expression: 'pred(*previous, *i)'
Assertion failed on expression: 'pred(*previous, *i)'
Assertion failed on expression: 'pred(*previous, *i)'
Assertion failed on expression: 'pred(*previous, *i)'
Assertion failed on expression: 'pred(*previous, *i)'
Assertion failed on expression: 'pred(*previous, *i)'
Assertion failed on expression: 'pred(*previous, *i)'
Assertion failed on expression: 'pred(*previous, *i)'
Assertion failed on expression: 'pred(*previous, *i)'
Assertion failed on expression: 'pred(*previous, *i)'
Assertion failed on expression: 'pred(*previous, *i)'
Assertion failed on expression: 'pred(*previous, *i)'
Assertion failed on expression: 'pred(*previous, *i)'
Assertion failed on expression: 'pred(*previous, *i)'
Assertion failed on expression: 'pred(*previous, *i)'
Assertion failed on expression: 'pred(*previous, *i)'
Assertion failed on expression: 'pred(*previous, *i)'
Assertion failed on expression: 'pred(*previous, *i)'
Assertion failed on expression: 'pred(*previous, *i)'
Assertion failed on expression: 'pred(*previous, *i)'
Assertion failed on expression: 'pred(*previous, *i)'
Assertion failed on expression: 'pred(*previous, *i)'
Assertion failed on expression: 'pred(*previous, *i)'
Assertion failed on expression: 'pred(*previous, *i)'
Assertion failed on expression: 'pred(*previous, *i)'
Assertion failed on expression: 'pred(*previous, *i)'
Assertion failed on expression: 'pred(*previous, *i)'
Assertion failed on expression: 'pred(*previous, *i)'
Assertion failed on expression: 'pred(*previous, *i)'
Assertion failed on expression: 'pred(*previous, *i)'
Assertion failed on expression: 'pred(*previous, *i)'
Assertion failed on expression: 'pred(*previous, *i)'
Assertion failed on expression: 'pred(*previous, *i)'
Assertion failed on expression: 'pred(*previous, *i)'
Assertion failed on expression: 'pred(*previous, *i)'
Assertion failed on expression: 'pred(*previous, *i)'
Assertion failed on expression: 'pred(*previous, *i)'
Assertion failed on expression: 'pred(*previous, *i)'
Assertion failed on expression: 'pred(*previous, *i)'
Assertion failed on expression: 'pred(*previous, *i)'
Assertion failed on expression: 'pred(*previous, *i)'
Assertion failed on expression: 'pred(*previous, *i)'
Assertion failed on expression: 'pred(*previous, *i)'
Assertion failed on expression: 'pred(*previous, *i)'
Assertion failed on expression: 'pred(*previous, *i)'
Assertion failed on expression: 'pred(*previous, *i)'
Assertion failed on expression: 'pred(*previous, *i)'
Assertion failed on expression: 'pred(*previous, *i)'
Assertion failed on expression: 'pred(*previous, *i)'
Assertion failed on expression: 'pred(*previous, *i)'
Assertion failed on expression: 'pred(*previous, *i)'
Assertion failed on expression: 'pred(*previous, *i)'
Assertion failed on expression: 'pred(*previous, *i)'
Assertion failed on expression: 'pred(*previous, *i)'
Assertion failed on expression: 'pred(*previous, *i)'
Assertion failed on expression: 'pred(*previous, *i)'
Assertion failed on expression: 'pred(*previous, *i)'
Assertion failed on expression: 'pred(*previous, *i)'
Assertion failed on expression: 'pred(*previous, *i)'
Assertion failed on expression: 'pred(*previous, *i)'
Assertion failed on expression: 'pred(*previous, *i)'
Assertion failed on expression: 'pred(*previous, *i)'
Assertion failed on expression: 'pred(*previous, *i)'
Assertion failed on expression: 'pred(*previous, *i)'
Assertion failed on expression: 'pred(*previous, *i)'
Assertion failed on expression: 'pred(*previous, *i)'
Assertion failed on expression: 'pred(*previous, *i)'
Assertion failed on expression: 'pred(*previous, *i)'
Assertion failed on expression: 'pred(*previous, *i)'
Assertion failed on expression: 'pred(*previous, *i)'
Assertion failed on expression: 'pred(*previous, *i)'
Assertion failed on expression: 'pred(*previous, *i)'
Assertion failed on expression: 'pred(*previous, *i)'
Assertion failed on expression: 'pred(*previous, *i)'
Assertion failed on expression: 'pred(*previous, *i)'
Assertion failed on expression: 'pred(*previous, *i)'
Assertion failed on expression: 'pred(*previous, *i)'
Assertion failed on expression: 'pred(*previous, *i)'
Assertion failed on expression: 'pred(*previous, *i)'
Assertion failed on expression: 'pred(*previous, *i)'
Assertion failed on expression: 'pred(*previous, *i)'
Assertion failed on expression: 'pred(*previous, *i)'
Assertion failed on expression: 'pred(*previous, *i)'
Assertion failed on expression: 'pred(*previous, *i)'
Assertion failed on expression: 'pred(*previous, *i)'
Assertion failed on expression: 'pred(*previous, *i)'
Assertion failed on expression: 'pred(*previous, *i)'
Assertion failed on expression: 'pred(*previous, *i)'
Assertion failed on expression: 'pred(*previous, *i)'
Assertion failed on expression: 'pred(*previous, *i)'
Assertion failed on expression: 'pred(*previous, *i)'
Assertion failed on expression: 'pred(*previous, *i)'
Assertion failed on expression: 'pred(*previous, *i)'
Assertion failed on expression: 'pred(*previous, *i)'
Assertion failed on expression: 'pred(*previous, *i)'
Assertion failed on expression: 'pred(*previous, *i)'
Assertion failed on expression: 'pred(*previous, *i)'
Assertion failed on expression: 'pred(*previous, *i)'
Assertion failed on expression: 'pred(*previous, *i)'
Assertion failed on expression: 'pred(*previous, *i)'
Assertion failed on expression: 'pred(*previous, *i)'
Assertion failed on expression: 'pred(*previous, *i)'
Assertion failed on expression: 'pred(*previous, *i)'
Assertion failed on expression: 'pred(*previous, *i)'
Assertion failed on expression: 'pred(*previous, *i)'
Assertion failed on expression: 'pred(*previous, *i)'
Assertion failed on expression: 'pred(*previous, *i)'
Assertion failed on expression: 'pred(*previous, *i)'
Assertion failed on expression: 'pred(*previous, *i)'
Assertion failed on expression: 'pred(*previous, *i)'
Assertion failed on expression: 'pred(*previous, *i)'
Assertion failed on expression: 'pred(*previous, *i)'
Assertion failed on expression: 'pred(*previous, *i)'
Assertion failed on expression: 'pred(*previous, *i)'
Assertion failed on expression: 'pred(*previous, *i)'
Assertion failed on expression: 'pred(*previous, *i)'
Assertion failed on expression: 'pred(*previous, *i)'
Assertion failed on expression: 'pred(*previous, *i)'
Assertion failed on expression: 'pred(*previous, *i)'
Assertion failed on expression: 'pred(*previous, *i)'
Assertion failed on expression: 'pred(*previous, *i)'
Assertion failed on expression: 'pred(*previous, *i)'
Assertion failed on expression: 'pred(*previous, *i)'
Assertion failed on expression: 'pred(*previous, *i)'
Assertion failed on expression: 'pred(*previous, *i)'
Assertion failed on expression: 'pred(*previous, *i)'
Assertion failed on expression: 'pred(*previous, *i)'
Assertion failed on expression: 'pred(*previous, *i)'
Assertion failed on expression: 'pred(*previous, *i)'
Assertion failed on expression: 'pred(*previous, *i)'
Assertion failed on expression: 'pred(*previous, *i)'
Assertion failed on expression: 'pred(*previous, *i)'
Assertion failed on expression: 'pred(*previous, *i)'
Assertion failed on expression: 'pred(*previous, *i)'
Assertion failed on expression: 'pred(*previous, *i)'
Assertion failed on expression: 'pred(*previous, *i)'
Assertion failed on expression: 'pred(*previous, *i)'
Assertion failed on expression: 'pred(*previous, *i)'
Assertion failed on expression: 'pred(*previous, *i)'
Assertion failed on expression: 'pred(*previous, *i)'
Assertion failed on expression: 'pred(*previous, *i)'
Assertion failed on expression: 'pred(*previous, *i)'
Assertion failed on expression: 'pred(*previous, *i)'
Assertion failed on expression: 'pred(*previous, *i)'
Assertion failed on expression: 'pred(*previous, *i)'
Assertion failed on expression: 'pred(*previous, *i)'
Assertion failed on expression: 'pred(*previous, *i)'
Assertion failed on expression: 'pred(*previous, *i)'
Assertion failed on expression: 'pred(*previous, *i)'
Assertion failed on expression: 'pred(*previous, *i)'
Assertion failed on expression: 'pred(*previous, *i)'
Assertion failed on expression: 'pred(*previous, *i)'
Assertion failed on expression: 'pred(*previous, *i)'
Assertion failed on expression: 'pred(*previous, *i)'
Assertion failed on expression: 'pred(*previous, *i)'
Assertion failed on expression: 'pred(*previous, *i)'
Assertion failed on expression: 'pred(*previous, *i)'
Assertion failed on expression: 'pred(*previous, *i)'
Assertion failed on expression: 'pred(*previous, *i)'
Assertion failed on expression: 'pred(*previous, *i)'
Assertion failed on expression: 'pred(*previous, *i)'
Assertion failed on expression: 'pred(*previous, *i)'
Assertion failed on expression: 'pred(*previous, *i)'
Assertion failed on expression: 'pred(*previous, *i)'
Assertion failed on expression: 'pred(*previous, *i)'
Assertion failed on expression: 'pred(*previous, *i)'
Assertion failed on expression: 'pred(*previous, *i)'
Assertion failed on expression: 'pred(*previous, *i)'
Assertion failed on expression: 'pred(*previous, *i)'
Assertion failed on expression: 'pred(*previous, *i)'
Assertion failed on expression: 'pred(*previous, *i)'
Assertion failed on expression: 'pred(*previous, *i)'
Assertion failed on expression: 'pred(*previous, *i)'
Assertion failed on expression: 'pred(*previous, *i)'
Assertion failed on expression: 'pred(*previous, *i)'
Assertion failed on expression: 'pred(*previous, *i)'
Assertion failed on expression: 'pred(*previous, *i)'
Assertion failed on expression: 'pred(*previous, *i)'
Assertion failed on expression: 'pred(*previous, *i)'
Assertion failed on expression: 'pred(*previous, *i)'
Assertion failed on expression: 'pred(*previous, *i)'
Assertion failed on expression: 'pred(*previous, *i)'
Assertion failed on expression: 'pred(*previous, *i)'
Assertion failed on expression: 'pred(*previous, *i)'
Assertion failed on expression: 'pred(*previous, *i)'
Assertion failed on expression: 'pred(*previous, *i)'
Assertion failed on expression: 'pred(*previous, *i)'
Assertion failed on expression: 'pred(*previous, *i)'
Assertion failed on expression: 'pred(*previous, *i)'
Assertion failed on expression: 'pred(*previous, *i)'
Assertion failed on expression: 'pred(*previous, *i)'
Assertion failed on expression: 'pred(*previous, *i)'
Assertion failed on expression: 'pred(*previous, *i)'
Assertion failed on expression: 'pred(*previous, *i)'
Assertion failed on expression: 'pred(*previous, *i)'
Assertion failed on expression: 'pred(*previous, *i)'
Assertion failed on expression: 'pred(*previous, *i)'
Assertion failed on expression: 'pred(*previous, *i)'
Assertion failed on expression: 'pred(*previous, *i)'
Assertion failed on expression: 'pred(*previous, *i)'
Assertion failed on expression: 'pred(*previous, *i)'
Assertion failed on expression: 'pred(*previous, *i)'
Assertion failed on expression: 'pred(*previous, *i)'
Assertion failed on expression: 'pred(*previous, *i)'
Assertion failed on expression: 'pred(*previous, *i)'
Assertion failed on expression: 'pred(*previous, *i)'
Assertion failed on expression: 'pred(*previous, *i)'
Assertion failed on expression: 'pred(*previous, *i)'
Assertion failed on expression: 'pred(*previous, *i)'
Assertion failed on expression: 'pred(*previous, *i)'
Assertion failed on expression: 'pred(*previous, *i)'
Assertion failed on expression: 'pred(*previous, *i)'
Assertion failed on expression: 'pred(*previous, *i)'
Assertion failed on expression: 'pred(*previous, *i)'
Assertion failed on expression: 'pred(*previous, *i)'
Assertion failed on expression: 'pred(*previous, *i)'
Assertion failed on expression: 'pred(*previous, *i)'
Assertion failed on expression: 'pred(*previous, *i)'
Assertion failed on expression: 'pred(*previous, *i)'
Assertion failed on expression: 'pred(*previous, *i)'
Assertion failed on expression: 'pred(*previous, *i)'
Assertion failed on expression: 'pred(*previous, *i)'
Assertion failed on expression: 'pred(*previous, *i)'
Assertion failed on expression: 'pred(*previous, *i)'
Assertion failed on expression: 'pred(*previous, *i)'
Assertion failed on expression: 'pred(*previous, *i)'
Assertion failed on expression: 'pred(*previous, *i)'
Assertion failed on expression: 'pred(*previous, *i)'
Assertion failed on expression: 'pred(*previous, *i)'
Assertion failed on expression: 'pred(*previous, *i)'
Assertion failed on expression: 'pred(*previous, *i)'
Assertion failed on expression: 'pred(*previous, *i)'
Assertion failed on expression: 'pred(*previous, *i)'
Assertion failed on expression: 'pred(*previous, *i)'
Assertion failed on expression: 'pred(*previous, *i)'
Assertion failed on expression: 'pred(*previous, *i)'
Assertion failed on expression: 'pred(*previous, *i)'
Assertion failed on expression: 'pred(*previous, *i)'
Assertion failed on expression: 'pred(*previous, *i)'
Assertion failed on expression: 'pred(*previous, *i)'
Assertion failed on expression: 'pred(*previous, *i)'
Assertion failed on expression: 'pred(*previous, *i)'
Assertion failed on expression: 'pred(*previous, *i)'
Assertion failed on expression: 'pred(*previous, *i)'
Assertion failed on expression: 'pred(*previous, *i)'
Assertion failed on expression: 'pred(*previous, *i)'
Assertion failed on expression: 'pred(*previous, *i)'
Assertion failed on expression: 'pred(*previous, *i)'
Assertion failed on expression: 'pred(*previous, *i)'
Assertion failed on expression: 'pred(*previous, *i)'
Assertion failed on expression: 'pred(*previous, *i)'
Assertion failed on expression: 'pred(*previous, *i)'
Assertion failed on expression: 'pred(*previous, *i)'
Assertion failed on expression: 'pred(*previous, *i)'
Assertion failed on expression: 'pred(*previous, *i)'
Assertion failed on expression: 'pred(*previous, *i)'
Assertion failed on expression: 'pred(*previous, *i)'
Assertion failed on expression: 'pred(*previous, *i)'
Assertion failed on expression: 'pred(*previous, *i)'
Assertion failed on expression: 'pred(*previous, *i)'
Assertion failed on expression: 'pred(*previous, *i)'
Assertion failed on expression: 'pred(*previous, *i)'
Assertion failed on expression: 'pred(*previous, *i)'
Assertion failed on expression: 'pred(*previous, *i)'
Assertion failed on expression: 'pred(*previous, *i)'
Assertion failed on expression: 'pred(*previous, *i)'
Assertion failed on expression: 'pred(*previous, *i)'
Assertion failed on expression: 'pred(*previous, *i)'
Assertion failed on expression: 'pred(*previous, *i)'
Assertion failed on expression: 'pred(*previous, *i)'
Assertion failed on expression: 'pred(*previous, *i)'
Assertion failed on expression: 'pred(*previous, *i)'
Assertion failed on expression: 'pred(*previous, *i)'
Assertion failed on expression: 'pred(*previous, *i)'
Assertion failed on expression: 'pred(*previous, *i)'
Assertion failed on expression: 'pred(*previous, *i)'
Assertion failed on expression: 'pred(*previous, *i)'
Assertion failed on expression: 'pred(*previous, *i)'
Assertion failed on expression: 'pred(*previous, *i)'
Assertion failed on expression: 'pred(*previous, *i)'
Assertion failed on expression: 'pred(*previous, *i)'
Assertion failed on expression: 'pred(*previous, *i)'
Assertion failed on expression: 'pred(*previous, *i)'
Assertion failed on expression: 'pred(*previous, *i)'
Assertion failed on expression: 'pred(*previous, *i)'
Assertion failed on expression: 'pred(*previous, *i)'
Assertion failed on expression: 'pred(*previous, *i)'
Assertion failed on expression: 'pred(*previous, *i)'
Assertion failed on expression: 'pred(*previous, *i)'
Assertion failed on expression: 'pred(*previous, *i)'
Assertion failed on expression: 'pred(*previous, *i)'
Assertion failed on expression: 'pred(*previous, *i)'
Assertion failed on expression: 'pred(*previous, *i)'
Assertion failed on expression: 'pred(*previous, *i)'
Assertion failed on expression: 'pred(*previous, *i)'
Assertion failed on expression: 'pred(*previous, *i)'
Assertion failed on expression: 'pred(*previous, *i)'
Assertion failed on expression: 'pred(*previous, *i)'
Assertion failed on expression: 'pred(*previous, *i)'
Assertion failed on expression: 'pred(*previous, *i)'
Assertion failed on expression: 'pred(*previous, *i)'
Assertion failed on expression: 'pred(*previous, *i)'
Assertion failed on expression: 'pred(*previous, *i)'
Assertion failed on expression: 'pred(*previous, *i)'
Assertion failed on expression: 'pred(*previous, *i)'
Assertion failed on expression: 'pred(*previous, *i)'
Assertion failed on expression: 'pred(*previous, *i)'
Assertion failed on expression: 'pred(*previous, *i)'
Assertion failed on expression: 'pred(*previous, *i)'
Assertion failed on expression: 'pred(*previous, *i)'
Assertion failed on expression: 'pred(*previous, *i)'
Assertion failed on expression: 'pred(*previous, *i)'
Assertion failed on expression: 'pred(*previous, *i)'
Assertion failed on expression: 'pred(*previous, *i)'
Assertion failed on expression: 'pred(*previous, *i)'
Assertion failed on expression: 'pred(*previous, *i)'
Assertion failed on expression: 'pred(*previous, *i)'
Assertion failed on expression: 'pred(*previous, *i)'
Assertion failed on expression: 'pred(*previous, *i)'
Assertion failed on expression: 'pred(*previous, *i)'
Assertion failed on expression: 'pred(*previous, *i)'
Assertion failed on expression: 'pred(*previous, *i)'
Assertion failed on expression: 'pred(*previous, *i)'
Assertion failed on expression: 'pred(*previous, *i)'
Assertion failed on expression: 'pred(*previous, *i)'
Assertion failed on expression: 'pred(*previous, *i)'
Assertion failed on expression: 'pred(*previous, *i)'
Assertion failed on expression: 'pred(*previous, *i)'
Assertion failed on expression: 'pred(*previous, *i)'
Assertion failed on expression: 'pred(*previous, *i)'
Assertion failed on expression: 'pred(*previous, *i)'
Assertion failed on expression: 'pred(*previous, *i)'
Assertion failed on expression: 'pred(*previous, *i)'
Assertion failed on expression: 'pred(*previous, *i)'
Assertion failed on expression: 'pred(*previous, *i)'
Assertion failed on expression: 'pred(*previous, *i)'
Assertion failed on expression: 'pred(*previous, *i)'
Assertion failed on expression: 'pred(*previous, *i)'
Assertion failed on expression: 'pred(*previous, *i)'
Assertion failed on expression: 'pred(*previous, *i)'
Assertion failed on expression: 'pred(*previous, *i)'
Assertion failed on expression: 'pred(*previous, *i)'
Assertion failed on expression: 'pred(*previous, *i)'
Assertion failed on expression: 'pred(*previous, *i)'
Assertion failed on expression: 'pred(*previous, *i)'
Assertion failed on expression: 'pred(*previous, *i)'
Assertion failed on expression: 'pred(*previous, *i)'
Assertion failed on expression: 'pred(*previous, *i)'
Assertion failed on expression: 'pred(*previous, *i)'
Assertion failed on expression: 'pred(*previous, *i)'
Assertion failed on expression: 'pred(*previous, *i)'
Assertion failed on expression: 'pred(*previous, *i)'
Assertion failed on expression: 'pred(*previous, *i)'
Assertion failed on expression: 'pred(*previous, *i)'
Assertion failed on expression: 'pred(*previous, *i)'
Assertion failed on expression: 'pred(*previous, *i)'
Assertion failed on expression: 'pred(*previous, *i)'
Assertion failed on expression: 'pred(*previous, *i)'
Assertion failed on expression: 'pred(*previous, *i)'
Assertion failed on expression: 'pred(*previous, *i)'
Assertion failed on expression: 'pred(*previous, *i)'
Assertion failed on expression: 'pred(*previous, *i)'
Assertion failed on expression: 'pred(*previous, *i)'
Assertion failed on expression: 'pred(*previous, *i)'
Assertion failed on expression: 'pred(*previous, *i)'
Assertion failed on expression: 'pred(*previous, *i)'
Assertion failed on expression: 'pred(*previous, *i)'
Assertion failed on expression: 'pred(*previous, *i)'
Assertion failed on expression: 'pred(*previous, *i)'
Assertion failed on expression: 'pred(*previous, *i)'
Assertion failed on expression: 'pred(*previous, *i)'
Assertion failed on expression: 'pred(*previous, *i)'
Assertion failed on expression: 'pred(*previous, *i)'
Assertion failed on expression: 'pred(*previous, *i)'
Assertion failed on expression: 'pred(*previous, *i)'
Assertion failed on expression: 'pred(*previous, *i)'
Assertion failed on expression: 'pred(*previous, *i)'
Assertion failed on expression: 'pred(*previous, *i)'
Assertion failed on expression: 'pred(*previous, *i)'
Assertion failed on expression: 'pred(*previous, *i)'
Assertion failed on expression: 'pred(*previous, *i)'
Assertion failed on expression: 'pred(*previous, *i)'
Assertion failed on expression: 'pred(*previous, *i)'
Assertion failed on expression: 'pred(*previous, *i)'
Assertion failed on expression: 'pred(*previous, *i)'
Assertion failed on expression: 'pred(*previous, *i)'
Assertion failed on expression: 'pred(*previous, *i)'
Assertion failed on expression: 'pred(*previous, *i)'
Assertion failed on expression: 'pred(*previous, *i)'
Assertion failed on expression: 'pred(*previous, *i)'
Assertion failed on expression: 'pred(*previous, *i)'
Assertion failed on expression: 'pred(*previous, *i)'
Assertion failed on expression: 'pred(*previous, *i)'
Assertion failed on expression: 'pred(*previous, *i)'
Assertion failed on expression: 'pred(*previous, *i)'
Assertion failed on expression: 'pred(*previous, *i)'
Assertion failed on expression: 'pred(*previous, *i)'
Assertion failed on expression: 'pred(*previous, *i)'
Assertion failed on expression: 'pred(*previous, *i)'
Assertion failed on expression: 'pred(*previous, *i)'
Assertion failed on expression: 'pred(*previous, *i)'
Assertion failed on expression: 'pred(*previous, *i)'
Assertion failed on expression: 'pred(*previous, *i)'
Assertion failed on expression: 'pred(*previous, *i)'
Assertion failed on expression: 'pred(*previous, *i)'
Assertion failed on expression: 'pred(*previous, *i)'
Assertion failed on expression: 'pred(*previous, *i)'
Assertion failed on expression: 'pred(*previous, *i)'
Assertion failed on expression: 'pred(*previous, *i)'
Assertion failed on expression: 'pred(*previous, *i)'
Assertion failed on expression: 'pred(*previous, *i)'
Assertion failed on expression: 'pred(*previous, *i)'
Assertion failed on expression: 'pred(*previous, *i)'
Assertion failed on expression: 'pred(*previous, *i)'
Assertion failed on expression: 'pred(*previous, *i)'
Assertion failed on expression: 'pred(*previous, *i)'
Assertion failed on expression: 'pred(*previous, *i)'
Assertion failed on expression: 'pred(*previous, *i)'
Assertion failed on expression: 'pred(*previous, *i)'
Assertion failed on expression: 'pred(*previous, *i)'
Assertion failed on expression: 'pred(*previous, *i)'
Assertion failed on expression: 'pred(*previous, *i)'
Assertion failed on expression: 'pred(*previous, *i)'
Assertion failed on expression: 'pred(*previous, *i)'
Assertion failed on expression: 'pred(*previous, *i)'
Assertion failed on expression: 'pred(*previous, *i)'
Assertion failed on expression: 'pred(*previous, *i)'
Assertion failed on expression: 'pred(*previous, *i)'
Assertion failed on expression: 'pred(*previous, *i)'
Assertion failed on expression: 'pred(*previous, *i)'
Assertion failed on expression: 'pred(*previous, *i)'
Assertion failed on expression: 'pred(*previous, *i)'
Assertion failed on expression: 'pred(*previous, *i)'
Assertion failed on expression: 'pred(*previous, *i)'
Assertion failed on expression: 'pred(*previous, *i)'
Assertion failed on expression: 'pred(*previous, *i)'
Assertion failed on expression: 'pred(*previous, *i)'
Assertion failed on expression: 'pred(*previous, *i)'
Assertion failed on expression: 'pred(*previous, *i)'
Assertion failed on expression: 'pred(*previous, *i)'
Assertion failed on expression: 'pred(*previous, *i)'
Assertion failed on expression: 'pred(*previous, *i)'
Assertion failed on expression: 'pred(*previous, *i)'
Assertion failed on expression: 'pred(*previous, *i)'
Assertion failed on expression: 'pred(*previous, *i)'
Assertion failed on expression: 'pred(*previous, *i)'
Assertion failed on expression: 'pred(*previous, *i)'
Assertion failed on expression: 'pred(*previous, *i)'
Assertion failed on expression: 'pred(*previous, *i)'
Assertion failed on expression: 'pred(*previous, *i)'
Assertion failed on expression: 'pred(*previous, *i)'
Assertion failed on expression: 'pred(*previous, *i)'
Assertion failed on expression: 'pred(*previous, *i)'
Assertion failed on expression: 'pred(*previous, *i)'
Assertion failed on expression: 'pred(*previous, *i)'
Assertion failed on expression: 'pred(*previous, *i)'
Assertion failed on expression: 'pred(*previous, *i)'
Assertion failed on expression: 'pred(*previous, *i)'
Assertion failed on expression: 'pred(*previous, *i)'
Assertion failed on expression: 'pred(*previous, *i)'
Assertion failed on expression: 'pred(*previous, *i)'
Assertion failed on expression: 'pred(*previous, *i)'
Assertion failed on expression: 'pred(*previous, *i)'
Assertion failed on expression: 'pred(*previous, *i)'
Assertion failed on expression: 'pred(*previous, *i)'
Assertion failed on expression: 'pred(*previous, *i)'
Assertion failed on expression: 'pred(*previous, *i)'
Assertion failed on expression: 'pred(*previous, *i)'
Assertion failed on expression: 'pred(*previous, *i)'
Assertion failed on expression: 'pred(*previous, *i)'
Assertion failed on expression: 'pred(*previous, *i)'
Assertion failed on expression: 'pred(*previous, *i)'
Assertion failed on expression: 'pred(*previous, *i)'
Assertion failed on expression: 'pred(*previous, *i)'
Assertion failed on expression: 'pred(*previous, *i)'
Assertion failed on expression: 'pred(*previous, *i)'
Assertion failed on expression: 'pred(*previous, *i)'
Assertion failed on expression: 'pred(*previous, *i)'
Assertion failed on expression: 'pred(*previous, *i)'
Assertion failed on expression: 'pred(*previous, *i)'
Assertion failed on expression: 'pred(*previous, *i)'
Assertion failed on expression: 'pred(*previous, *i)'
Assertion failed on expression: 'pred(*previous, *i)'
Assertion failed on expression: 'pred(*previous, *i)'
Assertion failed on expression: 'pred(*previous, *i)'
Assertion failed on expression: 'pred(*previous, *i)'
Assertion failed on expression: 'pred(*previous, *i)'
Assertion failed on expression: 'pred(*previous, *i)'
Assertion failed on expression: 'pred(*previous, *i)'
Assertion failed on expression: 'pred(*previous, *i)'
Assertion failed on expression: 'pred(*previous, *i)'
Assertion failed on expression: 'pred(*previous, *i)'
Assertion failed on expression: 'pred(*previous, *i)'
Assertion failed on expression: 'pred(*previous, *i)'
Assertion failed on expression: 'pred(*previous, *i)'
Assertion failed on expression: 'pred(*previous, *i)'
Assertion failed on expression: 'pred(*previous, *i)'
Assertion failed on expression: 'pred(*previous, *i)'
Assertion failed on expression: 'pred(*previous, *i)'
Assertion failed on expression: 'pred(*previous, *i)'
Assertion failed on expression: 'pred(*previous, *i)'
Assertion failed on expression: 'pred(*previous, *i)'
Assertion failed on expression: 'pred(*previous, *i)'
Assertion failed on expression: 'pred(*previous, *i)'
Assertion failed on expression: 'pred(*previous, *i)'
Assertion failed on expression: 'pred(*previous, *i)'
Assertion failed on expression: 'pred(*previous, *i)'
Assertion failed on expression: 'pred(*previous, *i)'
Assertion failed on expression: 'pred(*previous, *i)'
Assertion failed on expression: 'pred(*previous, *i)'
Assertion failed on expression: 'pred(*previous, *i)'
Assertion failed on expression: 'pred(*previous, *i)'
Assertion failed on expression: 'pred(*previous, *i)'
Assertion failed on expression: 'pred(*previous, *i)'
Assertion failed on expression: 'pred(*previous, *i)'
Assertion failed on expression: 'pred(*previous, *i)'
Assertion failed on expression: 'pred(*previous, *i)'
Assertion failed on expression: 'pred(*previous, *i)'
Assertion failed on expression: 'pred(*previous, *i)'
Assertion failed on expression: 'pred(*previous, *i)'
Assertion failed on expression: 'pred(*previous, *i)'
Assertion failed on expression: 'pred(*previous, *i)'
Assertion failed on expression: 'pred(*previous, *i)'
Assertion failed on expression: 'pred(*previous, *i)'
Assertion failed on expression: 'pred(*previous, *i)'
Assertion failed on expression: 'pred(*previous, *i)'
Assertion failed on expression: 'pred(*previous, *i)'
Assertion failed on expression: 'pred(*previous, *i)'
Assertion failed on expression: 'pred(*previous, *i)'
Assertion failed on expression: 'pred(*previous, *i)'
Assertion failed on expression: 'pred(*previous, *i)'
Assertion failed on expression: 'pred(*previous, *i)'
Assertion failed on expression: 'pred(*previous, *i)'
Assertion failed on expression: 'pred(*previous, *i)'
Assertion failed on expression: 'pred(*previous, *i)'
Assertion failed on expression: 'pred(*previous, *i)'
Assertion failed on expression: 'pred(*previous, *i)'
Assertion failed on expression: 'pred(*previous, *i)'
Assertion failed on expression: 'pred(*previous, *i)'
Assertion failed on expression: 'pred(*previous, *i)'
Assertion failed on expression: 'pred(*previous, *i)'
Assertion failed on expression: 'pred(*previous, *i)'
Assertion failed on expression: 'pred(*previous, *i)'
Assertion failed on expression: 'pred(*previous, *i)'
Assertion failed on expression: 'pred(*previous, *i)'
Assertion failed on expression: 'pred(*previous, *i)'
Assertion failed on expression: 'pred(*previous, *i)'
Assertion failed on expression: 'pred(*previous, *i)'
Assertion failed on expression: 'pred(*previous, *i)'
Assertion failed on expression: 'pred(*previous, *i)'
Assertion failed on expression: 'pred(*previous, *i)'
Assertion failed on expression: 'pred(*previous, *i)'
Assertion failed on expression: 'pred(*previous, *i)'
Assertion failed on expression: 'pred(*previous, *i)'
Assertion failed on expression: 'pred(*previous, *i)'
Assertion failed on expression: 'pred(*previous, *i)'
Assertion failed on expression: 'pred(*previous, *i)'
Assertion failed on expression: 'pred(*previous, *i)'
Assertion failed on expression: 'pred(*previous, *i)'
Assertion failed on expression: 'pred(*previous, *i)'
Assertion failed on expression: 'pred(*previous, *i)'
Assertion failed on expression: 'pred(*previous, *i)'
Assertion failed on expression: 'pred(*previous, *i)'
Assertion failed on expression: 'pred(*previous, *i)'
Assertion failed on expression: 'pred(*previous, *i)'
Assertion failed on expression: 'pred(*previous, *i)'
Assertion failed on expression: 'pred(*previous, *i)'
Assertion failed on expression: 'pred(*previous, *i)'
Assertion failed on expression: 'pred(*previous, *i)'
Assertion failed on expression: 'pred(*previous, *i)'
Assertion failed on expression: 'pred(*previous, *i)'
Assertion failed on expression: 'pred(*previous, *i)'
Assertion failed on expression: 'pred(*previous, *i)'
Assertion failed on expression: 'pred(*previous, *i)'
Assertion failed on expression: 'pred(*previous, *i)'
Assertion failed on expression: 'pred(*previous, *i)'
Assertion failed on expression: 'pred(*previous, *i)'
Assertion failed on expression: 'pred(*previous, *i)'
Assertion failed on expression: 'pred(*previous, *i)'
Assertion failed on expression: 'pred(*previous, *i)'
Assertion failed on expression: 'pred(*previous, *i)'
Assertion failed on expression: 'pred(*previous, *i)'
Assertion failed on expression: 'pred(*previous, *i)'
Assertion failed on expression: 'pred(*previous, *i)'
Assertion failed on expression: 'pred(*previous, *i)'
Assertion failed on expression: 'pred(*previous, *i)'
Assertion failed on expression: 'pred(*previous, *i)'
Assertion failed on expression: 'pred(*previous, *i)'
Assertion failed on expression: 'pred(*previous, *i)'
Assertion failed on expression: 'pred(*previous, *i)'
Assertion failed on expression: 'pred(*previous, *i)'
Assertion failed on expression: 'pred(*previous, *i)'
Assertion failed on expression: 'pred(*previous, *i)'
Assertion failed on expression: 'pred(*previous, *i)'
Assertion failed on expression: 'pred(*previous, *i)'
Assertion failed on expression: 'pred(*previous, *i)'
Assertion failed on expression: 'pred(*previous, *i)'
Assertion failed on expression: 'pred(*previous, *i)'
Assertion failed on expression: 'pred(*previous, *i)'
Assertion failed on expression: 'pred(*previous, *i)'
Assertion failed on expression: 'pred(*previous, *i)'
Assertion failed on expression: 'pred(*previous, *i)'
Assertion failed on expression: 'pred(*previous, *i)'
Assertion failed on expression: 'pred(*previous, *i)'
Assertion failed on expression: 'pred(*previous, *i)'
Assertion failed on expression: 'pred(*previous, *i)'
Assertion failed on expression: 'pred(*previous, *i)'
Assertion failed on expression: 'pred(*previous, *i)'
Assertion failed on expression: 'pred(*previous, *i)'
Assertion failed on expression: 'pred(*previous, *i)'
Assertion failed on expression: 'pred(*previous, *i)'
Assertion failed on expression: 'pred(*previous, *i)'
Assertion failed on expression: 'pred(*previous, *i)'
Assertion failed on expression: 'pred(*previous, *i)'
Assertion failed on expression: 'pred(*previous, *i)'
Assertion failed on expression: 'pred(*previous, *i)'
Assertion failed on expression: 'pred(*previous, *i)'
Assertion failed on expression: 'pred(*previous, *i)'
Assertion failed on expression: 'pred(*previous, *i)'
Assertion failed on expression: 'pred(*previous, *i)'
Assertion failed on expression: 'pred(*previous, *i)'
Assertion failed on expression: 'pred(*previous, *i)'
Assertion failed on expression: 'pred(*previous, *i)'
Assertion failed on expression: 'pred(*previous, *i)'
Assertion failed on expression: 'pred(*previous, *i)'
Assertion failed on expression: 'pred(*previous, *i)'
Assertion failed on expression: 'pred(*previous, *i)'
Assertion failed on expression: 'pred(*previous, *i)'
Assertion failed on expression: 'pred(*previous, *i)'
Assertion failed on expression: 'pred(*previous, *i)'
Assertion failed on expression: 'pred(*previous, *i)'
Assertion failed on expression: 'pred(*previous, *i)'
Assertion failed on expression: 'pred(*previous, *i)'
Assertion failed on expression: 'pred(*previous, *i)'
Assertion failed on expression: 'pred(*previous, *i)'
Assertion failed on expression: 'pred(*previous, *i)'
Assertion failed on expression: 'pred(*previous, *i)'
Assertion failed on expression: 'pred(*previous, *i)'
Assertion failed on expression: 'pred(*previous, *i)'
Assertion failed on expression: 'pred(*previous, *i)'
Assertion failed on expression: 'pred(*previous, *i)'
Assertion failed on expression: 'pred(*previous, *i)'
Assertion failed on expression: 'pred(*previous, *i)'
Assertion failed on expression: 'pred(*previous, *i)'
Assertion failed on expression: 'pred(*previous, *i)'
Assertion failed on expression: 'pred(*previous, *i)'
Assertion failed on expression: 'pred(*previous, *i)'
Assertion failed on expression: 'pred(*previous, *i)'
Assertion failed on expression: 'pred(*previous, *i)'
Assertion failed on expression: 'pred(*previous, *i)'
Assertion failed on expression: 'pred(*previous, *i)'
Assertion failed on expression: 'pred(*previous, *i)'
Assertion failed on expression: 'pred(*previous, *i)'
Assertion failed on expression: 'pred(*previous, *i)'
Assertion failed on expression: 'pred(*previous, *i)'
Assertion failed on expression: 'pred(*previous, *i)'
Assertion failed on expression: 'pred(*previous, *i)'
Assertion failed on expression: 'pred(*previous, *i)'
Assertion failed on expression: 'pred(*previous, *i)'
Assertion failed on expression: 'pred(*previous, *i)'
Assertion failed on expression: 'pred(*previous, *i)'
Assertion failed on expression: 'pred(*previous, *i)'
Assertion failed on expression: 'pred(*previous, *i)'
Assertion failed on expression: 'pred(*previous, *i)'
Assertion failed on expression: 'pred(*previous, *i)'
Assertion failed on expression: 'pred(*previous, *i)'
Assertion failed on expression: 'pred(*previous, *i)'
Assertion failed on expression: 'pred(*previous, *i)'
Assertion failed on expression: 'pred(*previous, *i)'
Assertion failed on expression: 'pred(*previous, *i)'
Assertion failed on expression: 'pred(*previous, *i)'
Assertion failed on expression: 'pred(*previous, *i)'
Assertion failed on expression: 'pred(*previous, *i)'
Assertion failed on expression: 'pred(*previous, *i)'
Assertion failed on expression: 'pred(*previous, *i)'
Assertion failed on expression: 'pred(*previous, *i)'
Assertion failed on expression: 'pred(*previous, *i)'
Assertion failed on expression: 'pred(*previous, *i)'
Assertion failed on expression: 'pred(*previous, *i)'
Assertion failed on expression: 'pred(*previous, *i)'
Assertion failed on expression: 'pred(*previous, *i)'
Assertion failed on expression: 'pred(*previous, *i)'
Assertion failed on expression: 'pred(*previous, *i)'
Assertion failed on expression: 'pred(*previous, *i)'
Assertion failed on expression: 'pred(*previous, *i)'
Assertion failed on expression: 'pred(*previous, *i)'
Assertion failed on expression: 'pred(*previous, *i)'
Assertion failed on expression: 'pred(*previous, *i)'
Assertion failed on expression: 'pred(*previous, *i)'
Assertion failed on expression: 'pred(*previous, *i)'
Assertion failed on expression: 'pred(*previous, *i)'
Assertion failed on expression: 'pred(*previous, *i)'
Assertion failed on expression: 'pred(*previous, *i)'
Assertion failed on expression: 'pred(*previous, *i)'
Assertion failed on expression: 'pred(*previous, *i)'
Assertion failed on expression: 'pred(*previous, *i)'
Assertion failed on expression: 'pred(*previous, *i)'
Assertion failed on expression: 'pred(*previous, *i)'
Assertion failed on expression: 'pred(*previous, *i)'
Assertion failed on expression: 'pred(*previous, *i)'
Assertion failed on expression: 'pred(*previous, *i)'
Assertion failed on expression: 'pred(*previous, *i)'
Assertion failed on expression: 'pred(*previous, *i)'
Assertion failed on expression: 'pred(*previous, *i)'
Assertion failed on expression: 'pred(*previous, *i)'
Assertion failed on expression: 'pred(*previous, *i)'
Assertion failed on expression: 'pred(*previous, *i)'
Assertion failed on expression: 'pred(*previous, *i)'
Assertion failed on expression: 'pred(*previous, *i)'
Assertion failed on expression: 'pred(*previous, *i)'
Assertion failed on expression: 'pred(*previous, *i)'
Assertion failed on expression: 'pred(*previous, *i)'
Assertion failed on expression: 'pred(*previous, *i)'
Assertion failed on expression: 'pred(*previous, *i)'
Assertion failed on expression: 'pred(*previous, *i)'
Assertion failed on expression: 'pred(*previous, *i)'
Assertion failed on expression: 'pred(*previous, *i)'
Assertion failed on expression: 'pred(*previous, *i)'
Assertion failed on expression: 'pred(*previous, *i)'
Assertion failed on expression: 'pred(*previous, *i)'
Assertion failed on expression: 'pred(*previous, *i)'
Assertion failed on expression: 'pred(*previous, *i)'
Assertion failed on expression: 'pred(*previous, *i)'
Assertion failed on expression: 'pred(*previous, *i)'
Assertion failed on expression: 'pred(*previous, *i)'
Assertion failed on expression: 'pred(*previous, *i)'
Assertion failed on expression: 'pred(*previous, *i)'
Assertion failed on expression: 'pred(*previous, *i)'
Assertion failed on expression: 'pred(*previous, *i)'
Assertion failed on expression: 'pred(*previous, *i)'
Assertion failed on expression: 'pred(*previous, *i)'
Assertion failed on expression: 'pred(*previous, *i)'
Assertion failed on expression: 'pred(*previous, *i)'
Assertion failed on expression: 'pred(*previous, *i)'
Assertion failed on expression: 'pred(*previous, *i)'
Assertion failed on expression: 'pred(*previous, *i)'
Assertion failed on expression: 'pred(*previous, *i)'
Assertion failed on expression: 'pred(*previous, *i)'
Assertion failed on expression: 'pred(*previous, *i)'
Assertion failed on expression: 'pred(*previous, *i)'
Assertion failed on expression: 'pred(*previous, *i)'
Assertion failed on expression: 'pred(*previous, *i)'
Assertion failed on expression: 'pred(*previous, *i)'
Assertion failed on expression: 'pred(*previous, *i)'
Assertion failed on expression: 'pred(*previous, *i)'
Assertion failed on expression: 'pred(*previous, *i)'
Assertion failed on expression: 'pred(*previous, *i)'
Assertion failed on expression: 'pred(*previous, *i)'
Assertion failed on expression: 'pred(*previous, *i)'
Assertion failed on expression: 'pred(*previous, *i)'
Assertion failed on expression: 'pred(*previous, *i)'
Assertion failed on expression: 'pred(*previous, *i)'
Assertion failed on expression: 'pred(*previous, *i)'
Assertion failed on expression: 'pred(*previous, *i)'
Assertion failed on expression: 'pred(*previous, *i)'
Assertion failed on expression: 'pred(*previous, *i)'
Assertion failed on expression: 'pred(*previous, *i)'
Assertion failed on expression: 'pred(*previous, *i)'
Assertion failed on expression: 'pred(*previous, *i)'
Assertion failed on expression: 'pred(*previous, *i)'
Assertion failed on expression: 'pred(*previous, *i)'
Assertion failed on expression: 'pred(*previous, *i)'
Assertion failed on expression: 'pred(*previous, *i)'
Assertion failed on expression: 'pred(*previous, *i)'
Assertion failed on expression: 'pred(*previous, *i)'
Assertion failed on expression: 'pred(*previous, *i)'
Assertion failed on expression: 'pred(*previous, *i)'
Assertion failed on expression: 'pred(*previous, *i)'
Assertion failed on expression: 'pred(*previous, *i)'
Assertion failed on expression: 'pred(*previous, *i)'
Assertion failed on expression: 'pred(*previous, *i)'
Assertion failed on expression: 'pred(*previous, *i)'
Assertion failed on expression: 'pred(*previous, *i)'
Assertion failed on expression: 'pred(*previous, *i)'
Assertion failed on expression: 'pred(*previous, *i)'
Assertion failed on expression: 'pred(*previous, *i)'
Assertion failed on expression: 'pred(*previous, *i)'
Assertion failed on expression: 'pred(*previous, *i)'
Assertion failed on expression: 'pred(*previous, *i)'
Assertion failed on expression: 'pred(*previous, *i)'
Assertion failed on expression: 'pred(*previous, *i)'
Assertion failed on expression: 'pred(*previous, *i)'
Assertion failed on expression: 'pred(*previous, *i)'
Assertion failed on expression: 'pred(*previous, *i)'
Assertion failed on expression: 'pred(*previous, *i)'
Assertion failed on expression: 'pred(*previous, *i)'
Assertion failed on expression: 'pred(*previous, *i)'
Assertion failed on expression: 'pred(*previous, *i)'
Assertion failed on expression: 'pred(*previous, *i)'
Assertion failed on expression: 'pred(*previous, *i)'
Assertion failed on expression: 'pred(*previous, *i)'
Assertion failed on expression: 'pred(*previous, *i)'
Assertion failed on expression: 'pred(*previous, *i)'
Assertion failed on expression: 'pred(*previous, *i)'
Assertion failed on expression: 'pred(*previous, *i)'
Assertion failed on expression: 'pred(*previous, *i)'
Assertion failed on expression: 'pred(*previous, *i)'
Assertion failed on expression: 'pred(*previous, *i)'
Assertion failed on expression: 'pred(*previous, *i)'
Assertion failed on expression: 'pred(*previous, *i)'
Assertion failed on expression: 'pred(*previous, *i)'
Assertion failed on expression: 'pred(*previous, *i)'
Assertion failed on expression: 'pred(*previous, *i)'
Assertion failed on expression: 'pred(*previous, *i)'
Assertion failed on expression: 'pred(*previous, *i)'
Assertion failed on expression: 'pred(*previous, *i)'
Assertion failed on expression: 'pred(*previous, *i)'
Assertion failed on expression: 'pred(*previous, *i)'
Assertion failed on expression: 'pred(*previous, *i)'
Assertion failed on expression: 'pred(*previous, *i)'
Assertion failed on expression: 'pred(*previous, *i)'
Assertion failed on expression: 'pred(*previous, *i)'
Assertion failed on expression: 'pred(*previous, *i)'
Assertion failed on expression: 'pred(*previous, *i)'
Assertion failed on expression: 'pred(*previous, *i)'
Assertion failed on expression: 'pred(*previous, *i)'
Assertion failed on expression: 'pred(*previous, *i)'
Assertion failed on expression: 'pred(*previous, *i)'
Assertion failed on expression: 'pred(*previous, *i)'
Assertion failed on expression: 'pred(*previous, *i)'
Assertion failed on expression: 'pred(*previous, *i)'
Assertion failed on expression: 'pred(*previous, *i)'
Assertion failed on expression: 'pred(*previous, *i)'
Assertion failed on expression: 'pred(*previous, *i)'
Assertion failed on expression: 'pred(*previous, *i)'
Assertion failed on expression: 'pred(*previous, *i)'
Assertion failed on expression: 'pred(*previous, *i)'
Assertion failed on expression: 'pred(*previous, *i)'
Assertion failed on expression: 'pred(*previous, *i)'
Assertion failed on expression: 'pred(*previous, *i)'
Assertion failed on expression: 'pred(*previous, *i)'
Assertion failed on expression: 'pred(*previous, *i)'
Assertion failed on expression: 'pred(*previous, *i)'
Assertion failed on expression: 'pred(*previous, *i)'
Assertion failed on expression: 'pred(*previous, *i)'
Assertion failed on expression: 'pred(*previous, *i)'
Assertion failed on expression: 'pred(*previous, *i)'
Assertion failed on expression: 'pred(*previous, *i)'
Assertion failed on expression: 'pred(*previous, *i)'
Assertion failed on expression: 'pred(*previous, *i)'
Assertion failed on expression: 'pred(*previous, *i)'
Assertion failed on expression: 'pred(*previous, *i)'
Assertion failed on expression: 'pred(*previous, *i)'
Assertion failed on expression: 'pred(*previous, *i)'
Assertion failed on expression: 'pred(*previous, *i)'
Assertion failed on expression: 'pred(*previous, *i)'
Assertion failed on expression: 'pred(*previous, *i)'
Assertion failed on expression: 'pred(*previous, *i)'
Assertion failed on expression: 'pred(*previous, *i)'
Assertion failed on expression: 'pred(*previous, *i)'
Assertion failed on expression: 'pred(*previous, *i)'
Assertion failed on expression: 'pred(*previous, *i)'
Assertion failed on expression: 'pred(*previous, *i)'
Assertion failed on expression: 'pred(*previous, *i)'
Assertion failed on expression: 'pred(*previous, *i)'
Assertion failed on expression: 'pred(*previous, *i)'
Assertion failed on expression: 'pred(*previous, *i)'
Assertion failed on expression: 'pred(*previous, *i)'
Assertion failed on expression: 'pred(*previous, *i)'
Assertion failed on expression: 'pred(*previous, *i)'
Assertion failed on expression: 'pred(*previous, *i)'
Assertion failed on expression: 'pred(*previous, *i)'
Assertion failed on expression: 'pred(*previous, *i)'
Assertion failed on expression: 'pred(*previous, *i)'
Assertion failed on expression: 'pred(*previous, *i)'
Assertion failed on expression: 'pred(*previous, *i)'
Assertion failed on expression: 'pred(*previous, *i)'
Assertion failed on expression: 'pred(*previous, *i)'
Assertion failed on expression: 'pred(*previous, *i)'
Assertion failed on expression: 'pred(*previous, *i)'
Assertion failed on expression: 'pred(*previous, *i)'
Assertion failed on expression: 'pred(*previous, *i)'
Assertion failed on expression: 'pred(*previous, *i)'
Assertion failed on expression: 'pred(*previous, *i)'
Assertion failed on expression: 'pred(*previous, *i)'
Assertion failed on expression: 'pred(*previous, *i)'
Assertion failed on expression: 'pred(*previous, *i)'
Assertion failed on expression: 'pred(*previous, *i)'
Assertion failed on expression: 'pred(*previous, *i)'
Assertion failed on expression: 'pred(*previous, *i)'
Assertion failed on expression: 'pred(*previous, *i)'
Assertion failed on expression: 'pred(*previous, *i)'
Assertion failed on expression: 'pred(*previous, *i)'
Assertion failed on expression: 'pred(*previous, *i)'
Assertion failed on expression: 'pred(*previous, *i)'
Assertion failed on expression: 'pred(*previous, *i)'
Assertion failed on expression: 'pred(*previous, *i)'
Assertion failed on expression: 'pred(*previous, *i)'
Assertion failed on expression: 'pred(*previous, *i)'
Assertion failed on expression: 'pred(*previous, *i)'
Assertion failed on expression: 'pred(*previous, *i)'
Assertion failed on expression: 'pred(*previous, *i)'
Assertion failed on expression: 'pred(*previous, *i)'
Assertion failed on expression: 'pred(*previous, *i)'
Assertion failed on expression: 'pred(*previous, *i)'
Assertion failed on expression: 'pred(*previous, *i)'
Assertion failed on expression: 'pred(*previous, *i)'
Assertion failed on expression: 'pred(*previous, *i)'
Assertion failed on expression: 'pred(*previous, *i)'
Assertion failed on expression: 'pred(*previous, *i)'
Assertion failed on expression: 'pred(*previous, *i)'
Assertion failed on expression: 'pred(*previous, *i)'
Assertion failed on expression: 'pred(*previous, *i)'
Assertion failed on expression: 'pred(*previous, *i)'
Assertion failed on expression: 'pred(*previous, *i)'
Assertion failed on expression: 'pred(*previous, *i)'
Assertion failed on expression: 'pred(*previous, *i)'
Assertion failed on expression: 'pred(*previous, *i)'
Assertion failed on expression: 'pred(*previous, *i)'
Assertion failed on expression: 'pred(*previous, *i)'
Assertion failed on expression: 'pred(*previous, *i)'
Assertion failed on expression: 'pred(*previous, *i)'
Assertion failed on expression: 'pred(*previous, *i)'
Assertion failed on expression: 'pred(*previous, *i)'
Assertion failed on expression: 'pred(*previous, *i)'
Assertion failed on expression: 'pred(*previous, *i)'
Assertion failed on expression: 'pred(*previous, *i)'
Assertion failed on expression: 'pred(*previous, *i)'
Assertion failed on expression: 'pred(*previous, *i)'
Assertion failed on expression: 'pred(*previous, *i)'
Assertion failed on expression: 'pred(*previous, *i)'
Assertion failed on expression: 'pred(*previous, *i)'
Assertion failed on expression: 'pred(*previous, *i)'
Assertion failed on expression: 'pred(*previous, *i)'
Assertion failed on expression: 'pred(*previous, *i)'
Assertion failed on expression: 'pred(*previous, *i)'
Assertion failed on expression: 'pred(*previous, *i)'
Assertion failed on expression: 'pred(*previous, *i)'
Assertion failed on expression: 'pred(*previous, *i)'
Assertion failed on expression: 'pred(*previous, *i)'
Assertion failed on expression: 'pred(*previous, *i)'
Assertion failed on expression: 'pred(*previous, *i)'
Assertion failed on expression: 'pred(*previous, *i)'
Assertion failed on expression: 'pred(*previous, *i)'
Assertion failed on expression: 'pred(*previous, *i)'
Assertion failed on expression: 'pred(*previous, *i)'
Assertion failed on expression: 'pred(*previous, *i)'
Assertion failed on expression: 'pred(*previous, *i)'
Assertion failed on expression: 'pred(*previous, *i)'
Assertion failed on expression: 'pred(*previous, *i)'
Assertion failed on expression: 'pred(*previous, *i)'
Assertion failed on expression: 'pred(*previous, *i)'
Assertion failed on expression: 'pred(*previous, *i)'
Assertion failed on expression: 'pred(*previous, *i)'
Assertion failed on expression: 'pred(*previous, *i)'
Assertion failed on expression: 'pred(*previous, *i)'
Assertion failed on expression: 'pred(*previous, *i)'
Assertion failed on expression: 'pred(*previous, *i)'
Assertion failed on expression: 'pred(*previous, *i)'
Assertion failed on expression: 'pred(*previous, *i)'
Assertion failed on expression: 'pred(*previous, *i)'
Assertion failed on expression: 'pred(*previous, *i)'
Assertion failed on expression: 'pred(*previous, *i)'
Assertion failed on expression: 'pred(*previous, *i)'
Assertion failed on expression: 'pred(*previous, *i)'
Assertion failed on expression: 'pred(*previous, *i)'
Assertion failed on expression: 'pred(*previous, *i)'
Assertion failed on expression: 'pred(*previous, *i)'
Assertion failed on expression: 'pred(*previous, *i)'
Assertion failed on expression: 'pred(*previous, *i)'
Assertion failed on expression: 'pred(*previous, *i)'
Assertion failed on expression: 'pred(*previous, *i)'
Assertion failed on expression: 'pred(*previous, *i)'
Assertion failed on expression: 'pred(*previous, *i)'
Assertion failed on expression: 'pred(*previous, *i)'
Assertion failed on expression: 'pred(*previous, *i)'
Assertion failed on expression: 'pred(*previous, *i)'
Assertion failed on expression: 'pred(*previous, *i)'
Assertion failed on expression: 'pred(*previous, *i)'
Assertion failed on expression: 'pred(*previous, *i)'
Assertion failed on expression: 'pred(*previous, *i)'
Assertion failed on expression: 'pred(*previous, *i)'
Assertion failed on expression: 'pred(*previous, *i)'
Assertion failed on expression: 'pred(*previous, *i)'
Assertion failed on expression: 'pred(*previous, *i)'
Assertion failed on expression: 'pred(*previous, *i)'
Assertion failed on expression: 'pred(*previous, *i)'
Assertion failed on expression: 'pred(*previous, *i)'
Assertion failed on expression: 'pred(*previous, *i)'
Assertion failed on expression: 'pred(*previous, *i)'
Assertion failed on expression: 'pred(*previous, *i)'
Assertion failed on expression: 'pred(*previous, *i)'
Assertion failed on expression: 'pred(*previous, *i)'
Assertion failed on expression: 'pred(*previous, *i)'
Assertion failed on expression: 'pred(*previous, *i)'
Assertion failed on expression: 'pred(*previous, *i)'
Assertion failed on expression: 'pred(*previous, *i)'
Assertion failed on expression: 'pred(*previous, *i)'
Assertion failed on expression: 'pred(*previous, *i)'
Assertion failed on expression: 'pred(*previous, *i)'
Assertion failed on expression: 'pred(*previous, *i)'
Assertion failed on expression: 'pred(*previous, *i)'
Assertion failed on expression: 'pred(*previous, *i)'
Assertion failed on expression: 'pred(*previous, *i)'
Assertion failed on expression: 'pred(*previous, *i)'
Assertion failed on expression: 'pred(*previous, *i)'
Assertion failed on expression: 'pred(*previous, *i)'
Assertion failed on expression: 'pred(*previous, *i)'
Assertion failed on expression: 'pred(*previous, *i)'
Assertion failed on expression: 'pred(*previous, *i)'
Assertion failed on expression: 'pred(*previous, *i)'
Assertion failed on expression: 'pred(*previous, *i)'
Assertion failed on expression: 'pred(*previous, *i)'
Assertion failed on expression: 'pred(*previous, *i)'
Assertion failed on expression: 'pred(*previous, *i)'
Assertion failed on expression: 'pred(*previous, *i)'
Assertion failed on expression: 'pred(*previous, *i)'
Assertion failed on expression: 'pred(*previous, *i)'
Assertion failed on expression: 'pred(*previous, *i)'
Assertion failed on expression: 'pred(*previous, *i)'
Assertion failed on expression: 'pred(*previous, *i)'
Assertion failed on expression: 'pred(*previous, *i)'
Assertion failed on expression: 'pred(*previous, *i)'
Assertion failed on expression: 'pred(*previous, *i)'
Assertion failed on expression: 'pred(*previous, *i)'
Assertion failed on expression: 'pred(*previous, *i)'
Assertion failed on expression: 'pred(*previous, *i)'
Assertion failed on expression: 'pred(*previous, *i)'
Assertion failed on expression: 'pred(*previous, *i)'
Assertion failed on expression: 'pred(*previous, *i)'
Assertion failed on expression: 'pred(*previous, *i)'
Assertion failed on expression: 'pred(*previous, *i)'
Assertion failed on expression: 'pred(*previous, *i)'
Assertion failed on expression: 'pred(*previous, *i)'
Assertion failed on expression: 'pred(*previous, *i)'
Assertion failed on expression: 'pred(*previous, *i)'
Assertion failed on expression: 'pred(*previous, *i)'
Assertion failed on expression: 'pred(*previous, *i)'
Assertion failed on expression: 'pred(*previous, *i)'
Assertion failed on expression: 'pred(*previous, *i)'
Assertion failed on expression: 'pred(*previous, *i)'
Assertion failed on expression: 'pred(*previous, *i)'
Assertion failed on expression: 'pred(*previous, *i)'
Assertion failed on expression: 'pred(*previous, *i)'
Assertion failed on expression: 'pred(*previous, *i)'
Assertion failed on expression: 'pred(*previous, *i)'
Assertion failed on expression: 'pred(*previous, *i)'
Assertion failed on expression: 'pred(*previous, *i)'
Assertion failed on expression: 'pred(*previous, *i)'
Assertion failed on expression: 'pred(*previous, *i)'
Assertion failed on expression: 'pred(*previous, *i)'
Assertion failed on expression: 'pred(*previous, *i)'
Assertion failed on expression: 'pred(*previous, *i)'
Assertion failed on expression: 'pred(*previous, *i)'
Assertion failed on expression: 'pred(*previous, *i)'
Assertion failed on expression: 'pred(*previous, *i)'
Assertion failed on expression: 'pred(*previous, *i)'
Assertion failed on expression: 'pred(*previous, *i)'
Assertion failed on expression: 'pred(*previous, *i)'
Assertion failed on expression: 'pred(*previous, *i)'
Assertion failed on expression: 'pred(*previous, *i)'
Assertion failed on expression: 'pred(*previous, *i)'
Assertion failed on expression: 'pred(*previous, *i)'
Assertion failed on expression: 'pred(*previous, *i)'
Assertion failed on expression: 'pred(*previous, *i)'
Assertion failed on expression: 'pred(*previous, *i)'
Assertion failed on expression: 'pred(*previous, *i)'
Assertion failed on expression: 'pred(*previous, *i)'
Assertion failed on expression: 'pred(*previous, *i)'
Assertion failed on expression: 'pred(*previous, *i)'
Assertion failed on expression: 'pred(*previous, *i)'
Assertion failed on expression: 'pred(*previous, *i)'
Assertion failed on expression: 'pred(*previous, *i)'
Assertion failed on expression: 'pred(*previous, *i)'
Assertion failed on expression: 'pred(*previous, *i)'
Assertion failed on expression: 'pred(*previous, *i)'
Assertion failed on expression: 'pred(*previous, *i)'
Assertion failed on expression: 'pred(*previous, *i)'
Assertion failed on expression: 'pred(*previous, *i)'
Assertion failed on expression: 'pred(*previous, *i)'
Assertion failed on expression: 'pred(*previous, *i)'
Assertion failed on expression: 'pred(*previous, *i)'
Assertion failed on expression: 'pred(*previous, *i)'
Assertion failed on expression: 'pred(*previous, *i)'
Assertion failed on expression: 'pred(*previous, *i)'
Assertion failed on expression: 'pred(*previous, *i)'
Assertion failed on expression: 'pred(*previous, *i)'
Assertion failed on expression: 'pred(*previous, *i)'
Assertion failed on expression: 'pred(*previous, *i)'
Assertion failed on expression: 'pred(*previous, *i)'
Assertion failed on expression: 'pred(*previous, *i)'
Assertion failed on expression: 'pred(*previous, *i)'
Assertion failed on expression: 'pred(*previous, *i)'
Assertion failed on expression: 'pred(*previous, *i)'
Assertion failed on expression: 'pred(*previous, *i)'
Assertion failed on expression: 'pred(*previous, *i)'
Assertion failed on expression: 'pred(*previous, *i)'
Assertion failed on expression: 'pred(*previous, *i)'
Assertion failed on expression: 'pred(*previous, *i)'
Assertion failed on expression: 'pred(*previous, *i)'
Assertion failed on expression: 'pred(*previous, *i)'
Assertion failed on expression: 'pred(*previous, *i)'
Assertion failed on expression: 'pred(*previous, *i)'
Assertion failed on expression: 'pred(*previous, *i)'
Assertion failed on expression: 'pred(*previous, *i)'
Assertion failed on expression: 'pred(*previous, *i)'
Assertion failed on expression: 'pred(*previous, *i)'
Assertion failed on expression: 'pred(*previous, *i)'
Assertion failed on expression: 'pred(*previous, *i)'
Assertion failed on expression: 'pred(*previous, *i)'
Assertion failed on expression: 'pred(*previous, *i)'
Assertion failed on expression: 'pred(*previous, *i)'
Assertion failed on expression: 'pred(*previous, *i)'
Assertion failed on expression: 'pred(*previous, *i)'
Assertion failed on expression: 'pred(*previous, *i)'
Assertion failed on expression: 'pred(*previous, *i)'
Assertion failed on expression: 'pred(*previous, *i)'
Assertion failed on expression: 'pred(*previous, *i)'
Assertion failed on expression: 'pred(*previous, *i)'
Assertion failed on expression: 'pred(*previous, *i)'
Assertion failed on expression: 'pred(*previous, *i)'
Assertion failed on expression: 'pred(*previous, *i)'
Assertion failed on expression: 'pred(*previous, *i)'
Assertion failed on expression: 'pred(*previous, *i)'
Assertion failed on expression: 'pred(*previous, *i)'
Assertion failed on expression: 'pred(*previous, *i)'
Assertion failed on expression: 'pred(*previous, *i)'
Assertion failed on expression: 'pred(*previous, *i)'
Assertion failed on expression: 'pred(*previous, *i)'
Assertion failed on expression: 'pred(*previous, *i)'
Assertion failed on expression: 'pred(*previous, *i)'
Assertion failed on expression: 'pred(*previous, *i)'
Assertion failed on expression: 'pred(*previous, *i)'
Assertion failed on expression: 'pred(*previous, *i)'
Assertion failed on expression: 'pred(*previous, *i)'
Assertion failed on expression: 'pred(*previous, *i)'
Assertion failed on expression: 'pred(*previous, *i)'
Assertion failed on expression: 'pred(*previous, *i)'
Assertion failed on expression: 'pred(*previous, *i)'
Assertion failed on expression: 'pred(*previous, *i)'
Assertion failed on expression: 'pred(*previous, *i)'
Assertion failed on expression: 'pred(*previous, *i)'
Assertion failed on expression: 'pred(*previous, *i)'
Assertion failed on expression: 'pred(*previous, *i)'
Assertion failed on expression: 'pred(*previous, *i)'
Assertion failed on expression: 'pred(*previous, *i)'
Assertion failed on expression: 'pred(*previous, *i)'
Assertion failed on expression: 'pred(*previous, *i)'
Assertion failed on expression: 'pred(*previous, *i)'
Assertion failed on expression: 'pred(*previous, *i)'
Assertion failed on expression: 'pred(*previous, *i)'
Assertion failed on expression: 'pred(*previous, *i)'
Assertion failed on expression: 'pred(*previous, *i)'
Assertion failed on expression: 'pred(*previous, *i)'
Assertion failed on expression: 'pred(*previous, *i)'
Assertion failed on expression: 'pred(*previous, *i)'
Assertion failed on expression: 'pred(*previous, *i)'
Assertion failed on expression: 'pred(*previous, *i)'
Assertion failed on expression: 'pred(*previous, *i)'
Assertion failed on expression: 'pred(*previous, *i)'
Assertion failed on expression: 'pred(*previous, *i)'
Assertion failed on expression: 'pred(*previous, *i)'
Assertion failed on expression: 'pred(*previous, *i)'
Assertion failed on expression: 'pred(*previous, *i)'
Assertion failed on expression: 'pred(*previous, *i)'
Assertion failed on expression: 'pred(*previous, *i)'
Assertion failed on expression: 'pred(*previous, *i)'
Assertion failed on expression: 'pred(*previous, *i)'
Assertion failed on expression: 'pred(*previous, *i)'
Assertion failed on expression: 'pred(*previous, *i)'
Assertion failed on expression: 'pred(*previous, *i)'
Assertion failed on expression: 'pred(*previous, *i)'
Assertion failed on expression: 'pred(*previous, *i)'
Assertion failed on expression: 'pred(*previous, *i)'
Assertion failed on expression: 'pred(*previous, *i)'
Assertion failed on expression: 'pred(*previous, *i)'
Assertion failed on expression: 'pred(*previous, *i)'
Assertion failed on expression: 'pred(*previous, *i)'
Assertion failed on expression: 'pred(*previous, *i)'
Assertion failed on expression: 'pred(*previous, *i)'
Assertion failed on expression: 'pred(*previous, *i)'
Assertion failed on expression: 'pred(*previous, *i)'
Assertion failed on expression: 'pred(*previous, *i)'
Assertion failed on expression: 'pred(*previous, *i)'
Assertion failed on expression: 'pred(*previous, *i)'
Assertion failed on expression: 'pred(*previous, *i)'
Assertion failed on expression: 'pred(*previous, *i)'
Assertion failed on expression: 'pred(*previous, *i)'
Assertion failed on expression: 'pred(*previous, *i)'
Assertion failed on expression: 'pred(*previous, *i)'
Assertion failed on expression: 'pred(*previous, *i)'
Assertion failed on expression: 'pred(*previous, *i)'
Assertion failed on expression: 'pred(*previous, *i)'
Assertion failed on expression: 'pred(*previous, *i)'
Assertion failed on expression: 'pred(*previous, *i)'
Assertion failed on expression: 'pred(*previous, *i)'
Assertion failed on expression: 'pred(*previous, *i)'
Assertion failed on expression: 'pred(*previous, *i)'
Assertion failed on expression: 'pred(*previous, *i)'
Assertion failed on expression: 'pred(*previous, *i)'
Assertion failed on expression: 'pred(*previous, *i)'
Assertion failed on expression: 'pred(*previous, *i)'
Assertion failed on expression: 'pred(*previous, *i)'
Assertion failed on expression: 'pred(*previous, *i)'
Assertion failed on expression: 'pred(*previous, *i)'
Assertion failed on expression: 'pred(*previous, *i)'
Assertion failed on expression: 'pred(*previous, *i)'
Assertion failed on expression: 'pred(*previous, *i)'
Assertion failed on expression: 'pred(*previous, *i)'
Assertion failed on expression: 'pred(*previous, *i)'
Assertion failed on expression: 'pred(*previous, *i)'
Assertion failed on expression: 'pred(*previous, *i)'
Assertion failed on expression: 'pred(*previous, *i)'
Assertion failed on expression: 'pred(*previous, *i)'
Assertion failed on expression: 'pred(*previous, *i)'
Assertion failed on expression: 'pred(*previous, *i)'
Assertion failed on expression: 'pred(*previous, *i)'
Assertion failed on expression: 'pred(*previous, *i)'
Assertion failed on expression: 'pred(*previous, *i)'
Assertion failed on expression: 'pred(*previous, *i)'
Assertion failed on expression: 'pred(*previous, *i)'
Assertion failed on expression: 'pred(*previous, *i)'
Assertion failed on expression: 'pred(*previous, *i)'
Assertion failed on expression: 'pred(*previous, *i)'
Assertion failed on expression: 'pred(*previous, *i)'
Assertion failed on expression: 'pred(*previous, *i)'
Assertion failed on expression: 'pred(*previous, *i)'
Assertion failed on expression: 'pred(*previous, *i)'
Assertion failed on expression: 'pred(*previous, *i)'
Assertion failed on expression: 'pred(*previous, *i)'
Assertion failed on expression: 'pred(*previous, *i)'
Assertion failed on expression: 'pred(*previous, *i)'
Assertion failed on expression: 'pred(*previous, *i)'
Assertion failed on expression: 'pred(*previous, *i)'
Assertion failed on expression: 'pred(*previous, *i)'
Assertion failed on expression: 'pred(*previous, *i)'
Assertion failed on expression: 'pred(*previous, *i)'
Assertion failed on expression: 'pred(*previous, *i)'
Assertion failed on expression: 'pred(*previous, *i)'
Assertion failed on expression: 'pred(*previous, *i)'
Assertion failed on expression: 'pred(*previous, *i)'
Assertion failed on expression: 'pred(*previous, *i)'
Assertion failed on expression: 'pred(*previous, *i)'
Assertion failed on expression: 'pred(*previous, *i)'
Assertion failed on expression: 'pred(*previous, *i)'
Assertion failed on expression: 'pred(*previous, *i)'
Assertion failed on expression: 'pred(*previous, *i)'
Assertion failed on expression: 'pred(*previous, *i)'
Assertion failed on expression: 'pred(*previous, *i)'
Assertion failed on expression: 'pred(*previous, *i)'
Assertion failed on expression: 'pred(*previous, *i)'
Assertion failed on expression: 'pred(*previous, *i)'
Assertion failed on expression: 'pred(*previous, *i)'
Assertion failed on expression: 'pred(*previous, *i)'
Assertion failed on expression: 'pred(*previous, *i)'
Assertion failed on expression: 'pred(*previous, *i)'
Assertion failed on expression: 'pred(*previous, *i)'
Assertion failed on expression: 'pred(*previous, *i)'
Assertion failed on expression: 'pred(*previous, *i)'
Assertion failed on expression: 'pred(*previous, *i)'
Assertion failed on expression: 'pred(*previous, *i)'
Assertion failed on expression: 'pred(*previous, *i)'
Assertion failed on expression: 'pred(*previous, *i)'
Assertion failed on expression: 'pred(*previous, *i)'
Assertion failed on expression: 'pred(*previous, *i)'
Assertion failed on expression: 'pred(*previous, *i)'
Assertion failed on expression: 'pred(*previous, *i)'
Assertion failed on expression: 'pred(*previous, *i)'
Assertion failed on expression: 'pred(*previous, *i)'
Assertion failed on expression: 'pred(*previous, *i)'
Assertion failed on expression: 'pred(*previous, *i)'
Assertion failed on expression: 'pred(*previous, *i)'
Assertion failed on expression: 'pred(*previous, *i)'
Assertion failed on expression: 'pred(*previous, *i)'
Assertion failed on expression: 'pred(*previous, *i)'
Assertion failed on expression: 'pred(*previous, *i)'
Assertion failed on expression: 'pred(*previous, *i)'
Assertion failed on expression: 'pred(*previous, *i)'
Assertion failed on expression: 'pred(*previous, *i)'
Assertion failed on expression: 'pred(*previous, *i)'
Assertion failed on expression: 'pred(*previous, *i)'
Assertion failed on expression: 'pred(*previous, *i)'
Assertion failed on expression: 'pred(*previous, *i)'
Assertion failed on expression: 'pred(*previous, *i)'
Assertion failed on expression: 'pred(*previous, *i)'
Assertion failed on expression: 'pred(*previous, *i)'
Assertion failed on expression: 'pred(*previous, *i)'
Assertion failed on expression: 'pred(*previous, *i)'
Assertion failed on expression: 'pred(*previous, *i)'
Assertion failed on expression: 'pred(*previous, *i)'
Assertion failed on expression: 'pred(*previous, *i)'
Assertion failed on expression: 'pred(*previous, *i)'
Assertion failed on expression: 'pred(*previous, *i)'
Assertion failed on expression: 'pred(*previous, *i)'
Assertion failed on expression: 'pred(*previous, *i)'
Assertion failed on expression: 'pred(*previous, *i)'
Assertion failed on expression: 'pred(*previous, *i)'
Assertion failed on expression: 'pred(*previous, *i)'
Assertion failed on expression: 'pred(*previous, *i)'
Assertion failed on expression: 'pred(*previous, *i)'
Assertion failed on expression: 'pred(*previous, *i)'
Assertion failed on expression: 'pred(*previous, *i)'
Assertion failed on expression: 'pred(*previous, *i)'
Assertion failed on expression: 'pred(*previous, *i)'
Assertion failed on expression: 'pred(*previous, *i)'
Assertion failed on expression: 'pred(*previous, *i)'
Assertion failed on expression: 'pred(*previous, *i)'
Assertion failed on expression: 'pred(*previous, *i)'
Assertion failed on expression: 'pred(*previous, *i)'
Assertion failed on expression: 'pred(*previous, *i)'
Assertion failed on expression: 'pred(*previous, *i)'
Assertion failed on expression: 'pred(*previous, *i)'
Assertion failed on expression: 'pred(*previous, *i)'
Assertion failed on expression: 'pred(*previous, *i)'
Assertion failed on expression: 'pred(*previous, *i)'
Assertion failed on expression: 'pred(*previous, *i)'
Assertion failed on expression: 'pred(*previous, *i)'
Assertion failed on expression: 'pred(*previous, *i)'
Assertion failed on expression: 'pred(*previous, *i)'
Assertion failed on expression: 'pred(*previous, *i)'
Assertion failed on expression: 'pred(*previous, *i)'
Assertion failed on expression: 'pred(*previous, *i)'
Assertion failed on expression: 'pred(*previous, *i)'
Assertion failed on expression: 'pred(*previous, *i)'
Assertion failed on expression: 'pred(*previous, *i)'
Assertion failed on expression: 'pred(*previous, *i)'
Assertion failed on expression: 'pred(*previous, *i)'
Assertion failed on expression: 'pred(*previous, *i)'
Assertion failed on expression: 'pred(*previous, *i)'
Assertion failed on expression: 'pred(*previous, *i)'
Assertion failed on expression: 'pred(*previous, *i)'
Assertion failed on expression: 'pred(*previous, *i)'
Assertion failed on expression: 'pred(*previous, *i)'
Assertion failed on expression: 'pred(*previous, *i)'
Assertion failed on expression: 'pred(*previous, *i)'
Assertion failed on expression: 'pred(*previous, *i)'
Assertion failed on expression: 'pred(*previous, *i)'
Assertion failed on expression: 'pred(*previous, *i)'
Assertion failed on expression: 'pred(*previous, *i)'
Assertion failed on expression: 'pred(*previous, *i)'
Assertion failed on expression: 'pred(*previous, *i)'
Assertion failed on expression: 'pred(*previous, *i)'
Assertion failed on expression: 'pred(*previous, *i)'
Assertion failed on expression: 'pred(*previous, *i)'
Assertion failed on expression: 'pred(*previous, *i)'
Assertion failed on expression: 'pred(*previous, *i)'
Assertion failed on expression: 'pred(*previous, *i)'
Assertion failed on expression: 'pred(*previous, *i)'
Assertion failed on expression: 'pred(*previous, *i)'
Assertion failed on expression: 'pred(*previous, *i)'
Assertion failed on expression: 'pred(*previous, *i)'
Assertion failed on expression: 'pred(*previous, *i)'
Assertion failed on expression: 'pred(*previous, *i)'
Assertion failed on expression: 'pred(*previous, *i)'
Assertion failed on expression: 'pred(*previous, *i)'
Assertion failed on expression: 'pred(*previous, *i)'
Assertion failed on expression: 'pred(*previous, *i)'
Assertion failed on expression: 'pred(*previous, *i)'
Assertion failed on expression: 'pred(*previous, *i)'
Assertion failed on expression: 'pred(*previous, *i)'
Assertion failed on expression: 'pred(*previous, *i)'
Assertion failed on expression: 'pred(*previous, *i)'
Assertion failed on expression: 'pred(*previous, *i)'
Assertion failed on expression: 'pred(*previous, *i)'
Assertion failed on expression: 'pred(*previous, *i)'
Assertion failed on expression: 'pred(*previous, *i)'
Assertion failed on expression: 'pred(*previous, *i)'
Assertion failed on expression: 'pred(*previous, *i)'
Assertion failed on expression: 'pred(*previous, *i)'
Assertion failed on expression: 'pred(*previous, *i)'
Assertion failed on expression: 'pred(*previous, *i)'
Assertion failed on expression: 'pred(*previous, *i)'
Assertion failed on expression: 'pred(*previous, *i)'
Assertion failed on expression: 'pred(*previous, *i)'
Assertion failed on expression: 'pred(*previous, *i)'
Assertion failed on expression: 'pred(*previous, *i)'
Assertion failed on expression: 'pred(*previous, *i)'
Assertion failed on expression: 'pred(*previous, *i)'
Assertion failed on expression: 'pred(*previous, *i)'
Assertion failed on expression: 'pred(*previous, *i)'
Assertion failed on expression: 'pred(*previous, *i)'
Assertion failed on expression: 'pred(*previous, *i)'
Assertion failed on expression: 'pred(*previous, *i)'
Assertion failed on expression: 'pred(*previous, *i)'
Assertion failed on expression: 'pred(*previous, *i)'
Assertion failed on expression: 'pred(*previous, *i)'
Assertion failed on expression: 'pred(*previous, *i)'
Assertion failed on expression: 'pred(*previous, *i)'
Assertion failed on expression: 'pred(*previous, *i)'
Assertion failed on expression: 'pred(*previous, *i)'
Assertion failed on expression: 'pred(*previous, *i)'
Assertion failed on expression: 'pred(*previous, *i)'
Assertion failed on expression: 'pred(*previous, *i)'
Assertion failed on expression: 'pred(*previous, *i)'
Assertion failed on expression: 'pred(*previous, *i)'
Assertion failed on expression: 'pred(*previous, *i)'
Assertion failed on expression: 'pred(*previous, *i)'
Assertion failed on expression: 'pred(*previous, *i)'
Assertion failed on expression: 'pred(*previous, *i)'
Assertion failed on expression: 'pred(*previous, *i)'
Assertion failed on expression: 'pred(*previous, *i)'
Assertion failed on expression: 'pred(*previous, *i)'
Assertion failed on expression: 'pred(*previous, *i)'
Assertion failed on expression: 'pred(*previous, *i)'
Assertion failed on expression: 'pred(*previous, *i)'
Assertion failed on expression: 'pred(*previous, *i)'
Assertion failed on expression: 'pred(*previous, *i)'
Assertion failed on expression: 'pred(*previous, *i)'
Assertion failed on expression: 'pred(*previous, *i)'
Assertion failed on expression: 'pred(*previous, *i)'
Assertion failed on expression: 'pred(*previous, *i)'
Assertion failed on expression: 'pred(*previous, *i)'
Assertion failed on expression: 'pred(*previous, *i)'
Assertion failed on expression: 'pred(*previous, *i)'
Assertion failed on expression: 'pred(*previous, *i)'
Assertion failed on expression: 'pred(*previous, *i)'
Assertion failed on expression: 'pred(*previous, *i)'
Assertion failed on expression: 'pred(*previous, *i)'
Assertion failed on expression: 'pred(*previous, *i)'
Assertion failed on expression: 'pred(*previous, *i)'
Assertion failed on expression: 'pred(*previous, *i)'
Assertion failed on expression: 'pred(*previous, *i)'
Assertion failed on expression: 'pred(*previous, *i)'
Assertion failed on expression: 'pred(*previous, *i)'
Assertion failed on expression: 'pred(*previous, *i)'
Assertion failed on expression: 'pred(*previous, *i)'
Assertion failed on expression: 'pred(*previous, *i)'
Assertion failed on expression: 'pred(*previous, *i)'
Assertion failed on expression: 'pred(*previous, *i)'
Assertion failed on expression: 'pred(*previous, *i)'
Assertion failed on expression: 'pred(*previous, *i)'
Assertion failed on expression: 'pred(*previous, *i)'
Assertion failed on expression: 'pred(*previous, *i)'
Assertion failed on expression: 'pred(*previous, *i)'
Assertion failed on expression: 'pred(*previous, *i)'
Assertion failed on expression: 'pred(*previous, *i)'
Assertion failed on expression: 'pred(*previous, *i)'
Assertion failed on expression: 'pred(*previous, *i)'
Assertion failed on expression: 'pred(*previous, *i)'
Assertion failed on expression: 'pred(*previous, *i)'
Assertion failed on expression: 'pred(*previous, *i)'
Assertion failed on expression: 'pred(*previous, *i)'
Assertion failed on expression: 'pred(*previous, *i)'
Assertion failed on expression: 'pred(*previous, *i)'
Assertion failed on expression: 'pred(*previous, *i)'
Assertion failed on expression: 'pred(*previous, *i)'
Assertion failed on expression: 'pred(*previous, *i)'
Assertion failed on expression: 'pred(*previous, *i)'
Assertion failed on expression: 'pred(*previous, *i)'
Assertion failed on expression: 'pred(*previous, *i)'
Assertion failed on expression: 'pred(*previous, *i)'
Assertion failed on expression: 'pred(*previous, *i)'
Assertion failed on expression: 'pred(*previous, *i)'
Assertion failed on expression: 'pred(*previous, *i)'
Assertion failed on expression: 'pred(*previous, *i)'
Assertion failed on expression: 'pred(*previous, *i)'
Assertion failed on expression: 'pred(*previous, *i)'
Assertion failed on expression: 'pred(*previous, *i)'
Assertion failed on expression: 'pred(*previous, *i)'
Assertion failed on expression: 'pred(*previous, *i)'
Assertion failed on expression: 'pred(*previous, *i)'
Assertion failed on expression: 'pred(*previous, *i)'
Assertion failed on expression: 'pred(*previous, *i)'
Assertion failed on expression: 'pred(*previous, *i)'
Assertion failed on expression: 'pred(*previous, *i)'
Assertion failed on expression: 'pred(*previous, *i)'
Assertion failed on expression: 'pred(*previous, *i)'
Assertion failed on expression: 'pred(*previous, *i)'
Assertion failed on expression: 'pred(*previous, *i)'
Assertion failed on expression: 'pred(*previous, *i)'
Assertion failed on expression: 'pred(*previous, *i)'
Assertion failed on expression: 'pred(*previous, *i)'
Assertion failed on expression: 'pred(*previous, *i)'
Assertion failed on expression: 'pred(*previous, *i)'
Assertion failed on expression: 'pred(*previous, *i)'
Assertion failed on expression: 'pred(*previous, *i)'
Assertion failed on expression: 'pred(*previous, *i)'
Assertion failed on expression: 'pred(*previous, *i)'
Assertion failed on expression: 'pred(*previous, *i)'
Assertion failed on expression: 'pred(*previous, *i)'
Assertion failed on expression: 'pred(*previous, *i)'
Assertion failed on expression: 'pred(*previous, *i)'
Assertion failed on expression: 'pred(*previous, *i)'
Assertion failed on expression: 'pred(*previous, *i)'
Assertion failed on expression: 'pred(*previous, *i)'
Assertion failed on expression: 'pred(*previous, *i)'
Assertion failed on expression: 'pred(*previous, *i)'
Assertion failed on expression: 'pred(*previous, *i)'
Assertion failed on expression: 'pred(*previous, *i)'
Assertion failed on expression: 'pred(*previous, *i)'
Assertion failed on expression: 'pred(*previous, *i)'
Assertion failed on expression: 'pred(*previous, *i)'
Assertion failed on expression: 'pred(*previous, *i)'
Assertion failed on expression: 'pred(*previous, *i)'
Assertion failed on expression: 'pred(*previous, *i)'
Assertion failed on expression: 'pred(*previous, *i)'
Assertion failed on expression: 'pred(*previous, *i)'
Assertion failed on expression: 'pred(*previous, *i)'
Assertion failed on expression: 'pred(*previous, *i)'
Assertion failed on expression: 'pred(*previous, *i)'
Assertion failed on expression: 'pred(*previous, *i)'
Assertion failed on expression: 'pred(*previous, *i)'
Assertion failed on expression: 'pred(*previous, *i)'
Assertion failed on expression: 'pred(*previous, *i)'
Assertion failed on expression: 'pred(*previous, *i)'
Assertion failed on expression: 'pred(*previous, *i)'
Assertion failed on expression: 'pred(*previous, *i)'
Assertion failed on expression: 'pred(*previous, *i)'
Assertion failed on expression: 'pred(*previous, *i)'
Assertion failed on expression: 'pred(*previous, *i)'
Assertion failed on expression: 'pred(*previous, *i)'
Assertion failed on expression: 'pred(*previous, *i)'
Assertion failed on expression: 'pred(*previous, *i)'
Assertion failed on expression: 'pred(*previous, *i)'
Assertion failed on expression: 'pred(*previous, *i)'
Assertion failed on expression: 'pred(*previous, *i)'
Assertion failed on expression: 'pred(*previous, *i)'
Assertion failed on expression: 'pred(*previous, *i)'
Assertion failed on expression: 'pred(*previous, *i)'
Assertion failed on expression: 'pred(*previous, *i)'
Assertion failed on expression: 'pred(*previous, *i)'
Assertion failed on expression: 'pred(*previous, *i)'
Assertion failed on expression: 'pred(*previous, *i)'
Assertion failed on expression: 'pred(*previous, *i)'
Assertion failed on expression: 'pred(*previous, *i)'
Assertion failed on expression: 'pred(*previous, *i)'
Assertion failed on expression: 'pred(*previous, *i)'
Assertion failed on expression: 'pred(*previous, *i)'
Assertion failed on expression: 'pred(*previous, *i)'
Assertion failed on expression: 'pred(*previous, *i)'
Assertion failed on expression: 'pred(*previous, *i)'
Assertion failed on expression: 'pred(*previous, *i)'
Assertion failed on expression: 'pred(*previous, *i)'
Assertion failed on expression: 'pred(*previous, *i)'
Assertion failed on expression: 'pred(*previous, *i)'
Assertion failed on expression: 'pred(*previous, *i)'
Assertion failed on expression: 'pred(*previous, *i)'
Assertion failed on expression: 'pred(*previous, *i)'
Assertion failed on expression: 'pred(*previous, *i)'
Assertion failed on expression: 'pred(*previous, *i)'
Assertion failed on expression: 'pred(*previous, *i)'
Assertion failed on expression: 'pred(*previous, *i)'
Assertion failed on expression: 'pred(*previous, *i)'
Assertion failed on expression: 'pred(*previous, *i)'
Assertion failed on expression: 'pred(*previous, *i)'
Assertion failed on expression: 'pred(*previous, *i)'
Assertion failed on expression: 'pred(*previous, *i)'
Assertion failed on expression: 'pred(*previous, *i)'
Assertion failed on expression: 'pred(*previous, *i)'
Assertion failed on expression: 'pred(*previous, *i)'
Assertion failed on expression: 'pred(*previous, *i)'
Assertion failed on expression: 'pred(*previous, *i)'
Assertion failed on expression: 'pred(*previous, *i)'
Assertion failed on expression: 'pred(*previous, *i)'
Assertion failed on expression: 'pred(*previous, *i)'
Assertion failed on expression: 'pred(*previous, *i)'
Assertion failed on expression: 'pred(*previous, *i)'
Assertion failed on expression: 'pred(*previous, *i)'
Assertion failed on expression: 'pred(*previous, *i)'
Assertion failed on expression: 'pred(*previous, *i)'
Assertion failed on expression: 'pred(*previous, *i)'
Assertion failed on expression: 'pred(*previous, *i)'
Assertion failed on expression: 'pred(*previous, *i)'
Assertion failed on expression: 'pred(*previous, *i)'
Assertion failed on expression: 'pred(*previous, *i)'
Assertion failed on expression: 'pred(*previous, *i)'
Assertion failed on expression: 'pred(*previous, *i)'
Assertion failed on expression: 'pred(*previous, *i)'
Assertion failed on expression: 'pred(*previous, *i)'
Assertion failed on expression: 'pred(*previous, *i)'
Assertion failed on expression: 'pred(*previous, *i)'
Assertion failed on expression: 'pred(*previous, *i)'
Assertion failed on expression: 'pred(*previous, *i)'
Assertion failed on expression: 'pred(*previous, *i)'
Assertion failed on expression: 'pred(*previous, *i)'
Assertion failed on expression: 'pred(*previous, *i)'
Assertion failed on expression: 'pred(*previous, *i)'
Assertion failed on expression: 'pred(*previous, *i)'
Assertion failed on expression: 'pred(*previous, *i)'
Assertion failed on expression: 'pred(*previous, *i)'
Assertion failed on expression: 'pred(*previous, *i)'
Assertion failed on expression: 'pred(*previous, *i)'
Assertion failed on expression: 'pred(*previous, *i)'
Assertion failed on expression: 'pred(*previous, *i)'
Assertion failed on expression: 'pred(*previous, *i)'
Assertion failed on expression: 'pred(*previous, *i)'
Assertion failed on expression: 'pred(*previous, *i)'
Assertion failed on expression: 'pred(*previous, *i)'
Assertion failed on expression: 'pred(*previous, *i)'
Assertion failed on expression: 'pred(*previous, *i)'
Assertion failed on expression: 'pred(*previous, *i)'
Assertion failed on expression: 'pred(*previous, *i)'
Assertion failed on expression: 'pred(*previous, *i)'
Assertion failed on expression: 'pred(*previous, *i)'
Assertion failed on expression: 'pred(*previous, *i)'
Assertion failed on expression: 'pred(*previous, *i)'
Assertion failed on expression: 'pred(*previous, *i)'
Assertion failed on expression: 'pred(*previous, *i)'
Assertion failed on expression: 'pred(*previous, *i)'
Assertion failed on expression: 'pred(*previous, *i)'
Assertion failed on expression: 'pred(*previous, *i)'
Assertion failed on expression: 'pred(*previous, *i)'
Assertion failed on expression: 'pred(*previous, *i)'
Assertion failed on expression: 'pred(*previous, *i)'
Assertion failed on expression: 'pred(*previous, *i)'
Assertion failed on expression: 'pred(*previous, *i)'
Assertion failed on expression: 'pred(*previous, *i)'
Assertion failed on expression: 'pred(*previous, *i)'
Assertion failed on expression: 'pred(*previous, *i)'
Assertion failed on expression: 'pred(*previous, *i)'
Assertion failed on expression: 'pred(*previous, *i)'
Assertion failed on expression: 'pred(*previous, *i)'
Assertion failed on expression: 'pred(*previous, *i)'
Assertion failed on expression: 'pred(*previous, *i)'
Assertion failed on expression: 'pred(*previous, *i)'
Assertion failed on expression: 'pred(*previous, *i)'
Assertion failed on expression: 'pred(*previous, *i)'
Assertion failed on expression: 'pred(*previous, *i)'
Assertion failed on expression: 'pred(*previous, *i)'
Assertion failed on expression: 'pred(*previous, *i)'
Assertion failed on expression: 'pred(*previous, *i)'
Assertion failed on expression: 'pred(*previous, *i)'
Assertion failed on expression: 'pred(*previous, *i)'
Assertion failed on expression: 'pred(*previous, *i)'
Assertion failed on expression: 'pred(*previous, *i)'
Assertion failed on expression: 'pred(*previous, *i)'
Assertion failed on expression: 'pred(*previous, *i)'
Assertion failed on expression: 'pred(*previous, *i)'
Assertion failed on expression: 'pred(*previous, *i)'
Assertion failed on expression: 'pred(*previous, *i)'
Assertion failed on expression: 'pred(*previous, *i)'
Assertion failed on expression: 'pred(*previous, *i)'
Assertion failed on expression: 'pred(*previous, *i)'
Assertion failed on expression: 'pred(*previous, *i)'
Assertion failed on expression: 'pred(*previous, *i)'
Assertion failed on expression: 'pred(*previous, *i)'
Assertion failed on expression: 'pred(*previous, *i)'
Assertion failed on expression: 'pred(*previous, *i)'
Assertion failed on expression: 'pred(*previous, *i)'
Assertion failed on expression: 'pred(*previous, *i)'
Assertion failed on expression: 'pred(*previous, *i)'
Assertion failed on expression: 'pred(*previous, *i)'
Assertion failed on expression: 'pred(*previous, *i)'
Assertion failed on expression: 'pred(*previous, *i)'
Assertion failed on expression: 'pred(*previous, *i)'
Assertion failed on expression: 'pred(*previous, *i)'
Assertion failed on expression: 'pred(*previous, *i)'
Assertion failed on expression: 'pred(*previous, *i)'
Assertion failed on expression: 'pred(*previous, *i)'
Assertion failed on expression: 'pred(*previous, *i)'
Assertion failed on expression: 'pred(*previous, *i)'
Assertion failed on expression: 'pred(*previous, *i)'
Assertion failed on expression: 'pred(*previous, *i)'
Assertion failed on expression: 'pred(*previous, *i)'
Assertion failed on expression: 'pred(*previous, *i)'
Assertion failed on expression: 'pred(*previous, *i)'
Assertion failed on expression: 'pred(*previous, *i)'
Assertion failed on expression: 'pred(*previous, *i)'
Assertion failed on expression: 'pred(*previous, *i)'
Assertion failed on expression: 'pred(*previous, *i)'
Assertion failed on expression: 'pred(*previous, *i)'
Assertion failed on expression: 'pred(*previous, *i)'
Assertion failed on expression: 'pred(*previous, *i)'
Assertion failed on expression: 'pred(*previous, *i)'
Assertion failed on expression: 'pred(*previous, *i)'
Assertion failed on expression: 'pred(*previous, *i)'
Assertion failed on expression: 'pred(*previous, *i)'
Assertion failed on expression: 'pred(*previous, *i)'
Assertion failed on expression: 'pred(*previous, *i)'
Assertion failed on expression: 'pred(*previous, *i)'
Assertion failed on expression: 'pred(*previous, *i)'
Assertion failed on expression: 'pred(*previous, *i)'
Assertion failed on expression: 'pred(*previous, *i)'
Assertion failed on expression: 'pred(*previous, *i)'
Assertion failed on expression: 'pred(*previous, *i)'
Assertion failed on expression: 'pred(*previous, *i)'
Assertion failed on expression: 'pred(*previous, *i)'
Assertion failed on expression: 'pred(*previous, *i)'
Assertion failed on expression: 'pred(*previous, *i)'
Assertion failed on expression: 'pred(*previous, *i)'
Assertion failed on expression: 'pred(*previous, *i)'
Assertion failed on expression: 'pred(*previous, *i)'
Assertion failed on expression: 'pred(*previous, *i)'
Assertion failed on expression: 'pred(*previous, *i)'
Assertion failed on expression: 'pred(*previous, *i)'
Assertion failed on expression: 'pred(*previous, *i)'
Assertion failed on expression: 'pred(*previous, *i)'
Assertion failed on expression: 'pred(*previous, *i)'
Assertion failed on expression: 'pred(*previous, *i)'
Assertion failed on expression: 'pred(*previous, *i)'
Assertion failed on expression: 'pred(*previous, *i)'
Assertion failed on expression: 'pred(*previous, *i)'
Assertion failed on expression: 'pred(*previous, *i)'
Assertion failed on expression: 'pred(*previous, *i)'
Assertion failed on expression: 'pred(*previous, *i)'
Assertion failed on expression: 'pred(*previous, *i)'
Assertion failed on expression: 'pred(*previous, *i)'
Assertion failed on expression: 'pred(*previous, *i)'
Assertion failed on expression: 'pred(*previous, *i)'
Assertion failed on expression: 'pred(*previous, *i)'
Assertion failed on expression: 'pred(*previous, *i)'
Assertion failed on expression: 'pred(*previous, *i)'
Assertion failed on expression: 'pred(*previous, *i)'
Assertion failed on expression: 'pred(*previous, *i)'
Assertion failed on expression: 'pred(*previous, *i)'
Assertion failed on expression: 'pred(*previous, *i)'
Assertion failed on expression: 'pred(*previous, *i)'
Assertion failed on expression: 'pred(*previous, *i)'
Assertion failed on expression: 'pred(*previous, *i)'
Assertion failed on expression: 'pred(*previous, *i)'
Assertion failed on expression: 'pred(*previous, *i)'
Assertion failed on expression: 'pred(*previous, *i)'
Assertion failed on expression: 'pred(*previous, *i)'
Assertion failed on expression: 'pred(*previous, *i)'
Assertion failed on expression: 'pred(*previous, *i)'
Assertion failed on expression: 'pred(*previous, *i)'
Assertion failed on expression: 'pred(*previous, *i)'
Assertion failed on expression: 'pred(*previous, *i)'
Assertion failed on expression: 'pred(*previous, *i)'
Assertion failed on expression: 'pred(*previous, *i)'
Assertion failed on expression: 'pred(*previous, *i)'
Assertion failed on expression: 'pred(*previous, *i)'
Assertion failed on expression: 'pred(*previous, *i)'
Assertion failed on expression: 'pred(*previous, *i)'
Assertion failed on expression: 'pred(*previous, *i)'
Assertion failed on expression: 'pred(*previous, *i)'
Assertion failed on expression: 'pred(*previous, *i)'
Assertion failed on expression: 'pred(*previous, *i)'
Assertion failed on expression: 'pred(*previous, *i)'
Assertion failed on expression: 'pred(*previous, *i)'
Assertion failed on expression: 'pred(*previous, *i)'
Assertion failed on expression: 'pred(*previous, *i)'
Assertion failed on expression: 'pred(*previous, *i)'
Assertion failed on expression: 'pred(*previous, *i)'
Assertion failed on expression: 'pred(*previous, *i)'
Assertion failed on expression: 'pred(*previous, *i)'
Assertion failed on expression: 'pred(*previous, *i)'
Assertion failed on expression: 'pred(*previous, *i)'
Assertion failed on expression: 'pred(*previous, *i)'
Assertion failed on expression: 'pred(*previous, *i)'
Assertion failed on expression: 'pred(*previous, *i)'
Assertion failed on expression: 'pred(*previous, *i)'
Assertion failed on expression: 'pred(*previous, *i)'
Assertion failed on expression: 'pred(*previous, *i)'
Assertion failed on expression: 'pred(*previous, *i)'
Assertion failed on expression: 'pred(*previous, *i)'
Assertion failed on expression: 'pred(*previous, *i)'
Assertion failed on expression: 'pred(*previous, *i)'
Assertion failed on expression: 'pred(*previous, *i)'
Assertion failed on expression: 'pred(*previous, *i)'
Assertion failed on expression: 'pred(*previous, *i)'
Assertion failed on expression: 'pred(*previous, *i)'
Assertion failed on expression: 'pred(*previous, *i)'
Assertion failed on expression: 'pred(*previous, *i)'
Assertion failed on expression: 'pred(*previous, *i)'
Assertion failed on expression: 'pred(*previous, *i)'
Assertion failed on expression: 'pred(*previous, *i)'
Assertion failed on expression: 'pred(*previous, *i)'
Assertion failed on expression: 'pred(*previous, *i)'
Assertion failed on expression: 'pred(*previous, *i)'
Assertion failed on expression: 'pred(*previous, *i)'
Assertion failed on expression: 'pred(*previous, *i)'
Assertion failed on expression: 'pred(*previous, *i)'
Assertion failed on expression: 'pred(*previous, *i)'
Assertion failed on expression: 'pred(*previous, *i)'
Assertion failed on expression: 'pred(*previous, *i)'
Assertion failed on expression: 'pred(*previous, *i)'
Assertion failed on expression: 'pred(*previous, *i)'
Assertion failed on expression: 'pred(*previous, *i)'
Assertion failed on expression: 'pred(*previous, *i)'
Assertion failed on expression: 'pred(*previous, *i)'
Assertion failed on expression: 'pred(*previous, *i)'
Assertion failed on expression: 'pred(*previous, *i)'
Assertion failed on expression: 'pred(*previous, *i)'
Assertion failed on expression: 'pred(*previous, *i)'
Assertion failed on expression: 'pred(*previous, *i)'
Assertion failed on expression: 'pred(*previous, *i)'
Assertion failed on expression: 'pred(*previous, *i)'
Assertion failed on expression: 'pred(*previous, *i)'
Assertion failed on expression: 'pred(*previous, *i)'
Assertion failed on expression: 'pred(*previous, *i)'
Assertion failed on expression: 'pred(*previous, *i)'
Assertion failed on expression: 'pred(*previous, *i)'
Assertion failed on expression: 'pred(*previous, *i)'
Assertion failed on expression: 'pred(*previous, *i)'
Assertion failed on expression: 'pred(*previous, *i)'
Assertion failed on expression: 'pred(*previous, *i)'
Assertion failed on expression: 'pred(*previous, *i)'
Assertion failed on expression: 'pred(*previous, *i)'
Assertion failed on expression: 'pred(*previous, *i)'
Assertion failed on expression: 'pred(*previous, *i)'
Assertion failed on expression: 'pred(*previous, *i)'
Assertion failed on expression: 'pred(*previous, *i)'
Assertion failed on expression: 'pred(*previous, *i)'
Assertion failed on expression: 'pred(*previous, *i)'
Assertion failed on expression: 'pred(*previous, *i)'
Assertion failed on expression: 'pred(*previous, *i)'
Assertion failed on expression: 'pred(*previous, *i)'
Assertion failed on expression: 'pred(*previous, *i)'
Assertion failed on expression: 'pred(*previous, *i)'
Assertion failed on expression: 'pred(*previous, *i)'
Assertion failed on expression: 'pred(*previous, *i)'
Assertion failed on expression: 'pred(*previous, *i)'
Assertion failed on expression: 'pred(*previous, *i)'
Assertion failed on expression: 'pred(*previous, *i)'
Assertion failed on expression: 'pred(*previous, *i)'
Assertion failed on expression: 'pred(*previous, *i)'
Assertion failed on expression: 'pred(*previous, *i)'
Assertion failed on expression: 'pred(*previous, *i)'
Assertion failed on expression: 'pred(*previous, *i)'
Assertion failed on expression: 'pred(*previous, *i)'
Assertion failed on expression: 'pred(*previous, *i)'
Assertion failed on expression: 'pred(*previous, *i)'
Assertion failed on expression: 'pred(*previous, *i)'
Assertion failed on expression: 'pred(*previous, *i)'
Assertion failed on expression: 'pred(*previous, *i)'
Assertion failed on expression: 'pred(*previous, *i)'
Assertion failed on expression: 'pred(*previous, *i)'
Assertion failed on expression: 'pred(*previous, *i)'
Assertion failed on expression: 'pred(*previous, *i)'
Assertion failed on expression: 'pred(*previous, *i)'
Assertion failed on expression: 'pred(*previous, *i)'
Assertion failed on expression: 'pred(*previous, *i)'
Assertion failed on expression: 'pred(*previous, *i)'
Assertion failed on expression: 'pred(*previous, *i)'
Assertion failed on expression: 'pred(*previous, *i)'
Assertion failed on expression: 'pred(*previous, *i)'
Assertion failed on expression: 'pred(*previous, *i)'
Assertion failed on expression: 'pred(*previous, *i)'
Assertion failed on expression: 'pred(*previous, *i)'
Assertion failed on expression: 'pred(*previous, *i)'
Assertion failed on expression: 'pred(*previous, *i)'
Assertion failed on expression: 'pred(*previous, *i)'
Assertion failed on expression: 'pred(*previous, *i)'
Assertion failed on expression: 'pred(*previous, *i)'
Assertion failed on expression: 'pred(*previous, *i)'
Assertion failed on expression: 'pred(*previous, *i)'
Assertion failed on expression: 'pred(*previous, *i)'
Assertion failed on expression: 'pred(*previous, *i)'
Assertion failed on expression: 'pred(*previous, *i)'
Assertion failed on expression: 'pred(*previous, *i)'
Assertion failed on expression: 'pred(*previous, *i)'
Assertion failed on expression: 'pred(*previous, *i)'
Assertion failed on expression: 'pred(*previous, *i)'
Assertion failed on expression: 'pred(*previous, *i)'
Assertion failed on expression: 'pred(*previous, *i)'
Assertion failed on expression: 'pred(*previous, *i)'
Assertion failed on expression: 'pred(*previous, *i)'
Assertion failed on expression: 'pred(*previous, *i)'
Assertion failed on expression: 'pred(*previous, *i)'
Assertion failed on expression: 'pred(*previous, *i)'
Assertion failed on expression: 'pred(*previous, *i)'
Assertion failed on expression: 'pred(*previous, *i)'
Assertion failed on expression: 'pred(*previous, *i)'
Assertion failed on expression: 'pred(*previous, *i)'
Assertion failed on expression: 'pred(*previous, *i)'
Assertion failed on expression: 'pred(*previous, *i)'
Assertion failed on expression: 'pred(*previous, *i)'
Assertion failed on expression: 'pred(*previous, *i)'
Assertion failed on expression: 'pred(*previous, *i)'
Assertion failed on expression: 'pred(*previous, *i)'
Assertion failed on expression: 'pred(*previous, *i)'
Assertion failed on expression: 'pred(*previous, *i)'
Assertion failed on expression: 'pred(*previous, *i)'
Assertion failed on expression: 'pred(*previous, *i)'
Assertion failed on expression: 'pred(*previous, *i)'
Assertion failed on expression: 'pred(*previous, *i)'
Assertion failed on expression: 'pred(*previous, *i)'
Assertion failed on expression: 'pred(*previous, *i)'
Assertion failed on expression: 'pred(*previous, *i)'
Assertion failed on expression: 'pred(*previous, *i)'
Assertion failed on expression: 'pred(*previous, *i)'
Assertion failed on expression: 'pred(*previous, *i)'
Assertion failed on expression: 'pred(*previous, *i)'
Assertion failed on expression: 'pred(*previous, *i)'
Assertion failed on expression: 'pred(*previous, *i)'
Assertion failed on expression: 'pred(*previous, *i)'
Assertion failed on expression: 'pred(*previous, *i)'
Assertion failed on expression: 'pred(*previous, *i)'
Assertion failed on expression: 'pred(*previous, *i)'
Assertion failed on expression: 'pred(*previous, *i)'
Assertion failed on expression: 'pred(*previous, *i)'
Assertion failed on expression: 'pred(*previous, *i)'
Assertion failed on expression: 'pred(*previous, *i)'
Assertion failed on expression: 'pred(*previous, *i)'
Assertion failed on expression: 'pred(*previous, *i)'
Assertion failed on expression: 'pred(*previous, *i)'
Assertion failed on expression: 'pred(*previous, *i)'
Assertion failed on expression: 'pred(*previous, *i)'
Assertion failed on expression: 'pred(*previous, *i)'
Assertion failed on expression: 'pred(*previous, *i)'
Assertion failed on expression: 'pred(*previous, *i)'
Assertion failed on expression: 'pred(*previous, *i)'
Assertion failed on expression: 'pred(*previous, *i)'
Assertion failed on expression: 'pred(*previous, *i)'
Assertion failed on expression: 'pred(*previous, *i)'
Assertion failed on expression: 'pred(*previous, *i)'
Assertion failed on expression: 'pred(*previous, *i)'
Assertion failed on expression: 'pred(*previous, *i)'
Assertion failed on expression: 'pred(*previous, *i)'
Assertion failed on expression: 'pred(*previous, *i)'
Assertion failed on expression: 'pred(*previous, *i)'
Assertion failed on expression: 'pred(*previous, *i)'
Assertion failed on expression: 'pred(*previous, *i)'
Assertion failed on expression: 'pred(*previous, *i)'
Assertion failed on expression: 'pred(*previous, *i)'
Assertion failed on expression: 'pred(*previous, *i)'
Assertion failed on expression: 'pred(*previous, *i)'
Assertion failed on expression: 'pred(*previous, *i)'
Assertion failed on expression: 'pred(*previous, *i)'
Assertion failed on expression: 'pred(*previous, *i)'
Assertion failed on expression: 'pred(*previous, *i)'
Assertion failed on expression: 'pred(*previous, *i)'
Assertion failed on expression: 'pred(*previous, *i)'
Assertion failed on expression: 'pred(*previous, *i)'
Assertion failed on expression: 'pred(*previous, *i)'
Assertion failed on expression: 'pred(*previous, *i)'
Assertion failed on expression: 'pred(*previous, *i)'
Assertion failed on expression: 'pred(*previous, *i)'
Assertion failed on expression: 'pred(*previous, *i)'
Assertion failed on expression: 'pred(*previous, *i)'
Assertion failed on expression: 'pred(*previous, *i)'
Assertion failed on expression: 'pred(*previous, *i)'
Assertion failed on expression: 'pred(*previous, *i)'
Assertion failed on expression: 'pred(*previous, *i)'
Assertion failed on expression: 'pred(*previous, *i)'
Assertion failed on expression: 'pred(*previous, *i)'
Assertion failed on expression: 'pred(*previous, *i)'
Assertion failed on expression: 'pred(*previous, *i)'
Assertion failed on expression: 'pred(*previous, *i)'
Assertion failed on expression: 'pred(*previous, *i)'
Assertion failed on expression: 'pred(*previous, *i)'
Assertion failed on expression: 'pred(*previous, *i)'
Assertion failed on expression: 'pred(*previous, *i)'
Assertion failed on expression: 'pred(*previous, *i)'
Assertion failed on expression: 'pred(*previous, *i)'
Assertion failed on expression: 'pred(*previous, *i)'
Assertion failed on expression: 'pred(*previous, *i)'
Assertion failed on expression: 'pred(*previous, *i)'
Assertion failed on expression: 'pred(*previous, *i)'
Assertion failed on expression: 'pred(*previous, *i)'
Assertion failed on expression: 'pred(*previous, *i)'
Assertion failed on expression: 'pred(*previous, *i)'
Assertion failed on expression: 'pred(*previous, *i)'
Assertion failed on expression: 'pred(*previous, *i)'
Assertion failed on expression: 'pred(*previous, *i)'
Assertion failed on expression: 'pred(*previous, *i)'
Assertion failed on expression: 'pred(*previous, *i)'
Assertion failed on expression: 'pred(*previous, *i)'
Assertion failed on expression: 'pred(*previous, *i)'
Assertion failed on expression: 'pred(*previous, *i)'
Assertion failed on expression: 'pred(*previous, *i)'
Assertion failed on expression: 'pred(*previous, *i)'
Assertion failed on expression: 'pred(*previous, *i)'
Assertion failed on expression: 'pred(*previous, *i)'
Assertion failed on expression: 'pred(*previous, *i)'
Assertion failed on expression: 'pred(*previous, *i)'
Assertion failed on expression: 'pred(*previous, *i)'
Assertion failed on expression: 'pred(*previous, *i)'
Assertion failed on expression: 'pred(*previous, *i)'
Assertion failed on expression: 'pred(*previous, *i)'
Assertion failed on expression: 'pred(*previous, *i)'
Assertion failed on expression: 'pred(*previous, *i)'
Assertion failed on expression: 'pred(*previous, *i)'
Assertion failed on expression: 'pred(*previous, *i)'
Assertion failed on expression: 'pred(*previous, *i)'
Assertion failed on expression: 'pred(*previous, *i)'
Assertion failed on expression: 'pred(*previous, *i)'
Assertion failed on expression: 'pred(*previous, *i)'
Assertion failed on expression: 'pred(*previous, *i)'
Assertion failed on expression: 'pred(*previous, *i)'
Assertion failed on expression: 'pred(*previous, *i)'
Assertion failed on expression: 'pred(*previous, *i)'
Assertion failed on expression: 'pred(*previous, *i)'
Assertion failed on expression: 'pred(*previous, *i)'
Assertion failed on expression: 'pred(*previous, *i)'
Assertion failed on expression: 'pred(*previous, *i)'
Assertion failed on expression: 'pred(*previous, *i)'
Assertion failed on expression: 'pred(*previous, *i)'
Assertion failed on expression: 'pred(*previous, *i)'
Assertion failed on expression: 'pred(*previous, *i)'
Assertion failed on expression: 'pred(*previous, *i)'
Assertion failed on expression: 'pred(*previous, *i)'
Assertion failed on expression: 'pred(*previous, *i)'
Assertion failed on expression: 'pred(*previous, *i)'
Assertion failed on expression: 'pred(*previous, *i)'
Assertion failed on expression: 'pred(*previous, *i)'
Assertion failed on expression: 'pred(*previous, *i)'
Assertion failed on expression: 'pred(*previous, *i)'
Assertion failed on expression: 'pred(*previous, *i)'
Assertion failed on expression: 'pred(*previous, *i)'
Assertion failed on expression: 'pred(*previous, *i)'
Assertion failed on expression: 'pred(*previous, *i)'
Assertion failed on expression: 'pred(*previous, *i)'
Assertion failed on expression: 'pred(*previous, *i)'
Assertion failed on expression: 'pred(*previous, *i)'
Assertion failed on expression: 'pred(*previous, *i)'
Assertion failed on expression: 'pred(*previous, *i)'
Assertion failed on expression: 'pred(*previous, *i)'
Assertion failed on expression: 'pred(*previous, *i)'
Assertion failed on expression: 'pred(*previous, *i)'
Assertion failed on expression: 'pred(*previous, *i)'
Assertion failed on expression: 'pred(*previous, *i)'
Assertion failed on expression: 'pred(*previous, *i)'
Assertion failed on expression: 'pred(*previous, *i)'
Assertion failed on expression: 'pred(*previous, *i)'
Assertion failed on expression: 'pred(*previous, *i)'
Assertion failed on expression: 'pred(*previous, *i)'
Assertion failed on expression: 'pred(*previous, *i)'
Assertion failed on expression: 'pred(*previous, *i)'
Assertion failed on expression: 'pred(*previous, *i)'
Assertion failed on expression: 'pred(*previous, *i)'
Assertion failed on expression: 'pred(*previous, *i)'
Assertion failed on expression: 'pred(*previous, *i)'
Assertion failed on expression: 'pred(*previous, *i)'
Assertion failed on expression: 'pred(*previous, *i)'
Assertion failed on expression: 'pred(*previous, *i)'
Assertion failed on expression: 'pred(*previous, *i)'
Assertion failed on expression: 'pred(*previous, *i)'
Assertion failed on expression: 'pred(*previous, *i)'
Assertion failed on expression: 'pred(*previous, *i)'
Assertion failed on expression: 'pred(*previous, *i)'
Assertion failed on expression: 'pred(*previous, *i)'
Assertion failed on expression: 'pred(*previous, *i)'
Assertion failed on expression: 'pred(*previous, *i)'
Assertion failed on expression: 'pred(*previous, *i)'
Assertion failed on expression: 'pred(*previous, *i)'
Assertion failed on expression: 'pred(*previous, *i)'
Assertion failed on expression: 'pred(*previous, *i)'
Assertion failed on expression: 'pred(*previous, *i)'
Assertion failed on expression: 'pred(*previous, *i)'
Assertion failed on expression: 'pred(*previous, *i)'
Assertion failed on expression: 'pred(*previous, *i)'
Assertion failed on expression: 'pred(*previous, *i)'
Assertion failed on expression: 'pred(*previous, *i)'
Assertion failed on expression: 'pred(*previous, *i)'
Assertion failed on expression: 'pred(*previous, *i)'
Assertion failed on expression: 'pred(*previous, *i)'
Assertion failed on expression: 'pred(*previous, *i)'
Assertion failed on expression: 'pred(*previous, *i)'
Assertion failed on expression: 'pred(*previous, *i)'
Assertion failed on expression: 'pred(*previous, *i)'
Assertion failed on expression: 'pred(*previous, *i)'
Assertion failed on expression: 'pred(*previous, *i)'
Assertion failed on expression: 'pred(*previous, *i)'
Assertion failed on expression: 'pred(*previous, *i)'
Assertion failed on expression: 'pred(*previous, *i)'
Assertion failed on expression: 'pred(*previous, *i)'
Assertion failed on expression: 'pred(*previous, *i)'
Assertion failed on expression: 'pred(*previous, *i)'
Assertion failed on expression: 'pred(*previous, *i)'
Assertion failed on expression: 'pred(*previous, *i)'
Assertion failed on expression: 'pred(*previous, *i)'
Assertion failed on expression: 'pred(*previous, *i)'
Assertion failed on expression: 'pred(*previous, *i)'
Assertion failed on expression: 'pred(*previous, *i)'
Assertion failed on expression: 'pred(*previous, *i)'
Assertion failed on expression: 'pred(*previous, *i)'
Assertion failed on expression: 'pred(*previous, *i)'
Assertion failed on expression: 'pred(*previous, *i)'
Assertion failed on expression: 'pred(*previous, *i)'
Assertion failed on expression: 'pred(*previous, *i)'
Assertion failed on expression: 'pred(*previous, *i)'
Assertion failed on expression: 'pred(*previous, *i)'
Assertion failed on expression: 'pred(*previous, *i)'
Assertion failed on expression: 'pred(*previous, *i)'
Assertion failed on expression: 'pred(*previous, *i)'
Assertion failed on expression: 'pred(*previous, *i)'
Assertion failed on expression: 'pred(*previous, *i)'
Assertion failed on expression: 'pred(*previous, *i)'
Assertion failed on expression: 'pred(*previous, *i)'
Assertion failed on expression: 'pred(*previous, *i)'
Assertion failed on expression: 'pred(*previous, *i)'
Assertion failed on expression: 'pred(*previous, *i)'
Assertion failed on expression: 'pred(*previous, *i)'
Assertion failed on expression: 'pred(*previous, *i)'
Assertion failed on expression: 'pred(*previous, *i)'
Assertion failed on expression: 'pred(*previous, *i)'
Assertion failed on expression: 'pred(*previous, *i)'
Assertion failed on expression: 'pred(*previous, *i)'
Assertion failed on expression: 'pred(*previous, *i)'
Assertion failed on expression: 'pred(*previous, *i)'
Assertion failed on expression: 'pred(*previous, *i)'
Assertion failed on expression: 'pred(*previous, *i)'
Assertion failed on expression: 'pred(*previous, *i)'
Assertion failed on expression: 'pred(*previous, *i)'
Assertion failed on expression: 'pred(*previous, *i)'
Assertion failed on expression: 'pred(*previous, *i)'
Assertion failed on expression: 'pred(*previous, *i)'
Assertion failed on expression: 'pred(*previous, *i)'
Assertion failed on expression: 'pred(*previous, *i)'
Assertion failed on expression: 'pred(*previous, *i)'
Assertion failed on expression: 'pred(*previous, *i)'
Assertion failed on expression: 'pred(*previous, *i)'
Assertion failed on expression: 'pred(*previous, *i)'
Assertion failed on expression: 'pred(*previous, *i)'
Assertion failed on expression: 'pred(*previous, *i)'
Assertion failed on expression: 'pred(*previous, *i)'
Assertion failed on expression: 'pred(*previous, *i)'
Assertion failed on expression: 'pred(*previous, *i)'
Assertion failed on expression: 'pred(*previous, *i)'
Assertion failed on expression: 'pred(*previous, *i)'
Assertion failed on expression: 'pred(*previous, *i)'
Assertion failed on expression: 'pred(*previous, *i)'
Assertion failed on expression: 'pred(*previous, *i)'
Assertion failed on expression: 'pred(*previous, *i)'
Assertion failed on expression: 'pred(*previous, *i)'
Assertion failed on expression: 'pred(*previous, *i)'
Assertion failed on expression: 'pred(*previous, *i)'
Assertion failed on expression: 'pred(*previous, *i)'
Assertion failed on expression: 'pred(*previous, *i)'
Assertion failed on expression: 'pred(*previous, *i)'
Assertion failed on expression: 'pred(*previous, *i)'
Assertion failed on expression: 'pred(*previous, *i)'
Assertion failed on expression: 'pred(*previous, *i)'
Assertion failed on expression: 'pred(*previous, *i)'
Assertion failed on expression: 'pred(*previous, *i)'
Assertion failed on expression: 'pred(*previous, *i)'
Assertion failed on expression: 'pred(*previous, *i)'
Assertion failed on expression: 'pred(*previous, *i)'
Assertion failed on expression: 'pred(*previous, *i)'
Assertion failed on expression: 'pred(*previous, *i)'
Assertion failed on expression: 'pred(*previous, *i)'
Assertion failed on expression: 'pred(*previous, *i)'
Assertion failed on expression: 'pred(*previous, *i)'
Assertion failed on expression: 'pred(*previous, *i)'
Assertion failed on expression: 'pred(*previous, *i)'
Assertion failed on expression: 'pred(*previous, *i)'
Assertion failed on expression: 'pred(*previous, *i)'
Assertion failed on expression: 'pred(*previous, *i)'
Assertion failed on expression: 'pred(*previous, *i)'
Assertion failed on expression: 'pred(*previous, *i)'
Assertion failed on expression: 'pred(*previous, *i)'
Assertion failed on expression: 'pred(*previous, *i)'
Assertion failed on expression: 'pred(*previous, *i)'
Assertion failed on expression: 'pred(*previous, *i)'
Assertion failed on expression: 'pred(*previous, *i)'
Assertion failed on expression: 'pred(*previous, *i)'
Assertion failed on expression: 'pred(*previous, *i)'
Assertion failed on expression: 'pred(*previous, *i)'
Assertion failed on expression: 'pred(*previous, *i)'
Assertion failed on expression: 'pred(*previous, *i)'
Assertion failed on expression: 'pred(*previous, *i)'
Assertion failed on expression: 'pred(*previous, *i)'
Assertion failed on expression: 'pred(*previous, *i)'
Assertion failed on expression: 'pred(*previous, *i)'
Assertion failed on expression: 'pred(*previous, *i)'
Assertion failed on expression: 'pred(*previous, *i)'
Assertion failed on expression: 'pred(*previous, *i)'
Assertion failed on expression: 'pred(*previous, *i)'
Assertion failed on expression: 'pred(*previous, *i)'
Assertion failed on expression: 'pred(*previous, *i)'
Assertion failed on expression: 'pred(*previous, *i)'
Assertion failed on expression: 'pred(*previous, *i)'
Assertion failed on expression: 'pred(*previous, *i)'
Assertion failed on expression: 'pred(*previous, *i)'
Assertion failed on expression: 'pred(*previous, *i)'
Assertion failed on expression: 'pred(*previous, *i)'
Assertion failed on expression: 'pred(*previous, *i)'
Assertion failed on expression: 'pred(*previous, *i)'
Assertion failed on expression: 'pred(*previous, *i)'
Assertion failed on expression: 'pred(*previous, *i)'
Assertion failed on expression: 'pred(*previous, *i)'
Assertion failed on expression: 'pred(*previous, *i)'
Assertion failed on expression: 'pred(*previous, *i)'
Assertion failed on expression: 'pred(*previous, *i)'
Assertion failed on expression: 'pred(*previous, *i)'
Assertion failed on expression: 'pred(*previous, *i)'
Assertion failed on expression: 'pred(*previous, *i)'
Assertion failed on expression: 'pred(*previous, *i)'
Assertion failed on expression: 'pred(*previous, *i)'
Assertion failed on expression: 'pred(*previous, *i)'
Assertion failed on expression: 'pred(*previous, *i)'
Assertion failed on expression: 'pred(*previous, *i)'
Assertion failed on expression: 'pred(*previous, *i)'
Assertion failed on expression: 'pred(*previous, *i)'
Assertion failed on expression: 'pred(*previous, *i)'
Assertion failed on expression: 'pred(*previous, *i)'
Assertion failed on expression: 'pred(*previous, *i)'
Assertion failed on expression: 'pred(*previous, *i)'
Assertion failed on expression: 'pred(*previous, *i)'
Assertion failed on expression: 'pred(*previous, *i)'
Assertion failed on expression: 'pred(*previous, *i)'
Assertion failed on expression: 'pred(*previous, *i)'
Assertion failed on expression: 'pred(*previous, *i)'
Assertion failed on expression: 'pred(*previous, *i)'
Assertion failed on expression: 'pred(*previous, *i)'
Assertion failed on expression: 'pred(*previous, *i)'
Assertion failed on expression: 'pred(*previous, *i)'
Assertion failed on expression: 'pred(*previous, *i)'
Assertion failed on expression: 'pred(*previous, *i)'
Assertion failed on expression: 'pred(*previous, *i)'
Assertion failed on expression: 'pred(*previous, *i)'
Assertion failed on expression: 'pred(*previous, *i)'
Assertion failed on expression: 'pred(*previous, *i)'
Assertion failed on expression: 'pred(*previous, *i)'
Assertion failed on expression: 'pred(*previous, *i)'
Assertion failed on expression: 'pred(*previous, *i)'
Assertion failed on expression: 'pred(*previous, *i)'
Assertion failed on expression: 'pred(*previous, *i)'
Assertion failed on expression: 'pred(*previous, *i)'
Assertion failed on expression: 'pred(*previous, *i)'
Assertion failed on expression: 'pred(*previous, *i)'
Assertion failed on expression: 'pred(*previous, *i)'
Assertion failed on expression: 'pred(*previous, *i)'
Assertion failed on expression: 'pred(*previous, *i)'
Assertion failed on expression: 'pred(*previous, *i)'
Assertion failed on expression: 'pred(*previous, *i)'
Assertion failed on expression: 'pred(*previous, *i)'
Assertion failed on expression: 'pred(*previous, *i)'
Assertion failed on expression: 'pred(*previous, *i)'
Assertion failed on expression: 'pred(*previous, *i)'
Assertion failed on expression: 'pred(*previous, *i)'
Assertion failed on expression: 'pred(*previous, *i)'
Assertion failed on expression: 'pred(*previous, *i)'
Assertion failed on expression: 'pred(*previous, *i)'
Assertion failed on expression: 'pred(*previous, *i)'
Assertion failed on expression: 'pred(*previous, *i)'
Assertion failed on expression: 'pred(*previous, *i)'
Assertion failed on expression: 'pred(*previous, *i)'
Assertion failed on expression: 'pred(*previous, *i)'
Assertion failed on expression: 'pred(*previous, *i)'
Assertion failed on expression: 'pred(*previous, *i)'
Assertion failed on expression: 'pred(*previous, *i)'
Assertion failed on expression: 'pred(*previous, *i)'
Assertion failed on expression: 'pred(*previous, *i)'
Assertion failed on expression: 'pred(*previous, *i)'
Assertion failed on expression: 'pred(*previous, *i)'
Assertion failed on expression: 'pred(*previous, *i)'
Assertion failed on expression: 'pred(*previous, *i)'
Assertion failed on expression: 'pred(*previous, *i)'
Assertion failed on expression: 'pred(*previous, *i)'
Assertion failed on expression: 'pred(*previous, *i)'
Assertion failed on expression: 'pred(*previous, *i)'
Assertion failed on expression: 'pred(*previous, *i)'
Assertion failed on expression: 'pred(*previous, *i)'
Assertion failed on expression: 'pred(*previous, *i)'
Assertion failed on expression: 'pred(*previous, *i)'
Assertion failed on expression: 'pred(*previous, *i)'
Assertion failed on expression: 'pred(*previous, *i)'
Assertion failed on expression: 'pred(*previous, *i)'
Assertion failed on expression: 'pred(*previous, *i)'
Assertion failed on expression: 'pred(*previous, *i)'
Assertion failed on expression: 'pred(*previous, *i)'
Assertion failed on expression: 'pred(*previous, *i)'
Assertion failed on expression: 'pred(*previous, *i)'
Assertion failed on expression: 'pred(*previous, *i)'
Assertion failed on expression: 'pred(*previous, *i)'
Assertion failed on expression: 'pred(*previous, *i)'
Assertion failed on expression: 'pred(*previous, *i)'
Assertion failed on expression: 'pred(*previous, *i)'
Assertion failed on expression: 'pred(*previous, *i)'
Assertion failed on expression: 'pred(*previous, *i)'
Assertion failed on expression: 'pred(*previous, *i)'
Assertion failed on expression: 'pred(*previous, *i)'
Assertion failed on expression: 'pred(*previous, *i)'
Assertion failed on expression: 'pred(*previous, *i)'
Assertion failed on expression: 'pred(*previous, *i)'
Assertion failed on expression: 'pred(*previous, *i)'
Assertion failed on expression: 'pred(*previous, *i)'
Assertion failed on expression: 'pred(*previous, *i)'
Assertion failed on expression: 'pred(*previous, *i)'
Assertion failed on expression: 'pred(*previous, *i)'
Assertion failed on expression: 'pred(*previous, *i)'
Assertion failed on expression: 'pred(*previous, *i)'
Assertion failed on expression: 'pred(*previous, *i)'
Assertion failed on expression: 'pred(*previous, *i)'
Assertion failed on expression: 'pred(*previous, *i)'
Assertion failed on expression: 'pred(*previous, *i)'
Assertion failed on expression: 'pred(*previous, *i)'
Assertion failed on expression: 'pred(*previous, *i)'
Assertion failed on expression: 'pred(*previous, *i)'
Assertion failed on expression: 'pred(*previous, *i)'
Assertion failed on expression: 'pred(*previous, *i)'
Assertion failed on expression: 'pred(*previous, *i)'
Assertion failed on expression: 'pred(*previous, *i)'
Assertion failed on expression: 'pred(*previous, *i)'
Assertion failed on expression: 'pred(*previous, *i)'
Assertion failed on expression: 'pred(*previous, *i)'
Assertion failed on expression: 'pred(*previous, *i)'
Assertion failed on expression: 'pred(*previous, *i)'
Assertion failed on expression: 'pred(*previous, *i)'
Assertion failed on expression: 'pred(*previous, *i)'
Assertion failed on expression: 'pred(*previous, *i)'
Assertion failed on expression: 'pred(*previous, *i)'
Assertion failed on expression: 'pred(*previous, *i)'
Assertion failed on expression: 'pred(*previous, *i)'
Assertion failed on expression: 'pred(*previous, *i)'
Assertion failed on expression: 'pred(*previous, *i)'
Assertion failed on expression: 'pred(*previous, *i)'
Assertion failed on expression: 'pred(*previous, *i)'
Assertion failed on expression: 'pred(*previous, *i)'
Assertion failed on expression: 'pred(*previous, *i)'
Assertion failed on expression: 'pred(*previous, *i)'
Assertion failed on expression: 'pred(*previous, *i)'
Assertion failed on expression: 'pred(*previous, *i)'
Assertion failed on expression: 'pred(*previous, *i)'
Assertion failed on expression: 'pred(*previous, *i)'
Assertion failed on expression: 'pred(*previous, *i)'
Assertion failed on expression: 'pred(*previous, *i)'
Assertion failed on expression: 'pred(*previous, *i)'
Assertion failed on expression: 'pred(*previous, *i)'
Assertion failed on expression: 'pred(*previous, *i)'
Assertion failed on expression: 'pred(*previous, *i)'
Assertion failed on expression: 'pred(*previous, *i)'
Assertion failed on expression: 'pred(*previous, *i)'
Assertion failed on expression: 'pred(*previous, *i)'
Assertion failed on expression: 'pred(*previous, *i)'
Assertion failed on expression: 'pred(*previous, *i)'
Assertion failed on expression: 'pred(*previous, *i)'
Assertion failed on expression: 'pred(*previous, *i)'
Assertion failed on expression: 'pred(*previous, *i)'
Assertion failed on expression: 'pred(*previous, *i)'
Assertion failed on expression: 'pred(*previous, *i)'
Assertion failed on expression: 'pred(*previous, *i)'
Assertion failed on expression: 'pred(*previous, *i)'
Assertion failed on expression: 'pred(*previous, *i)'
Assertion failed on expression: 'pred(*previous, *i)'
Assertion failed on expression: 'pred(*previous, *i)'
Assertion failed on expression: 'pred(*previous, *i)'
Assertion failed on expression: 'pred(*previous, *i)'
Assertion failed on expression: 'pred(*previous, *i)'
Assertion failed on expression: 'pred(*previous, *i)'
Assertion failed on expression: 'pred(*previous, *i)'
Assertion failed on expression: 'pred(*previous, *i)'
Assertion failed on expression: 'pred(*previous, *i)'
Assertion failed on expression: 'pred(*previous, *i)'
Assertion failed on expression: 'pred(*previous, *i)'
Assertion failed on expression: 'pred(*previous, *i)'
Assertion failed on expression: 'pred(*previous, *i)'
Assertion failed on expression: 'pred(*previous, *i)'
Assertion failed on expression: 'pred(*previous, *i)'
Assertion failed on expression: 'pred(*previous, *i)'
Assertion failed on expression: 'pred(*previous, *i)'
Assertion failed on expression: 'pred(*previous, *i)'
Assertion failed on expression: 'pred(*previous, *i)'
Assertion failed on expression: 'pred(*previous, *i)'
Assertion failed on expression: 'pred(*previous, *i)'
Assertion failed on expression: 'pred(*previous, *i)'
Assertion failed on expression: 'pred(*previous, *i)'
Assertion failed on expression: 'pred(*previous, *i)'
Assertion failed on expression: 'pred(*previous, *i)'
Assertion failed on expression: 'pred(*previous, *i)'
Assertion failed on expression: 'pred(*previous, *i)'
Assertion failed on expression: 'pred(*previous, *i)'
Assertion failed on expression: 'pred(*previous, *i)'
Assertion failed on expression: 'pred(*previous, *i)'
Assertion failed on expression: 'pred(*previous, *i)'
Assertion failed on expression: 'pred(*previous, *i)'
Assertion failed on expression: 'pred(*previous, *i)'
Assertion failed on expression: 'pred(*previous, *i)'
Assertion failed on expression: 'pred(*previous, *i)'
Assertion failed on expression: 'pred(*previous, *i)'
Assertion failed on expression: 'pred(*previous, *i)'
Assertion failed on expression: 'pred(*previous, *i)'
Assertion failed on expression: 'pred(*previous, *i)'
Assertion failed on expression: 'pred(*previous, *i)'
Assertion failed on expression: 'pred(*previous, *i)'
Assertion failed on expression: 'pred(*previous, *i)'
Assertion failed on expression: 'pred(*previous, *i)'
Assertion failed on expression: 'pred(*previous, *i)'
Assertion failed on expression: 'pred(*previous, *i)'
Assertion failed on expression: 'pred(*previous, *i)'
Assertion failed on expression: 'pred(*previous, *i)'
Assertion failed on expression: 'pred(*previous, *i)'
Assertion failed on expression: 'pred(*previous, *i)'
Assertion failed on expression: 'pred(*previous, *i)'
Assertion failed on expression: 'pred(*previous, *i)'
Assertion failed on expression: 'pred(*previous, *i)'
Assertion failed on expression: 'pred(*previous, *i)'
Assertion failed on expression: 'pred(*previous, *i)'
Assertion failed on expression: 'pred(*previous, *i)'
Assertion failed on expression: 'pred(*previous, *i)'
Assertion failed on expression: 'pred(*previous, *i)'
Assertion failed on expression: 'pred(*previous, *i)'
Assertion failed on expression: 'pred(*previous, *i)'
Assertion failed on expression: 'pred(*previous, *i)'
Assertion failed on expression: 'pred(*previous, *i)'
Assertion failed on expression: 'pred(*previous, *i)'
Assertion failed on expression: 'pred(*previous, *i)'
Assertion failed on expression: 'pred(*previous, *i)'
Assertion failed on expression: 'pred(*previous, *i)'
Assertion failed on expression: 'pred(*previous, *i)'
Assertion failed on expression: 'pred(*previous, *i)'
Assertion failed on expression: 'pred(*previous, *i)'
Assertion failed on expression: 'pred(*previous, *i)'
Assertion failed on expression: 'pred(*previous, *i)'
Assertion failed on expression: 'pred(*previous, *i)'
Assertion failed on expression: 'pred(*previous, *i)'
Assertion failed on expression: 'pred(*previous, *i)'
Assertion failed on expression: 'pred(*previous, *i)'
Assertion failed on expression: 'pred(*previous, *i)'
Assertion failed on expression: 'pred(*previous, *i)'
Assertion failed on expression: 'pred(*previous, *i)'
Assertion failed on expression: 'pred(*previous, *i)'
Assertion failed on expression: 'pred(*previous, *i)'
Assertion failed on expression: 'pred(*previous, *i)'
Assertion failed on expression: 'pred(*previous, *i)'
Assertion failed on expression: 'pred(*previous, *i)'
Assertion failed on expression: 'pred(*previous, *i)'
Assertion failed on expression: 'pred(*previous, *i)'
Assertion failed on expression: 'pred(*previous, *i)'
Assertion failed on expression: 'pred(*previous, *i)'
Assertion failed on expression: 'pred(*previous, *i)'
Assertion failed on expression: 'pred(*previous, *i)'
Assertion failed on expression: 'pred(*previous, *i)'
Assertion failed on expression: 'pred(*previous, *i)'
Assertion failed on expression: 'pred(*previous, *i)'
Assertion failed on expression: 'pred(*previous, *i)'
Assertion failed on expression: 'pred(*previous, *i)'
Assertion failed on expression: 'pred(*previous, *i)'
Assertion failed on expression: 'pred(*previous, *i)'
Assertion failed on expression: 'pred(*previous, *i)'
Assertion failed on expression: 'pred(*previous, *i)'
Assertion failed on expression: 'pred(*previous, *i)'
Assertion failed on expression: 'pred(*previous, *i)'
Assertion failed on expression: 'pred(*previous, *i)'
Assertion failed on expression: 'pred(*previous, *i)'
Assertion failed on expression: 'pred(*previous, *i)'
Assertion failed on expression: 'pred(*previous, *i)'
Assertion failed on expression: 'pred(*previous, *i)'
Assertion failed on expression: 'pred(*previous, *i)'
Assertion failed on expression: 'pred(*previous, *i)'
Assertion failed on expression: 'pred(*previous, *i)'
Assertion failed on expression: 'pred(*previous, *i)'
Assertion failed on expression: 'pred(*previous, *i)'
Assertion failed on expression: 'pred(*previous, *i)'
Assertion failed on expression: 'pred(*previous, *i)'
Assertion failed on expression: 'pred(*previous, *i)'
Assertion failed on expression: 'pred(*previous, *i)'
Assertion failed on expression: 'pred(*previous, *i)'
Assertion failed on expression: 'pred(*previous, *i)'
Assertion failed on expression: 'pred(*previous, *i)'
Assertion failed on expression: 'pred(*previous, *i)'
Assertion failed on expression: 'pred(*previous, *i)'
Assertion failed on expression: 'pred(*previous, *i)'
Assertion failed on expression: 'pred(*previous, *i)'
Assertion failed on expression: 'pred(*previous, *i)'
Assertion failed on expression: 'pred(*previous, *i)'
Assertion failed on expression: 'pred(*previous, *i)'
Assertion failed on expression: 'pred(*previous, *i)'
Assertion failed on expression: 'pred(*previous, *i)'
Assertion failed on expression: 'pred(*previous, *i)'
Assertion failed on expression: 'pred(*previous, *i)'
Assertion failed on expression: 'pred(*previous, *i)'
Assertion failed on expression: 'pred(*previous, *i)'
Assertion failed on expression: 'pred(*previous, *i)'
Assertion failed on expression: 'pred(*previous, *i)'
Assertion failed on expression: 'pred(*previous, *i)'
Assertion failed on expression: 'pred(*previous, *i)'
Assertion failed on expression: 'pred(*previous, *i)'
Assertion failed on expression: 'pred(*previous, *i)'
Assertion failed on expression: 'pred(*previous, *i)'
Assertion failed on expression: 'pred(*previous, *i)'
Assertion failed on expression: 'pred(*previous, *i)'
Assertion failed on expression: 'pred(*previous, *i)'
Assertion failed on expression: 'pred(*previous, *i)'
Assertion failed on expression: 'pred(*previous, *i)'
Assertion failed on expression: 'pred(*previous, *i)'
Assertion failed on expression: 'pred(*previous, *i)'
Assertion failed on expression: 'pred(*previous, *i)'
Assertion failed on expression: 'pred(*previous, *i)'
Assertion failed on expression: 'pred(*previous, *i)'
Assertion failed on expression: 'pred(*previous, *i)'
Assertion failed on expression: 'pred(*previous, *i)'
Assertion failed on expression: 'pred(*previous, *i)'
Assertion failed on expression: 'pred(*previous, *i)'
Assertion failed on expression: 'pred(*previous, *i)'
Assertion failed on expression: 'pred(*previous, *i)'
Assertion failed on expression: 'pred(*previous, *i)'
Assertion failed on expression: 'pred(*previous, *i)'
Assertion failed on expression: 'pred(*previous, *i)'
Assertion failed on expression: 'pred(*previous, *i)'
Assertion failed on expression: 'pred(*previous, *i)'
Assertion failed on expression: 'pred(*previous, *i)'
Assertion failed on expression: 'pred(*previous, *i)'
Assertion failed on expression: 'pred(*previous, *i)'
Assertion failed on expression: 'pred(*previous, *i)'
Assertion failed on expression: 'pred(*previous, *i)'
Assertion failed on expression: 'pred(*previous, *i)'
Assertion failed on expression: 'pred(*previous, *i)'
Assertion failed on expression: 'pred(*previous, *i)'
Assertion failed on expression: 'pred(*previous, *i)'
Assertion failed on expression: 'pred(*previous, *i)'
Assertion failed on expression: 'pred(*previous, *i)'
Assertion failed on expression: 'pred(*previous, *i)'
Assertion failed on expression: 'pred(*previous, *i)'
Assertion failed on expression: 'pred(*previous, *i)'
Assertion failed on expression: 'pred(*previous, *i)'
Assertion failed on expression: 'pred(*previous, *i)'
Assertion failed on expression: 'pred(*previous, *i)'
Assertion failed on expression: 'pred(*previous, *i)'
Assertion failed on expression: 'pred(*previous, *i)'
Assertion failed on expression: 'pred(*previous, *i)'
Assertion failed on expression: 'pred(*previous, *i)'
Assertion failed on expression: 'pred(*previous, *i)'
Assertion failed on expression: 'pred(*previous, *i)'
Assertion failed on expression: 'pred(*previous, *i)'
Assertion failed on expression: 'pred(*previous, *i)'
Assertion failed on expression: 'pred(*previous, *i)'
Assertion failed on expression: 'pred(*previous, *i)'
Assertion failed on expression: 'pred(*previous, *i)'
Assertion failed on expression: 'pred(*previous, *i)'
Assertion failed on expression: 'pred(*previous, *i)'
Assertion failed on expression: 'pred(*previous, *i)'
Assertion failed on expression: 'pred(*previous, *i)'
Assertion failed on expression: 'pred(*previous, *i)'
Assertion failed on expression: 'pred(*previous, *i)'
Assertion failed on expression: 'pred(*previous, *i)'
Assertion failed on expression: 'pred(*previous, *i)'
Assertion failed on expression: 'pred(*previous, *i)'
Assertion failed on expression: 'pred(*previous, *i)'
Assertion failed on expression: 'pred(*previous, *i)'
Assertion failed on expression: 'pred(*previous, *i)'
Assertion failed on expression: 'pred(*previous, *i)'
Assertion failed on expression: 'pred(*previous, *i)'
Assertion failed on expression: 'pred(*previous, *i)'
Assertion failed on expression: 'pred(*previous, *i)'
Assertion failed on expression: 'pred(*previous, *i)'
Assertion failed on expression: 'pred(*previous, *i)'
Assertion failed on expression: 'pred(*previous, *i)'
Assertion failed on expression: 'pred(*previous, *i)'
Assertion failed on expression: 'pred(*previous, *i)'
Assertion failed on expression: 'pred(*previous, *i)'
Assertion failed on expression: 'pred(*previous, *i)'
Assertion failed on expression: 'pred(*previous, *i)'
Assertion failed on expression: 'pred(*previous, *i)'
Assertion failed on expression: 'pred(*previous, *i)'
Assertion failed on expression: 'pred(*previous, *i)'
Assertion failed on expression: 'pred(*previous, *i)'
Assertion failed on expression: 'pred(*previous, *i)'
Assertion failed on expression: 'pred(*previous, *i)'
Assertion failed on expression: 'pred(*previous, *i)'
Assertion failed on expression: 'pred(*previous, *i)'
Assertion failed on expression: 'pred(*previous, *i)'
Assertion failed on expression: 'pred(*previous, *i)'
Assertion failed on expression: 'pred(*previous, *i)'
Assertion failed on expression: 'pred(*previous, *i)'
Assertion failed on expression: 'pred(*previous, *i)'
Assertion failed on expression: 'pred(*previous, *i)'
Assertion failed on expression: 'pred(*previous, *i)'
Assertion failed on expression: 'pred(*previous, *i)'
Assertion failed on expression: 'pred(*previous, *i)'
Assertion failed on expression: 'pred(*previous, *i)'
Assertion failed on expression: 'pred(*previous, *i)'
Assertion failed on expression: 'pred(*previous, *i)'
Assertion failed on expression: 'pred(*previous, *i)'
Assertion failed on expression: 'pred(*previous, *i)'
Assertion failed on expression: 'pred(*previous, *i)'
Assertion failed on expression: 'pred(*previous, *i)'
Assertion failed on expression: 'pred(*previous, *i)'
Assertion failed on expression: 'pred(*previous, *i)'
Assertion failed on expression: 'pred(*previous, *i)'
Assertion failed on expression: 'pred(*previous, *i)'
Assertion failed on expression: 'pred(*previous, *i)'
Assertion failed on expression: 'pred(*previous, *i)'
Assertion failed on expression: 'pred(*previous, *i)'
Assertion failed on expression: 'pred(*previous, *i)'
Assertion failed on expression: 'pred(*previous, *i)'
Assertion failed on expression: 'pred(*previous, *i)'
Assertion failed on expression: 'pred(*previous, *i)'
Assertion failed on expression: 'pred(*previous, *i)'
Assertion failed on expression: 'pred(*previous, *i)'
Assertion failed on expression: 'pred(*previous, *i)'
Assertion failed on expression: 'pred(*previous, *i)'
Assertion failed on expression: 'pred(*previous, *i)'
Assertion failed on expression: 'pred(*previous, *i)'
Assertion failed on expression: 'pred(*previous, *i)'
Assertion failed on expression: 'pred(*previous, *i)'
Assertion failed on expression: 'pred(*previous, *i)'
Assertion failed on expression: 'pred(*previous, *i)'
Assertion failed on expression: 'pred(*previous, *i)'
Assertion failed on expression: 'pred(*previous, *i)'
Assertion failed on expression: 'pred(*previous, *i)'
Assertion failed on expression: 'pred(*previous, *i)'
Assertion failed on expression: 'pred(*previous, *i)'
Assertion failed on expression: 'pred(*previous, *i)'
Assertion failed on expression: 'pred(*previous, *i)'
Assertion failed on expression: 'pred(*previous, *i)'
Assertion failed on expression: 'pred(*previous, *i)'
Assertion failed on expression: 'pred(*previous, *i)'
Assertion failed on expression: 'pred(*previous, *i)'
Assertion failed on expression: 'pred(*previous, *i)'
Assertion failed on expression: 'pred(*previous, *i)'
Assertion failed on expression: 'pred(*previous, *i)'
Assertion failed on expression: 'pred(*previous, *i)'
Assertion failed on expression: 'pred(*previous, *i)'
Assertion failed on expression: 'pred(*previous, *i)'
Assertion failed on expression: 'pred(*previous, *i)'
Assertion failed on expression: 'pred(*previous, *i)'
Assertion failed on expression: 'pred(*previous, *i)'
Assertion failed on expression: 'pred(*previous, *i)'
Assertion failed on expression: 'pred(*previous, *i)'
Assertion failed on expression: 'pred(*previous, *i)'
Assertion failed on expression: 'pred(*previous, *i)'
Assertion failed on expression: 'pred(*previous, *i)'
Assertion failed on expression: 'pred(*previous, *i)'
Assertion failed on expression: 'pred(*previous, *i)'
Assertion failed on expression: 'pred(*previous, *i)'
Assertion failed on expression: 'pred(*previous, *i)'
Assertion failed on expression: 'pred(*previous, *i)'
Assertion failed on expression: 'pred(*previous, *i)'
Assertion failed on expression: 'pred(*previous, *i)'
Assertion failed on expression: 'pred(*previous, *i)'
Assertion failed on expression: 'pred(*previous, *i)'
Assertion failed on expression: 'pred(*previous, *i)'
Assertion failed on expression: 'pred(*previous, *i)'
Assertion failed on expression: 'pred(*previous, *i)'
Assertion failed on expression: 'pred(*previous, *i)'
Assertion failed on expression: 'pred(*previous, *i)'
Assertion failed on expression: 'pred(*previous, *i)'
Assertion failed on expression: 'pred(*previous, *i)'
Assertion failed on expression: 'pred(*previous, *i)'
Assertion failed on expression: 'pred(*previous, *i)'
Assertion failed on expression: 'pred(*previous, *i)'
Assertion failed on expression: 'pred(*previous, *i)'
Assertion failed on expression: 'pred(*previous, *i)'
Assertion failed on expression: 'pred(*previous, *i)'
Assertion failed on expression: 'pred(*previous, *i)'
Assertion failed on expression: 'pred(*previous, *i)'
Assertion failed on expression: 'pred(*previous, *i)'
Assertion failed on expression: 'pred(*previous, *i)'
Assertion failed on expression: 'pred(*previous, *i)'
Assertion failed on expression: 'pred(*previous, *i)'
Assertion failed on expression: 'pred(*previous, *i)'
Assertion failed on expression: 'pred(*previous, *i)'
Assertion failed on expression: 'pred(*previous, *i)'
Assertion failed on expression: 'pred(*previous, *i)'
Assertion failed on expression: 'pred(*previous, *i)'
Assertion failed on expression: 'pred(*previous, *i)'
Assertion failed on expression: 'pred(*previous, *i)'
Assertion failed on expression: 'pred(*previous, *i)'
Assertion failed on expression: 'pred(*previous, *i)'
Assertion failed on expression: 'pred(*previous, *i)'
Assertion failed on expression: 'pred(*previous, *i)'
Assertion failed on expression: 'pred(*previous, *i)'
Assertion failed on expression: 'pred(*previous, *i)'
Assertion failed on expression: 'pred(*previous, *i)'
Assertion failed on expression: 'pred(*previous, *i)'
Assertion failed on expression: 'pred(*previous, *i)'
Assertion failed on expression: 'pred(*previous, *i)'
Assertion failed on expression: 'pred(*previous, *i)'
Assertion failed on expression: 'pred(*previous, *i)'
Assertion failed on expression: 'pred(*previous, *i)'
Assertion failed on expression: 'pred(*previous, *i)'
Assertion failed on expression: 'pred(*previous, *i)'
Assertion failed on expression: 'pred(*previous, *i)'
Assertion failed on expression: 'pred(*previous, *i)'
Assertion failed on expression: 'pred(*previous, *i)'
Assertion failed on expression: 'pred(*previous, *i)'
Assertion failed on expression: 'pred(*previous, *i)'
Assertion failed on expression: 'pred(*previous, *i)'
Assertion failed on expression: 'pred(*previous, *i)'
Assertion failed on expression: 'pred(*previous, *i)'
Assertion failed on expression: 'pred(*previous, *i)'
Assertion failed on expression: 'pred(*previous, *i)'
Assertion failed on expression: 'pred(*previous, *i)'
Assertion failed on expression: 'pred(*previous, *i)'
Assertion failed on expression: 'pred(*previous, *i)'
Assertion failed on expression: 'pred(*previous, *i)'
Assertion failed on expression: 'pred(*previous, *i)'
Assertion failed on expression: 'pred(*previous, *i)'
Assertion failed on expression: 'pred(*previous, *i)'
Assertion failed on expression: 'pred(*previous, *i)'
Assertion failed on expression: 'pred(*previous, *i)'
Assertion failed on expression: 'pred(*previous, *i)'
Assertion failed on expression: 'pred(*previous, *i)'
Assertion failed on expression: 'pred(*previous, *i)'
Assertion failed on expression: 'pred(*previous, *i)'
Assertion failed on expression: 'pred(*previous, *i)'
Assertion failed on expression: 'pred(*previous, *i)'
Assertion failed on expression: 'pred(*previous, *i)'
Assertion failed on expression: 'pred(*previous, *i)'
Assertion failed on expression: 'pred(*previous, *i)'
Assertion failed on expression: 'pred(*previous, *i)'
Assertion failed on expression: 'pred(*previous, *i)'
Assertion failed on expression: 'pred(*previous, *i)'
Assertion failed on expression: 'pred(*previous, *i)'
Assertion failed on expression: 'pred(*previous, *i)'
Assertion failed on expression: 'pred(*previous, *i)'
Assertion failed on expression: 'pred(*previous, *i)'
Assertion failed on expression: 'pred(*previous, *i)'
Assertion failed on expression: 'pred(*previous, *i)'
Assertion failed on expression: 'pred(*previous, *i)'
Assertion failed on expression: 'pred(*previous, *i)'
Assertion failed on expression: 'pred(*previous, *i)'
Assertion failed on expression: 'pred(*previous, *i)'
Assertion failed on expression: 'pred(*previous, *i)'
Assertion failed on expression: 'pred(*previous, *i)'
Assertion failed on expression: 'pred(*previous, *i)'
Assertion failed on expression: 'pred(*previous, *i)'
Assertion failed on expression: 'pred(*previous, *i)'
Assertion failed on expression: 'pred(*previous, *i)'
Assertion failed on expression: 'pred(*previous, *i)'
Assertion failed on expression: 'pred(*previous, *i)'
Assertion failed on expression: 'pred(*previous, *i)'
Assertion failed on expression: 'pred(*previous, *i)'
Native extension for Android target not found
Native extension for WindowsStandalone target not found
Native extension for OSXStandalone target not found
[Package Manager] Failed to launch server process. Reason: Unity was launched with the -noUpm command-line argument
[Package Manager] Unable to send message (not connected to server process).
[Package Manager] Cannot connect to Unity Package Manager local server
Mono: successfully reloaded assembly
- Finished resetting the current domain, in  1.159 seconds
Domain Reload Profiling: 2363ms
	BeginReloadAssembly (330ms)
		ExecutionOrderSort (0ms)
		DisableScriptedObjects (18ms)
		BackupInstance (0ms)
		ReleaseScriptingObjects (0ms)
		CreateAndSetChildDomain (64ms)
	RebuildCommonClasses (50ms)
	RebuildNativeTypeToScriptingClass (17ms)
	initialDomainReloadingComplete (54ms)
	LoadAllAssembliesAndSetupDomain (753ms)
		LoadAssemblies (636ms)
		RebuildTransferFunctionScriptingTraits (0ms)
		AnalyzeDomain (262ms)
			TypeCache.Refresh (8ms)
				TypeCache.ScanAssembly (0ms)
			BuildScriptInfoCaches (229ms)
			ResolveRequiredComponents (20ms)
	FinalizeReload (1159ms)
		ReleaseScriptCaches (0ms)
		RebuildScriptCaches (0ms)
		SetupLoadedEditorAssemblies (875ms)
			LogAssemblyErrors (0ms)
			InitializePlatformSupportModulesInManaged (15ms)
			SetLoadedEditorAssemblies (6ms)
			BeforeProcessingInitializeOnLoad (233ms)
			ProcessInitializeOnLoadAttributes (503ms)
			ProcessInitializeOnLoadMethodAttributes (97ms)
			AfterProcessingInitializeOnLoad (19ms)
			EditorAssembliesLoaded (1ms)
		ExecutionOrderSort2 (0ms)
		AwakeInstancesAfterBackupRestoration (27ms)
Refreshing native plugins compatible for Editor in 5.08 ms, found 4 plugins.
Preloading 0 native plugins for Editor in 0.00 ms.
Unloading 34 Unused Serialized files (Serialized files now loaded: 0)
Unloading 6807 unused Assets / (7.5 MB). Loaded Objects now: 7509.
Memory consumption went from 150.4 MB to 142.9 MB.
Total: 15.777800 ms (FindLiveObjects: 0.875100 ms CreateObjectMapping: 1.511400 ms MarkObjects: 7.503100 ms  DeleteObjects: 5.886700 ms)

Prepare: number of updated asset objects reloaded= 0
