[Licensing::Module] Trying to connect to existing licensing client channel...
Built from '6000.2/staging' branch; Version is '6000.2.15f1 (0707b6d1e918) revision 460726'; Using compiler version '194234433'; Build Type 'Release'
OS: 'Windows 10  (10.0.19045) 64bit Professional' Language: 'es' Physical Memory: 16326 MB
BatchMode: 1, IsHumanControllingUs: 0, StartBugReporterOnCrash: 0, Is64bit: 1
Date: 2025-12-07T07:25:50Z
[Licensing::IpcConnector] Successfully connected to: "LicenseClient-Hector" at "2025-12-07T07:25:50.287005Z"

COMMAND LINE ARGUMENTS:
D:\Unity\6000.2.15f1\Editor\Unity.exe
-adb2
-batchMode
-noUpm
-name
AssetImportWorker1
-projectPath
D:/factorial-omega-win-64/MiniGame2D/MDRG-mini2D/MDRG_MiniGame1
-logFile
Logs/AssetImportWorker1.log
-srvPort
55826
-licensingIpc
LicenseClient-Hector
-job-worker-count
3
-background-job-worker-count
8
-gc-helper-count
1
-name
AssetImport
Successfully changed project path to: D:/factorial-omega-win-64/MiniGame2D/MDRG-mini2D/MDRG_MiniGame1
D:/factorial-omega-win-64/MiniGame2D/MDRG-mini2D/MDRG_MiniGame1
[UnityMemory] Configuration Parameters - Can be set up in boot.config
    "memorysetup-allocator-temp-initial-block-size-main=262144"
    "memorysetup-allocator-temp-initial-block-size-worker=262144"
    "memorysetup-bucket-allocator-granularity=16"
    "memorysetup-bucket-allocator-bucket-count=8"
    "memorysetup-bucket-allocator-block-size=33554432"
    "memorysetup-bucket-allocator-block-count=8"
    "memorysetup-main-allocator-block-size=16777216"
    "memorysetup-thread-allocator-block-size=16777216"
    "memorysetup-gfx-main-allocator-block-size=16777216"
    "memorysetup-gfx-thread-allocator-block-size=16777216"
    "memorysetup-cache-allocator-block-size=4194304"
    "memorysetup-typetree-allocator-block-size=2097152"
    "memorysetup-profiler-bucket-allocator-granularity=16"
    "memorysetup-profiler-bucket-allocator-bucket-count=8"
    "memorysetup-profiler-bucket-allocator-block-size=33554432"
    "memorysetup-profiler-bucket-allocator-block-count=8"
    "memorysetup-profiler-allocator-block-size=16777216"
    "memorysetup-profiler-editor-allocator-block-size=1048576"
    "memorysetup-temp-allocator-size-main=16777216"
    "memorysetup-job-temp-allocator-block-size=2097152"
    "memorysetup-job-temp-allocator-block-size-background=1048576"
    "memorysetup-job-temp-allocator-reduction-small-platforms=262144"
    "memorysetup-temp-allocator-size-background-worker=32768"
    "memorysetup-temp-allocator-size-job-worker=262144"
    "memorysetup-temp-allocator-size-preload-manager=33554432"
    "memorysetup-temp-allocator-size-nav-mesh-worker=65536"
    "memorysetup-temp-allocator-size-audio-worker=65536"
    "memorysetup-temp-allocator-size-cloud-worker=32768"
    "memorysetup-temp-allocator-size-gi-baking-worker=262144"
    "memorysetup-temp-allocator-size-gi-baking-worker=262144"
    "memorysetup-temp-allocator-size-gi-baking-worker=262144"
    "memorysetup-temp-allocator-size-gi-baking-worker=262144"
    "memorysetup-temp-allocator-size-gi-baking-worker=262144"
    "memorysetup-temp-allocator-size-gfx=262144"
Player connection [7104]  Target information:

Player connection [7104]  * "[IP] 192.168.1.39 [Port] 0 [Flags] 2 [Guid] 2242362927 [EditorId] 2242362927 [Version] 1048832 [Id] WindowsEditor(7,DESKTOP-G081KS2) [Debug] 1 [PackageName] WindowsEditor [ProjectName] Editor" 

Player connection [7104] Host joined multi-casting on [225.0.0.222:54997]...
Player connection [7104] Host joined alternative multi-casting on [225.0.0.222:34997]...
JobSystem: Creating JobQueue using job-worker-count value 3
Input System module state changed to: Initialized.
[Physics::Module] Initialized fallback backend.
[Physics::Module] Id: 0xdecafbad
Library Redirect Path: Library/
[Physics::Module] Selected backend.
[Physics::Module] Name: PhysX
[Physics::Module] Id: 0xf2b8ea05
[Physics::Module] SDK Version: 4.1.2
[Physics::Module] Integration Version: 1.0.0
[Physics::Module] Threading Mode: Multi-Threaded
Refreshing native plugins compatible for Editor in 11.56 ms, found 4 plugins.
Preloading 0 native plugins for Editor in 0.00 ms.
Initialize engine version: 6000.2.15f1 (0707b6d1e918)
[Subsystems] Discovering subsystems at path D:/Unity/6000.2.15f1/Editor/Data/Resources/UnitySubsystems
[Subsystems] Discovering subsystems at path D:/factorial-omega-win-64/MiniGame2D/MDRG-mini2D/MDRG_MiniGame1/Assets
GfxDevice: creating device client; kGfxThreadingModeNonThreaded
Direct3D:
    Version:  Direct3D 11.0 [level 11.1]
    Renderer: NVIDIA GeForce GTX 970 (ID=0x13c2)
    Vendor:   NVIDIA
    VRAM:     4030 MB
    Driver:   32.0.15.6094
Initialize mono
Mono path[0] = 'D:/Unity/6000.2.15f1/Editor/Data/Managed'
Mono path[1] = 'D:/Unity/6000.2.15f1/Editor/Data/MonoBleedingEdge/lib/mono/unityjit-win32'
Mono config path = 'D:/Unity/6000.2.15f1/Editor/Data/MonoBleedingEdge/etc'
Using monoOptions --debugger-agent=transport=dt_socket,embedding=1,server=y,suspend=n,address=127.0.0.1:56592
Begin MonoManager ReloadAssembly
Registering precompiled unity dll's ...
Register platform support module: D:/Unity/6000.2.15f1/Editor/Data/PlaybackEngines/WebGLSupport/UnityEditor.WebGL.Extensions.dll
Register platform support module: D:/Unity/6000.2.15f1/Editor/Data/PlaybackEngines/MacStandaloneSupport/UnityEditor.OSXStandalone.Extensions.dll
Register platform support module: D:/Unity/6000.2.15f1/Editor/Data/PlaybackEngines/WindowsStandaloneSupport/UnityEditor.WindowsStandalone.Extensions.dll
[Licensing::Module] Licensing is not yet initialized.
[Licensing::Client] Error: HandshakeResponse reported an error:
	ResponseCode: 505
	ResponseStatus: Unsupported protocol version '1.17.4'.
[Licensing::Module] Error: Failed to handshake to channel: "LicenseClient-Hector"
[Licensing::IpcConnector] LicenseClient-Hector channel disconnected successfully.
[Licensing::IpcConnector] Successfully connected to: "LicenseClient-Hector-6000.2.15" at "2025-12-07T07:25:52.4950387Z"
[Licensing::Client] Handshaking with LicensingClient:
  Version:                 1.17.4+4293ba1
  Session Id:              75f88dc6ae424a69afd9c34b9593cc8d
  Correlation Id:          2c3645a450efb788cfb51d688a779739
  External correlation Id: 1240037765013430136
  Machine Id:              XT8v1AEGxaRv6DD9oeST8EnIHBY=
[Licensing::Module] Successfully connected to LicensingClient on channel: "LicenseClient-Hector-6000.2.15" (connect: 0.00s, validation: 0.01s, handshake: 1.81s)
[Licensing::IpcConnector] Successfully connected to: "LicenseClient-Hector-6000.2.15-notifications" at "2025-12-07T07:25:54.3150183Z"
[Licensing::Module] Licensing Background thread has ended after 4.03s
[Licensing::Module] Licensing is initialized (took 2.86s).
[Licensing::Client] Successfully resolved entitlement details
[Licensing::Module] License group:
  Id: 2616096-UnityPersXXXX
  Product: Unity Personal
  Type: Assigned
  Expiration: Unlimited
Register platform support module: D:/Unity/6000.2.15f1/Editor/Data/PlaybackEngines/AndroidPlayer/UnityEditor.Android.Extensions.dll
Registered in 2.884077 seconds.
- Loaded All Assemblies, in  3.621 seconds
Native extension for Android target not found
Android Extension - Scanning For ADB Devices 357 ms
Native extension for WindowsStandalone target not found
Native extension for OSXStandalone target not found
Native extension for WebGL target not found
Mono: successfully reloaded assembly
- Finished resetting the current domain, in  0.964 seconds
Domain Reload Profiling: 4568ms
	BeginReloadAssembly (268ms)
		ExecutionOrderSort (0ms)
		DisableScriptedObjects (0ms)
		BackupInstance (0ms)
		ReleaseScriptingObjects (0ms)
		CreateAndSetChildDomain (1ms)
	RebuildCommonClasses (76ms)
	RebuildNativeTypeToScriptingClass (27ms)
	initialDomainReloadingComplete (2968ms)
	LoadAllAssembliesAndSetupDomain (266ms)
		LoadAssemblies (252ms)
		RebuildTransferFunctionScriptingTraits (0ms)
		AnalyzeDomain (261ms)
			TypeCache.Refresh (259ms)
				TypeCache.ScanAssembly (240ms)
			BuildScriptInfoCaches (0ms)
			ResolveRequiredComponents (1ms)
	FinalizeReload (965ms)
		ReleaseScriptCaches (0ms)
		RebuildScriptCaches (0ms)
		SetupLoadedEditorAssemblies (901ms)
			LogAssemblyErrors (0ms)
			InitializePlatformSupportModulesInManaged (517ms)
			SetLoadedEditorAssemblies (5ms)
			BeforeProcessingInitializeOnLoad (108ms)
			ProcessInitializeOnLoadAttributes (179ms)
			ProcessInitializeOnLoadMethodAttributes (92ms)
			AfterProcessingInitializeOnLoad (0ms)
			EditorAssembliesLoaded (0ms)
		ExecutionOrderSort2 (0ms)
		AwakeInstancesAfterBackupRestoration (0ms)
========================================================================
Worker process is ready to serve import requests
Import Worker Mode flag is 0x00
Begin MonoManager ReloadAssembly
[Licensing::Client] Successfully resolved entitlement details
- Loaded All Assemblies, in  1.419 seconds
Refreshing native plugins compatible for Editor in 4.14 ms, found 4 plugins.
Native extension for Android target not found
Native extension for WindowsStandalone target not found
Native extension for OSXStandalone target not found
Native extension for WebGL target not found
Package Manager log level set to [2]
[Package Manager] Failed to launch server process. Reason: Unity was launched with the -noUpm command-line argument
[Package Manager] Unable to send message (not connected to server process).
[Package Manager] Cannot connect to Unity Package Manager local server
Mono: successfully reloaded assembly
- Finished resetting the current domain, in  1.303 seconds
Domain Reload Profiling: 2689ms
	BeginReloadAssembly (293ms)
		ExecutionOrderSort (0ms)
		DisableScriptedObjects (12ms)
		BackupInstance (0ms)
		ReleaseScriptingObjects (0ms)
		CreateAndSetChildDomain (40ms)
	RebuildCommonClasses (62ms)
	RebuildNativeTypeToScriptingClass (24ms)
	initialDomainReloadingComplete (83ms)
	LoadAllAssembliesAndSetupDomain (923ms)
		LoadAssemblies (666ms)
		RebuildTransferFunctionScriptingTraits (0ms)
		AnalyzeDomain (416ms)
			TypeCache.Refresh (305ms)
				TypeCache.ScanAssembly (283ms)
			BuildScriptInfoCaches (92ms)
			ResolveRequiredComponents (15ms)
	FinalizeReload (1303ms)
		ReleaseScriptCaches (0ms)
		RebuildScriptCaches (0ms)
		SetupLoadedEditorAssemblies (1059ms)
			LogAssemblyErrors (0ms)
			InitializePlatformSupportModulesInManaged (16ms)
			SetLoadedEditorAssemblies (8ms)
			BeforeProcessingInitializeOnLoad (260ms)
			ProcessInitializeOnLoadAttributes (572ms)
			ProcessInitializeOnLoadMethodAttributes (182ms)
			AfterProcessingInitializeOnLoad (21ms)
			EditorAssembliesLoaded (0ms)
		ExecutionOrderSort2 (0ms)
		AwakeInstancesAfterBackupRestoration (17ms)
Launched and connected shader compiler UnityShaderCompiler.exe after 0.02 seconds
Refreshing native plugins compatible for Editor in 4.27 ms, found 4 plugins.
Preloading 0 native plugins for Editor in 0.00 ms.
Unloading 14 Unused Serialized files (Serialized files now loaded: 0)
Unloading 6792 unused Assets / (5.3 MB). Loaded Objects now: 7523.
Memory consumption went from 139.2 MB to 133.9 MB.
Total: 14.190200 ms (FindLiveObjects: 0.980900 ms CreateObjectMapping: 1.123100 ms MarkObjects: 8.362100 ms  DeleteObjects: 3.722900 ms)

========================================================================
Received Import Request.
  Time since last request: 914738.246733 seconds.
  path: Assets/2D/UI/ShootingPanel.png
  artifactKey: Guid(e1e9edaebc1194847b1ce0c0f5ac13f6) Importer(815301076,1909f56bfc062723c751e8b465ee728b)
Start importing Assets/2D/UI/ShootingPanel.png using Guid(e1e9edaebc1194847b1ce0c0f5ac13f6) Importer(815301076,1909f56bfc062723c751e8b465ee728b) (PreviewImporter) -> (artifact id: '064633ccbedf52dc1ffce03073da0d27') in 0.1245608 seconds
Number of updated asset objects reloaded before import = 0Number of asset objects unloaded after import = 3

========================================================================
Received Prepare
Refreshing native plugins compatible for Editor in 4.72 ms, found 4 plugins.
Preloading 0 native plugins for Editor in 0.00 ms.
Unloading 14 Unused Serialized files (Serialized files now loaded: 0)
Unloading 6780 unused Assets / (4.7 MB). Loaded Objects now: 7532.
Memory consumption went from 142.8 MB to 138.1 MB.
Total: 14.933600 ms (FindLiveObjects: 0.860100 ms CreateObjectMapping: 1.355400 ms MarkObjects: 9.493400 ms  DeleteObjects: 3.223200 ms)

Prepare: number of updated asset objects reloaded= 0
========================================================================
Received Prepare
Begin MonoManager ReloadAssembly
[Licensing::Client] Successfully resolved entitlement details
- Loaded All Assemblies, in  1.430 seconds
Refreshing native plugins compatible for Editor in 4.01 ms, found 4 plugins.
Native extension for Android target not found
Native extension for WindowsStandalone target not found
Native extension for OSXStandalone target not found
Native extension for WebGL target not found
[Package Manager] Failed to launch server process. Reason: Unity was launched with the -noUpm command-line argument
[Package Manager] Unable to send message (not connected to server process).
[Package Manager] Cannot connect to Unity Package Manager local server
Mono: successfully reloaded assembly
- Finished resetting the current domain, in  1.023 seconds
Domain Reload Profiling: 2431ms
	BeginReloadAssembly (450ms)
		ExecutionOrderSort (0ms)
		DisableScriptedObjects (19ms)
		BackupInstance (0ms)
		ReleaseScriptingObjects (0ms)
		CreateAndSetChildDomain (79ms)
	RebuildCommonClasses (64ms)
	RebuildNativeTypeToScriptingClass (25ms)
	initialDomainReloadingComplete (70ms)
	LoadAllAssembliesAndSetupDomain (799ms)
		LoadAssemblies (765ms)
		RebuildTransferFunctionScriptingTraits (0ms)
		AnalyzeDomain (271ms)
			TypeCache.Refresh (11ms)
				TypeCache.ScanAssembly (0ms)
			BuildScriptInfoCaches (240ms)
			ResolveRequiredComponents (16ms)
	FinalizeReload (1023ms)
		ReleaseScriptCaches (0ms)
		RebuildScriptCaches (0ms)
		SetupLoadedEditorAssemblies (802ms)
			LogAssemblyErrors (0ms)
			InitializePlatformSupportModulesInManaged (16ms)
			SetLoadedEditorAssemblies (9ms)
			BeforeProcessingInitializeOnLoad (215ms)
			ProcessInitializeOnLoadAttributes (448ms)
			ProcessInitializeOnLoadMethodAttributes (89ms)
			AfterProcessingInitializeOnLoad (24ms)
			EditorAssembliesLoaded (1ms)
		ExecutionOrderSort2 (0ms)
		AwakeInstancesAfterBackupRestoration (27ms)
Refreshing native plugins compatible for Editor in 4.23 ms, found 4 plugins.
Preloading 0 native plugins for Editor in 0.00 ms.
Unloading 14 Unused Serialized files (Serialized files now loaded: 0)
Unloading 6790 unused Assets / (4.6 MB). Loaded Objects now: 7535.
Memory consumption went from 145.8 MB to 141.2 MB.
Total: 13.002700 ms (FindLiveObjects: 1.379700 ms CreateObjectMapping: 1.118500 ms MarkObjects: 7.556300 ms  DeleteObjects: 2.947200 ms)

Prepare: number of updated asset objects reloaded= 0
========================================================================
Received Prepare
Begin MonoManager ReloadAssembly
- Loaded All Assemblies, in  1.232 seconds
Refreshing native plugins compatible for Editor in 4.86 ms, found 4 plugins.
Native extension for Android target not found
Native extension for WindowsStandalone target not found
Native extension for OSXStandalone target not found
Native extension for WebGL target not found
[Package Manager] Failed to launch server process. Reason: Unity was launched with the -noUpm command-line argument
[Package Manager] Unable to send message (not connected to server process).
[Package Manager] Cannot connect to Unity Package Manager local server
Mono: successfully reloaded assembly
- Finished resetting the current domain, in  1.242 seconds
Domain Reload Profiling: 2453ms
	BeginReloadAssembly (326ms)
		ExecutionOrderSort (0ms)
		DisableScriptedObjects (18ms)
		BackupInstance (0ms)
		ReleaseScriptingObjects (0ms)
		CreateAndSetChildDomain (69ms)
	RebuildCommonClasses (59ms)
	RebuildNativeTypeToScriptingClass (17ms)
	initialDomainReloadingComplete (60ms)
	LoadAllAssembliesAndSetupDomain (748ms)
		LoadAssemblies (615ms)
		RebuildTransferFunctionScriptingTraits (0ms)
		AnalyzeDomain (277ms)
			TypeCache.Refresh (10ms)
				TypeCache.ScanAssembly (0ms)
			BuildScriptInfoCaches (247ms)
			ResolveRequiredComponents (15ms)
	FinalizeReload (1243ms)
		ReleaseScriptCaches (0ms)
		RebuildScriptCaches (0ms)
		SetupLoadedEditorAssemblies (955ms)
			LogAssemblyErrors (0ms)
			InitializePlatformSupportModulesInManaged (18ms)
			SetLoadedEditorAssemblies (10ms)
			BeforeProcessingInitializeOnLoad (274ms)
			ProcessInitializeOnLoadAttributes (528ms)
			ProcessInitializeOnLoadMethodAttributes (103ms)
			AfterProcessingInitializeOnLoad (21ms)
			EditorAssembliesLoaded (0ms)
		ExecutionOrderSort2 (0ms)
		AwakeInstancesAfterBackupRestoration (31ms)
Refreshing native plugins compatible for Editor in 5.68 ms, found 4 plugins.
Preloading 0 native plugins for Editor in 0.00 ms.
Unloading 14 Unused Serialized files (Serialized files now loaded: 0)
Unloading 6790 unused Assets / (5.0 MB). Loaded Objects now: 7538.
Memory consumption went from 145.8 MB to 140.8 MB.
Total: 13.259100 ms (FindLiveObjects: 0.802500 ms CreateObjectMapping: 1.351700 ms MarkObjects: 7.733000 ms  DeleteObjects: 3.370800 ms)

Prepare: number of updated asset objects reloaded= 0
========================================================================
Received Prepare
Begin MonoManager ReloadAssembly
- Loaded All Assemblies, in  1.235 seconds
Refreshing native plugins compatible for Editor in 5.35 ms, found 4 plugins.
Native extension for Android target not found
Native extension for WindowsStandalone target not found
Native extension for OSXStandalone target not found
Native extension for WebGL target not found
[Package Manager] Failed to launch server process. Reason: Unity was launched with the -noUpm command-line argument
[Package Manager] Unable to send message (not connected to server process).
[Package Manager] Cannot connect to Unity Package Manager local server
Mono: successfully reloaded assembly
- Finished resetting the current domain, in  1.215 seconds
Domain Reload Profiling: 2428ms
	BeginReloadAssembly (320ms)
		ExecutionOrderSort (0ms)
		DisableScriptedObjects (18ms)
		BackupInstance (0ms)
		ReleaseScriptingObjects (0ms)
		CreateAndSetChildDomain (69ms)
	RebuildCommonClasses (52ms)
	RebuildNativeTypeToScriptingClass (18ms)
	initialDomainReloadingComplete (51ms)
	LoadAllAssembliesAndSetupDomain (771ms)
		LoadAssemblies (637ms)
		RebuildTransferFunctionScriptingTraits (0ms)
		AnalyzeDomain (277ms)
			TypeCache.Refresh (8ms)
				TypeCache.ScanAssembly (0ms)
			BuildScriptInfoCaches (250ms)
			ResolveRequiredComponents (14ms)
	FinalizeReload (1216ms)
		ReleaseScriptCaches (0ms)
		RebuildScriptCaches (0ms)
		SetupLoadedEditorAssemblies (938ms)
			LogAssemblyErrors (0ms)
			InitializePlatformSupportModulesInManaged (21ms)
			SetLoadedEditorAssemblies (8ms)
			BeforeProcessingInitializeOnLoad (262ms)
			ProcessInitializeOnLoadAttributes (525ms)
			ProcessInitializeOnLoadMethodAttributes (99ms)
			AfterProcessingInitializeOnLoad (22ms)
			EditorAssembliesLoaded (0ms)
		ExecutionOrderSort2 (0ms)
		AwakeInstancesAfterBackupRestoration (30ms)
Refreshing native plugins compatible for Editor in 4.67 ms, found 4 plugins.
Preloading 0 native plugins for Editor in 0.00 ms.
Unloading 14 Unused Serialized files (Serialized files now loaded: 0)
Unloading 6790 unused Assets / (4.2 MB). Loaded Objects now: 7541.
Memory consumption went from 145.9 MB to 141.6 MB.
Total: 12.319700 ms (FindLiveObjects: 0.761400 ms CreateObjectMapping: 0.857500 ms MarkObjects: 7.840000 ms  DeleteObjects: 2.860000 ms)

Prepare: number of updated asset objects reloaded= 0
========================================================================
Received Prepare
Begin MonoManager ReloadAssembly
[Licensing::Client] Successfully resolved entitlement details
- Loaded All Assemblies, in  1.293 seconds
Refreshing native plugins compatible for Editor in 4.66 ms, found 4 plugins.
Native extension for Android target not found
Native extension for WindowsStandalone target not found
Native extension for OSXStandalone target not found
Native extension for WebGL target not found
[Package Manager] Failed to launch server process. Reason: Unity was launched with the -noUpm command-line argument
[Package Manager] Unable to send message (not connected to server process).
[Package Manager] Cannot connect to Unity Package Manager local server
Mono: successfully reloaded assembly
- Finished resetting the current domain, in  1.139 seconds
Domain Reload Profiling: 2412ms
	BeginReloadAssembly (321ms)
		ExecutionOrderSort (0ms)
		DisableScriptedObjects (20ms)
		BackupInstance (0ms)
		ReleaseScriptingObjects (0ms)
		CreateAndSetChildDomain (59ms)
	RebuildCommonClasses (48ms)
	RebuildNativeTypeToScriptingClass (18ms)
	initialDomainReloadingComplete (53ms)
	LoadAllAssembliesAndSetupDomain (832ms)
		LoadAssemblies (635ms)
		RebuildTransferFunctionScriptingTraits (0ms)
		AnalyzeDomain (338ms)
			TypeCache.Refresh (10ms)
				TypeCache.ScanAssembly (0ms)
			BuildScriptInfoCaches (309ms)
			ResolveRequiredComponents (14ms)
	FinalizeReload (1140ms)
		ReleaseScriptCaches (0ms)
		RebuildScriptCaches (0ms)
		SetupLoadedEditorAssemblies (895ms)
			LogAssemblyErrors (0ms)
			InitializePlatformSupportModulesInManaged (18ms)
			SetLoadedEditorAssemblies (7ms)
			BeforeProcessingInitializeOnLoad (238ms)
			ProcessInitializeOnLoadAttributes (516ms)
			ProcessInitializeOnLoadMethodAttributes (94ms)
			AfterProcessingInitializeOnLoad (21ms)
			EditorAssembliesLoaded (1ms)
		ExecutionOrderSort2 (0ms)
		AwakeInstancesAfterBackupRestoration (28ms)
Refreshing native plugins compatible for Editor in 4.20 ms, found 4 plugins.
Preloading 0 native plugins for Editor in 0.00 ms.
Unloading 14 Unused Serialized files (Serialized files now loaded: 0)
Unloading 6790 unused Assets / (4.4 MB). Loaded Objects now: 7544.
Memory consumption went from 145.9 MB to 141.5 MB.
Total: 9.037000 ms (FindLiveObjects: 0.774300 ms CreateObjectMapping: 0.649600 ms MarkObjects: 5.113400 ms  DeleteObjects: 2.498900 ms)

Prepare: number of updated asset objects reloaded= 0
========================================================================
Received Prepare
Refreshing native plugins compatible for Editor in 4.12 ms, found 4 plugins.
Preloading 0 native plugins for Editor in 0.00 ms.
Unloading 14 Unused Serialized files (Serialized files now loaded: 0)
Unloading 6780 unused Assets / (4.2 MB). Loaded Objects now: 7544.
Memory consumption went from 146.1 MB to 141.8 MB.
Total: 9.456000 ms (FindLiveObjects: 0.768400 ms CreateObjectMapping: 0.598500 ms MarkObjects: 5.674700 ms  DeleteObjects: 2.413500 ms)

Prepare: number of updated asset objects reloaded= 0
========================================================================
Received Prepare
Begin MonoManager ReloadAssembly
[Licensing::Client] Successfully resolved entitlement details
- Loaded All Assemblies, in  1.266 seconds
Refreshing native plugins compatible for Editor in 4.63 ms, found 4 plugins.
Native extension for Android target not found
Native extension for WindowsStandalone target not found
Native extension for OSXStandalone target not found
Native extension for WebGL target not found
[Package Manager] Failed to launch server process. Reason: Unity was launched with the -noUpm command-line argument
[Package Manager] Unable to send message (not connected to server process).
[Package Manager] Cannot connect to Unity Package Manager local server
Mono: successfully reloaded assembly
- Finished resetting the current domain, in  1.077 seconds
Domain Reload Profiling: 2317ms
	BeginReloadAssembly (333ms)
		ExecutionOrderSort (0ms)
		DisableScriptedObjects (22ms)
		BackupInstance (0ms)
		ReleaseScriptingObjects (0ms)
		CreateAndSetChildDomain (62ms)
	RebuildCommonClasses (48ms)
	RebuildNativeTypeToScriptingClass (22ms)
	initialDomainReloadingComplete (55ms)
	LoadAllAssembliesAndSetupDomain (781ms)
		LoadAssemblies (637ms)
		RebuildTransferFunctionScriptingTraits (0ms)
		AnalyzeDomain (288ms)
			TypeCache.Refresh (12ms)
				TypeCache.ScanAssembly (0ms)
			BuildScriptInfoCaches (254ms)
			ResolveRequiredComponents (17ms)
	FinalizeReload (1077ms)
		ReleaseScriptCaches (0ms)
		RebuildScriptCaches (0ms)
		SetupLoadedEditorAssemblies (835ms)
			LogAssemblyErrors (0ms)
			InitializePlatformSupportModulesInManaged (19ms)
			SetLoadedEditorAssemblies (7ms)
			BeforeProcessingInitializeOnLoad (217ms)
			ProcessInitializeOnLoadAttributes (479ms)
			ProcessInitializeOnLoadMethodAttributes (91ms)
			AfterProcessingInitializeOnLoad (21ms)
			EditorAssembliesLoaded (0ms)
		ExecutionOrderSort2 (0ms)
		AwakeInstancesAfterBackupRestoration (26ms)
Refreshing native plugins compatible for Editor in 4.07 ms, found 4 plugins.
Preloading 0 native plugins for Editor in 0.00 ms.
Unloading 14 Unused Serialized files (Serialized files now loaded: 0)
Unloading 6790 unused Assets / (4.3 MB). Loaded Objects now: 7547.
Memory consumption went from 145.9 MB to 141.6 MB.
Total: 11.016600 ms (FindLiveObjects: 0.764600 ms CreateObjectMapping: 0.737400 ms MarkObjects: 7.174800 ms  DeleteObjects: 2.339000 ms)

Prepare: number of updated asset objects reloaded= 0
========================================================================
Received Prepare
Begin MonoManager ReloadAssembly
- Loaded All Assemblies, in  1.233 seconds
Refreshing native plugins compatible for Editor in 4.06 ms, found 4 plugins.
Native extension for Android target not found
Native extension for WindowsStandalone target not found
Native extension for OSXStandalone target not found
Native extension for WebGL target not found
[Package Manager] Failed to launch server process. Reason: Unity was launched with the -noUpm command-line argument
[Package Manager] Unable to send message (not connected to server process).
[Package Manager] Cannot connect to Unity Package Manager local server
Mono: successfully reloaded assembly
- Finished resetting the current domain, in  1.118 seconds
Domain Reload Profiling: 2331ms
	BeginReloadAssembly (332ms)
		ExecutionOrderSort (0ms)
		DisableScriptedObjects (22ms)
		BackupInstance (0ms)
		ReleaseScriptingObjects (0ms)
		CreateAndSetChildDomain (60ms)
	RebuildCommonClasses (49ms)
	RebuildNativeTypeToScriptingClass (17ms)
	initialDomainReloadingComplete (52ms)
	LoadAllAssembliesAndSetupDomain (763ms)
		LoadAssemblies (620ms)
		RebuildTransferFunctionScriptingTraits (0ms)
		AnalyzeDomain (289ms)
			TypeCache.Refresh (9ms)
				TypeCache.ScanAssembly (0ms)
			BuildScriptInfoCaches (258ms)
			ResolveRequiredComponents (17ms)
	FinalizeReload (1119ms)
		ReleaseScriptCaches (0ms)
		RebuildScriptCaches (0ms)
		SetupLoadedEditorAssemblies (879ms)
			LogAssemblyErrors (0ms)
			InitializePlatformSupportModulesInManaged (16ms)
			SetLoadedEditorAssemblies (6ms)
			BeforeProcessingInitializeOnLoad (247ms)
			ProcessInitializeOnLoadAttributes (491ms)
			ProcessInitializeOnLoadMethodAttributes (96ms)
			AfterProcessingInitializeOnLoad (22ms)
			EditorAssembliesLoaded (0ms)
		ExecutionOrderSort2 (0ms)
		AwakeInstancesAfterBackupRestoration (27ms)
Refreshing native plugins compatible for Editor in 4.09 ms, found 4 plugins.
Preloading 0 native plugins for Editor in 0.00 ms.
Unloading 14 Unused Serialized files (Serialized files now loaded: 0)
Unloading 6790 unused Assets / (4.4 MB). Loaded Objects now: 7550.
Memory consumption went from 146.0 MB to 141.6 MB.
Total: 10.578600 ms (FindLiveObjects: 0.760000 ms CreateObjectMapping: 0.684400 ms MarkObjects: 6.678700 ms  DeleteObjects: 2.454300 ms)

Prepare: number of updated asset objects reloaded= 0
========================================================================
Received Prepare
Refreshing native plugins compatible for Editor in 6.48 ms, found 4 plugins.
Preloading 0 native plugins for Editor in 0.00 ms.
Unloading 14 Unused Serialized files (Serialized files now loaded: 0)
Unloading 6780 unused Assets / (3.6 MB). Loaded Objects now: 7550.
Memory consumption went from 146.1 MB to 142.5 MB.
Total: 16.032800 ms (FindLiveObjects: 1.391500 ms CreateObjectMapping: 1.463200 ms MarkObjects: 9.817300 ms  DeleteObjects: 3.359100 ms)

Prepare: number of updated asset objects reloaded= 0
========================================================================
Received Prepare
Begin MonoManager ReloadAssembly
[Licensing::Client] Successfully resolved entitlement details
- Loaded All Assemblies, in  1.302 seconds
Refreshing native plugins compatible for Editor in 5.43 ms, found 4 plugins.
Native extension for Android target not found
Native extension for WindowsStandalone target not found
Native extension for OSXStandalone target not found
Native extension for WebGL target not found
[Package Manager] Failed to launch server process. Reason: Unity was launched with the -noUpm command-line argument
[Package Manager] Unable to send message (not connected to server process).
[Package Manager] Cannot connect to Unity Package Manager local server
Mono: successfully reloaded assembly
- Finished resetting the current domain, in  0.967 seconds
Domain Reload Profiling: 2245ms
	BeginReloadAssembly (371ms)
		ExecutionOrderSort (0ms)
		DisableScriptedObjects (20ms)
		BackupInstance (0ms)
		ReleaseScriptingObjects (0ms)
		CreateAndSetChildDomain (86ms)
	RebuildCommonClasses (51ms)
	RebuildNativeTypeToScriptingClass (18ms)
	initialDomainReloadingComplete (59ms)
	LoadAllAssembliesAndSetupDomain (779ms)
		LoadAssemblies (644ms)
		RebuildTransferFunctionScriptingTraits (0ms)
		AnalyzeDomain (287ms)
			TypeCache.Refresh (12ms)
				TypeCache.ScanAssembly (0ms)
			BuildScriptInfoCaches (256ms)
			ResolveRequiredComponents (14ms)
	FinalizeReload (967ms)
		ReleaseScriptCaches (0ms)
		RebuildScriptCaches (0ms)
		SetupLoadedEditorAssemblies (757ms)
			LogAssemblyErrors (0ms)
			InitializePlatformSupportModulesInManaged (16ms)
			SetLoadedEditorAssemblies (7ms)
			BeforeProcessingInitializeOnLoad (212ms)
			ProcessInitializeOnLoadAttributes (429ms)
			ProcessInitializeOnLoadMethodAttributes (75ms)
			AfterProcessingInitializeOnLoad (19ms)
			EditorAssembliesLoaded (0ms)
		ExecutionOrderSort2 (0ms)
		AwakeInstancesAfterBackupRestoration (23ms)
Refreshing native plugins compatible for Editor in 4.19 ms, found 4 plugins.
Preloading 0 native plugins for Editor in 0.00 ms.
Unloading 14 Unused Serialized files (Serialized files now loaded: 0)
Unloading 6790 unused Assets / (4.9 MB). Loaded Objects now: 7553.
Memory consumption went from 146.0 MB to 141.1 MB.
Total: 10.472100 ms (FindLiveObjects: 0.785100 ms CreateObjectMapping: 0.604200 ms MarkObjects: 5.627600 ms  DeleteObjects: 3.454300 ms)

Prepare: number of updated asset objects reloaded= 0
========================================================================
Received Prepare
Refreshing native plugins compatible for Editor in 7.56 ms, found 4 plugins.
Preloading 0 native plugins for Editor in 0.00 ms.
Unloading 14 Unused Serialized files (Serialized files now loaded: 0)
Unloading 6780 unused Assets / (3.7 MB). Loaded Objects now: 7553.
Memory consumption went from 146.2 MB to 142.5 MB.
Total: 18.549300 ms (FindLiveObjects: 1.995200 ms CreateObjectMapping: 2.339500 ms MarkObjects: 9.398000 ms  DeleteObjects: 4.815200 ms)

Prepare: number of updated asset objects reloaded= 0
========================================================================
Received Prepare
Begin MonoManager ReloadAssembly
[Licensing::Client] Successfully resolved entitlement details
- Loaded All Assemblies, in  1.266 seconds
Refreshing native plugins compatible for Editor in 4.29 ms, found 4 plugins.
Native extension for Android target not found
Native extension for WindowsStandalone target not found
Native extension for OSXStandalone target not found
Native extension for WebGL target not found
[Package Manager] Failed to launch server process. Reason: Unity was launched with the -noUpm command-line argument
[Package Manager] Unable to send message (not connected to server process).
[Package Manager] Cannot connect to Unity Package Manager local server
Mono: successfully reloaded assembly
- Finished resetting the current domain, in  1.014 seconds
Domain Reload Profiling: 2260ms
	BeginReloadAssembly (342ms)
		ExecutionOrderSort (0ms)
		DisableScriptedObjects (19ms)
		BackupInstance (0ms)
		ReleaseScriptingObjects (0ms)
		CreateAndSetChildDomain (63ms)
	RebuildCommonClasses (51ms)
	RebuildNativeTypeToScriptingClass (21ms)
	initialDomainReloadingComplete (55ms)
	LoadAllAssembliesAndSetupDomain (777ms)
		LoadAssemblies (633ms)
		RebuildTransferFunctionScriptingTraits (0ms)
		AnalyzeDomain (291ms)
			TypeCache.Refresh (14ms)
				TypeCache.ScanAssembly (1ms)
			BuildScriptInfoCaches (258ms)
			ResolveRequiredComponents (14ms)
	FinalizeReload (1015ms)
		ReleaseScriptCaches (0ms)
		RebuildScriptCaches (0ms)
		SetupLoadedEditorAssemblies (772ms)
			LogAssemblyErrors (0ms)
			InitializePlatformSupportModulesInManaged (16ms)
			SetLoadedEditorAssemblies (6ms)
			BeforeProcessingInitializeOnLoad (210ms)
			ProcessInitializeOnLoadAttributes (438ms)
			ProcessInitializeOnLoadMethodAttributes (83ms)
			AfterProcessingInitializeOnLoad (19ms)
			EditorAssembliesLoaded (0ms)
		ExecutionOrderSort2 (0ms)
		AwakeInstancesAfterBackupRestoration (24ms)
Refreshing native plugins compatible for Editor in 4.32 ms, found 4 plugins.
Preloading 0 native plugins for Editor in 0.00 ms.
Unloading 14 Unused Serialized files (Serialized files now loaded: 0)
Unloading 6790 unused Assets / (4.2 MB). Loaded Objects now: 7556.
Memory consumption went from 146.1 MB to 141.8 MB.
Total: 9.440200 ms (FindLiveObjects: 0.805600 ms CreateObjectMapping: 1.316400 ms MarkObjects: 4.944400 ms  DeleteObjects: 2.372700 ms)

Prepare: number of updated asset objects reloaded= 0
========================================================================
Received Prepare
Refreshing native plugins compatible for Editor in 4.41 ms, found 4 plugins.
Preloading 0 native plugins for Editor in 0.00 ms.
Unloading 14 Unused Serialized files (Serialized files now loaded: 0)
Unloading 6780 unused Assets / (4.2 MB). Loaded Objects now: 7556.
Memory consumption went from 146.2 MB to 142.0 MB.
Total: 18.829400 ms (FindLiveObjects: 1.346600 ms CreateObjectMapping: 1.521300 ms MarkObjects: 12.022100 ms  DeleteObjects: 3.938200 ms)

Prepare: number of updated asset objects reloaded= 0
========================================================================
Received Prepare
Begin MonoManager ReloadAssembly
[Licensing::Client] Successfully resolved entitlement details
- Loaded All Assemblies, in  1.323 seconds
Refreshing native plugins compatible for Editor in 4.64 ms, found 4 plugins.
Native extension for Android target not found
Native extension for WindowsStandalone target not found
Native extension for OSXStandalone target not found
Native extension for WebGL target not found
[Package Manager] Failed to launch server process. Reason: Unity was launched with the -noUpm command-line argument
[Package Manager] Unable to send message (not connected to server process).
[Package Manager] Cannot connect to Unity Package Manager local server
Mono: successfully reloaded assembly
- Finished resetting the current domain, in  1.059 seconds
Domain Reload Profiling: 2362ms
	BeginReloadAssembly (325ms)
		ExecutionOrderSort (0ms)
		DisableScriptedObjects (20ms)
		BackupInstance (0ms)
		ReleaseScriptingObjects (0ms)
		CreateAndSetChildDomain (61ms)
	RebuildCommonClasses (49ms)
	RebuildNativeTypeToScriptingClass (18ms)
	initialDomainReloadingComplete (57ms)
	LoadAllAssembliesAndSetupDomain (852ms)
		LoadAssemblies (678ms)
		RebuildTransferFunctionScriptingTraits (0ms)
		AnalyzeDomain (315ms)
			TypeCache.Refresh (12ms)
				TypeCache.ScanAssembly (0ms)
			BuildScriptInfoCaches (285ms)
			ResolveRequiredComponents (14ms)
	FinalizeReload (1060ms)
		ReleaseScriptCaches (0ms)
		RebuildScriptCaches (0ms)
		SetupLoadedEditorAssemblies (801ms)
			LogAssemblyErrors (0ms)
			InitializePlatformSupportModulesInManaged (20ms)
			SetLoadedEditorAssemblies (8ms)
			BeforeProcessingInitializeOnLoad (227ms)
			ProcessInitializeOnLoadAttributes (450ms)
			ProcessInitializeOnLoadMethodAttributes (76ms)
			AfterProcessingInitializeOnLoad (19ms)
			EditorAssembliesLoaded (0ms)
		ExecutionOrderSort2 (0ms)
		AwakeInstancesAfterBackupRestoration (24ms)
Refreshing native plugins compatible for Editor in 5.05 ms, found 4 plugins.
Preloading 0 native plugins for Editor in 0.00 ms.
Unloading 14 Unused Serialized files (Serialized files now loaded: 0)
Unloading 6790 unused Assets / (4.1 MB). Loaded Objects now: 7559.
Memory consumption went from 146.1 MB to 142.0 MB.
Total: 12.940200 ms (FindLiveObjects: 0.998600 ms CreateObjectMapping: 1.556800 ms MarkObjects: 7.500700 ms  DeleteObjects: 2.882900 ms)

Prepare: number of updated asset objects reloaded= 0
========================================================================
Received Prepare
Begin MonoManager ReloadAssembly
- Loaded All Assemblies, in  1.286 seconds
Refreshing native plugins compatible for Editor in 4.29 ms, found 4 plugins.
Native extension for Android target not found
Native extension for WindowsStandalone target not found
Native extension for OSXStandalone target not found
Native extension for WebGL target not found
[Package Manager] Failed to launch server process. Reason: Unity was launched with the -noUpm command-line argument
[Package Manager] Unable to send message (not connected to server process).
[Package Manager] Cannot connect to Unity Package Manager local server
Mono: successfully reloaded assembly
- Finished resetting the current domain, in  1.175 seconds
Domain Reload Profiling: 2439ms
	BeginReloadAssembly (328ms)
		ExecutionOrderSort (0ms)
		DisableScriptedObjects (18ms)
		BackupInstance (0ms)
		ReleaseScriptingObjects (0ms)
		CreateAndSetChildDomain (70ms)
	RebuildCommonClasses (56ms)
	RebuildNativeTypeToScriptingClass (18ms)
	initialDomainReloadingComplete (52ms)
	LoadAllAssembliesAndSetupDomain (809ms)
		LoadAssemblies (655ms)
		RebuildTransferFunctionScriptingTraits (0ms)
		AnalyzeDomain (293ms)
			TypeCache.Refresh (9ms)
				TypeCache.ScanAssembly (0ms)
			BuildScriptInfoCaches (264ms)
			ResolveRequiredComponents (16ms)
	FinalizeReload (1176ms)
		ReleaseScriptCaches (0ms)
		RebuildScriptCaches (0ms)
		SetupLoadedEditorAssemblies (915ms)
			LogAssemblyErrors (0ms)
			InitializePlatformSupportModulesInManaged (18ms)
			SetLoadedEditorAssemblies (8ms)
			BeforeProcessingInitializeOnLoad (269ms)
			ProcessInitializeOnLoadAttributes (503ms)
			ProcessInitializeOnLoadMethodAttributes (92ms)
			AfterProcessingInitializeOnLoad (25ms)
			EditorAssembliesLoaded (0ms)
		ExecutionOrderSort2 (0ms)
		AwakeInstancesAfterBackupRestoration (24ms)
Refreshing native plugins compatible for Editor in 4.08 ms, found 4 plugins.
Preloading 0 native plugins for Editor in 0.00 ms.
Unloading 14 Unused Serialized files (Serialized files now loaded: 0)
Unloading 6790 unused Assets / (4.6 MB). Loaded Objects now: 7562.
Memory consumption went from 146.1 MB to 141.6 MB.
Total: 12.265900 ms (FindLiveObjects: 0.776200 ms CreateObjectMapping: 1.210100 ms MarkObjects: 7.460300 ms  DeleteObjects: 2.818400 ms)

Prepare: number of updated asset objects reloaded= 0
========================================================================
Received Prepare
Begin MonoManager ReloadAssembly
- Loaded All Assemblies, in  1.222 seconds
Refreshing native plugins compatible for Editor in 4.20 ms, found 4 plugins.
Native extension for Android target not found
Native extension for WindowsStandalone target not found
Native extension for OSXStandalone target not found
Native extension for WebGL target not found
[Package Manager] Failed to launch server process. Reason: Unity was launched with the -noUpm command-line argument
[Package Manager] Unable to send message (not connected to server process).
[Package Manager] Cannot connect to Unity Package Manager local server
Mono: successfully reloaded assembly
- Finished resetting the current domain, in  1.224 seconds
Domain Reload Profiling: 2423ms
	BeginReloadAssembly (313ms)
		ExecutionOrderSort (0ms)
		DisableScriptedObjects (18ms)
		BackupInstance (0ms)
		ReleaseScriptingObjects (0ms)
		CreateAndSetChildDomain (64ms)
	RebuildCommonClasses (52ms)
	RebuildNativeTypeToScriptingClass (17ms)
	initialDomainReloadingComplete (53ms)
	LoadAllAssembliesAndSetupDomain (763ms)
		LoadAssemblies (618ms)
		RebuildTransferFunctionScriptingTraits (0ms)
		AnalyzeDomain (286ms)
			TypeCache.Refresh (9ms)
				TypeCache.ScanAssembly (0ms)
			BuildScriptInfoCaches (258ms)
			ResolveRequiredComponents (14ms)
	FinalizeReload (1224ms)
		ReleaseScriptCaches (0ms)
		RebuildScriptCaches (0ms)
		SetupLoadedEditorAssemblies (968ms)
			LogAssemblyErrors (0ms)
			InitializePlatformSupportModulesInManaged (16ms)
			SetLoadedEditorAssemblies (8ms)
			BeforeProcessingInitializeOnLoad (251ms)
			ProcessInitializeOnLoadAttributes (564ms)
			ProcessInitializeOnLoadMethodAttributes (104ms)
			AfterProcessingInitializeOnLoad (25ms)
			EditorAssembliesLoaded (0ms)
		ExecutionOrderSort2 (0ms)
		AwakeInstancesAfterBackupRestoration (32ms)
Refreshing native plugins compatible for Editor in 5.01 ms, found 4 plugins.
Preloading 0 native plugins for Editor in 0.00 ms.
Unloading 14 Unused Serialized files (Serialized files now loaded: 0)
Unloading 6790 unused Assets / (3.4 MB). Loaded Objects now: 7565.
Memory consumption went from 146.2 MB to 142.8 MB.
Total: 12.791500 ms (FindLiveObjects: 0.800000 ms CreateObjectMapping: 1.037300 ms MarkObjects: 8.569200 ms  DeleteObjects: 2.383800 ms)

Prepare: number of updated asset objects reloaded= 0
========================================================================
Received Prepare
Refreshing native plugins compatible for Editor in 5.44 ms, found 4 plugins.
Preloading 0 native plugins for Editor in 0.00 ms.
Unloading 14 Unused Serialized files (Serialized files now loaded: 0)
Unloading 6780 unused Assets / (3.3 MB). Loaded Objects now: 7565.
Memory consumption went from 146.3 MB to 143.0 MB.
Total: 52.907600 ms (FindLiveObjects: 1.281300 ms CreateObjectMapping: 1.064000 ms MarkObjects: 47.932200 ms  DeleteObjects: 2.628600 ms)

Prepare: number of updated asset objects reloaded= 0
========================================================================
Received Prepare
Begin MonoManager ReloadAssembly
[Licensing::Client] Successfully resolved entitlement details
- Loaded All Assemblies, in  1.305 seconds
Refreshing native plugins compatible for Editor in 5.86 ms, found 4 plugins.
Native extension for Android target not found
Native extension for WindowsStandalone target not found
Native extension for OSXStandalone target not found
Native extension for WebGL target not found
[Package Manager] Failed to launch server process. Reason: Unity was launched with the -noUpm command-line argument
[Package Manager] Unable to send message (not connected to server process).
[Package Manager] Cannot connect to Unity Package Manager local server
Mono: successfully reloaded assembly
- Finished resetting the current domain, in  1.083 seconds
Domain Reload Profiling: 2363ms
	BeginReloadAssembly (325ms)
		ExecutionOrderSort (0ms)
		DisableScriptedObjects (21ms)
		BackupInstance (0ms)
		ReleaseScriptingObjects (0ms)
		CreateAndSetChildDomain (58ms)
	RebuildCommonClasses (57ms)
	RebuildNativeTypeToScriptingClass (20ms)
	initialDomainReloadingComplete (64ms)
	LoadAllAssembliesAndSetupDomain (815ms)
		LoadAssemblies (651ms)
		RebuildTransferFunctionScriptingTraits (0ms)
		AnalyzeDomain (310ms)
			TypeCache.Refresh (16ms)
				TypeCache.ScanAssembly (1ms)
			BuildScriptInfoCaches (271ms)
			ResolveRequiredComponents (19ms)
	FinalizeReload (1083ms)
		ReleaseScriptCaches (0ms)
		RebuildScriptCaches (0ms)
		SetupLoadedEditorAssemblies (819ms)
			LogAssemblyErrors (0ms)
			InitializePlatformSupportModulesInManaged (16ms)
			SetLoadedEditorAssemblies (7ms)
			BeforeProcessingInitializeOnLoad (218ms)
			ProcessInitializeOnLoadAttributes (473ms)
			ProcessInitializeOnLoadMethodAttributes (84ms)
			AfterProcessingInitializeOnLoad (20ms)
			EditorAssembliesLoaded (0ms)
		ExecutionOrderSort2 (0ms)
		AwakeInstancesAfterBackupRestoration (29ms)
Refreshing native plugins compatible for Editor in 4.12 ms, found 4 plugins.
Preloading 0 native plugins for Editor in 0.00 ms.
Unloading 14 Unused Serialized files (Serialized files now loaded: 0)
Unloading 6790 unused Assets / (4.4 MB). Loaded Objects now: 7568.
Memory consumption went from 146.2 MB to 141.8 MB.
Total: 13.785400 ms (FindLiveObjects: 1.516000 ms CreateObjectMapping: 1.251100 ms MarkObjects: 8.509300 ms  DeleteObjects: 2.508000 ms)

Prepare: number of updated asset objects reloaded= 0
========================================================================
Received Prepare
Begin MonoManager ReloadAssembly
- Loaded All Assemblies, in  1.223 seconds
Refreshing native plugins compatible for Editor in 5.61 ms, found 4 plugins.
Native extension for Android target not found
Native extension for WindowsStandalone target not found
Native extension for OSXStandalone target not found
Native extension for WebGL target not found
[Package Manager] Failed to launch server process. Reason: Unity was launched with the -noUpm command-line argument
[Package Manager] Unable to send message (not connected to server process).
[Package Manager] Cannot connect to Unity Package Manager local server
Mono: successfully reloaded assembly
- Finished resetting the current domain, in  1.148 seconds
Domain Reload Profiling: 2350ms
	BeginReloadAssembly (333ms)
		ExecutionOrderSort (0ms)
		DisableScriptedObjects (24ms)
		BackupInstance (0ms)
		ReleaseScriptingObjects (0ms)
		CreateAndSetChildDomain (64ms)
	RebuildCommonClasses (46ms)
	RebuildNativeTypeToScriptingClass (17ms)
	initialDomainReloadingComplete (53ms)
	LoadAllAssembliesAndSetupDomain (753ms)
		LoadAssemblies (611ms)
		RebuildTransferFunctionScriptingTraits (0ms)
		AnalyzeDomain (284ms)
			TypeCache.Refresh (10ms)
				TypeCache.ScanAssembly (0ms)
			BuildScriptInfoCaches (256ms)
			ResolveRequiredComponents (15ms)
	FinalizeReload (1149ms)
		ReleaseScriptCaches (0ms)
		RebuildScriptCaches (0ms)
		SetupLoadedEditorAssemblies (912ms)
			LogAssemblyErrors (0ms)
			InitializePlatformSupportModulesInManaged (17ms)
			SetLoadedEditorAssemblies (8ms)
			BeforeProcessingInitializeOnLoad (244ms)
			ProcessInitializeOnLoadAttributes (521ms)
			ProcessInitializeOnLoadMethodAttributes (98ms)
			AfterProcessingInitializeOnLoad (23ms)
			EditorAssembliesLoaded (0ms)
		ExecutionOrderSort2 (0ms)
		AwakeInstancesAfterBackupRestoration (28ms)
Refreshing native plugins compatible for Editor in 5.41 ms, found 4 plugins.
Preloading 0 native plugins for Editor in 0.00 ms.
Unloading 14 Unused Serialized files (Serialized files now loaded: 0)
Unloading 6790 unused Assets / (4.6 MB). Loaded Objects now: 7571.
Memory consumption went from 146.3 MB to 141.7 MB.
Total: 13.458000 ms (FindLiveObjects: 0.847300 ms CreateObjectMapping: 0.979500 ms MarkObjects: 8.230600 ms  DeleteObjects: 3.399500 ms)

Prepare: number of updated asset objects reloaded= 0
========================================================================
Received Prepare
Refreshing native plugins compatible for Editor in 6.14 ms, found 4 plugins.
Preloading 0 native plugins for Editor in 0.00 ms.
Unloading 14 Unused Serialized files (Serialized files now loaded: 0)
Unloading 6780 unused Assets / (5.8 MB). Loaded Objects now: 7571.
Memory consumption went from 146.4 MB to 140.6 MB.
Total: 24.747500 ms (FindLiveObjects: 1.823500 ms CreateObjectMapping: 1.674400 ms MarkObjects: 15.237600 ms  DeleteObjects: 6.010500 ms)

Prepare: number of updated asset objects reloaded= 0
========================================================================
Received Prepare
Begin MonoManager ReloadAssembly
- Loaded All Assemblies, in  1.223 seconds
Refreshing native plugins compatible for Editor in 5.58 ms, found 4 plugins.
Native extension for Android target not found
Native extension for WindowsStandalone target not found
Native extension for OSXStandalone target not found
Native extension for WebGL target not found
[Package Manager] Failed to launch server process. Reason: Unity was launched with the -noUpm command-line argument
[Package Manager] Unable to send message (not connected to server process).
[Package Manager] Cannot connect to Unity Package Manager local server
Mono: successfully reloaded assembly
- Finished resetting the current domain, in  1.089 seconds
Domain Reload Profiling: 2286ms
	BeginReloadAssembly (316ms)
		ExecutionOrderSort (0ms)
		DisableScriptedObjects (23ms)
		BackupInstance (0ms)
		ReleaseScriptingObjects (0ms)
		CreateAndSetChildDomain (57ms)
	RebuildCommonClasses (53ms)
	RebuildNativeTypeToScriptingClass (21ms)
	initialDomainReloadingComplete (55ms)
	LoadAllAssembliesAndSetupDomain (753ms)
		LoadAssemblies (613ms)
		RebuildTransferFunctionScriptingTraits (0ms)
		AnalyzeDomain (286ms)
			TypeCache.Refresh (12ms)
				TypeCache.ScanAssembly (0ms)
			BuildScriptInfoCaches (256ms)
			ResolveRequiredComponents (14ms)
	FinalizeReload (1089ms)
		ReleaseScriptCaches (0ms)
		RebuildScriptCaches (0ms)
		SetupLoadedEditorAssemblies (845ms)
			LogAssemblyErrors (0ms)
			InitializePlatformSupportModulesInManaged (21ms)
			SetLoadedEditorAssemblies (8ms)
			BeforeProcessingInitializeOnLoad (234ms)
			ProcessInitializeOnLoadAttributes (478ms)
			ProcessInitializeOnLoadMethodAttributes (84ms)
			AfterProcessingInitializeOnLoad (19ms)
			EditorAssembliesLoaded (0ms)
		ExecutionOrderSort2 (0ms)
		AwakeInstancesAfterBackupRestoration (25ms)
Refreshing native plugins compatible for Editor in 5.57 ms, found 4 plugins.
Preloading 0 native plugins for Editor in 0.00 ms.
Unloading 14 Unused Serialized files (Serialized files now loaded: 0)
Unloading 6790 unused Assets / (4.4 MB). Loaded Objects now: 7574.
Memory consumption went from 146.3 MB to 141.9 MB.
Total: 11.469600 ms (FindLiveObjects: 1.281900 ms CreateObjectMapping: 0.846400 ms MarkObjects: 6.905300 ms  DeleteObjects: 2.435200 ms)

Prepare: number of updated asset objects reloaded= 0
========================================================================
Received Prepare
Begin MonoManager ReloadAssembly
- Loaded All Assemblies, in  1.218 seconds
Refreshing native plugins compatible for Editor in 4.87 ms, found 4 plugins.
Native extension for Android target not found
Native extension for WindowsStandalone target not found
Native extension for OSXStandalone target not found
Native extension for WebGL target not found
[Package Manager] Failed to launch server process. Reason: Unity was launched with the -noUpm command-line argument
[Package Manager] Unable to send message (not connected to server process).
[Package Manager] Cannot connect to Unity Package Manager local server
Mono: successfully reloaded assembly
- Finished resetting the current domain, in  1.173 seconds
Domain Reload Profiling: 2368ms
	BeginReloadAssembly (303ms)
		ExecutionOrderSort (0ms)
		DisableScriptedObjects (18ms)
		BackupInstance (0ms)
		ReleaseScriptingObjects (0ms)
		CreateAndSetChildDomain (57ms)
	RebuildCommonClasses (53ms)
	RebuildNativeTypeToScriptingClass (17ms)
	initialDomainReloadingComplete (56ms)
	LoadAllAssembliesAndSetupDomain (765ms)
		LoadAssemblies (604ms)
		RebuildTransferFunctionScriptingTraits (0ms)
		AnalyzeDomain (297ms)
			TypeCache.Refresh (8ms)
				TypeCache.ScanAssembly (0ms)
			BuildScriptInfoCaches (260ms)
			ResolveRequiredComponents (22ms)
	FinalizeReload (1174ms)
		ReleaseScriptCaches (0ms)
		RebuildScriptCaches (0ms)
		SetupLoadedEditorAssemblies (934ms)
			LogAssemblyErrors (0ms)
			InitializePlatformSupportModulesInManaged (21ms)
			SetLoadedEditorAssemblies (7ms)
			BeforeProcessingInitializeOnLoad (249ms)
			ProcessInitializeOnLoadAttributes (537ms)
			ProcessInitializeOnLoadMethodAttributes (96ms)
			AfterProcessingInitializeOnLoad (23ms)
			EditorAssembliesLoaded (0ms)
		ExecutionOrderSort2 (0ms)
		AwakeInstancesAfterBackupRestoration (28ms)
Refreshing native plugins compatible for Editor in 5.98 ms, found 4 plugins.
Preloading 0 native plugins for Editor in 0.00 ms.
Unloading 14 Unused Serialized files (Serialized files now loaded: 0)
Unloading 6790 unused Assets / (4.3 MB). Loaded Objects now: 7577.
Memory consumption went from 146.3 MB to 142.0 MB.
Total: 15.461600 ms (FindLiveObjects: 0.896700 ms CreateObjectMapping: 1.599500 ms MarkObjects: 9.415800 ms  DeleteObjects: 3.548500 ms)

Prepare: number of updated asset objects reloaded= 0
========================================================================
Received Prepare
Refreshing native plugins compatible for Editor in 5.94 ms, found 4 plugins.
Preloading 0 native plugins for Editor in 0.00 ms.
Unloading 14 Unused Serialized files (Serialized files now loaded: 0)
Unloading 6780 unused Assets / (4.9 MB). Loaded Objects now: 7577.
Memory consumption went from 146.5 MB to 141.6 MB.
Total: 14.556700 ms (FindLiveObjects: 0.986700 ms CreateObjectMapping: 1.526100 ms MarkObjects: 7.676300 ms  DeleteObjects: 4.366100 ms)

Prepare: number of updated asset objects reloaded= 0
========================================================================
Received Prepare
Begin MonoManager ReloadAssembly
- Loaded All Assemblies, in  1.243 seconds
Refreshing native plugins compatible for Editor in 4.01 ms, found 4 plugins.
Native extension for Android target not found
Native extension for WindowsStandalone target not found
Native extension for OSXStandalone target not found
Native extension for WebGL target not found
[Package Manager] Failed to launch server process. Reason: Unity was launched with the -noUpm command-line argument
[Package Manager] Unable to send message (not connected to server process).
[Package Manager] Cannot connect to Unity Package Manager local server
Mono: successfully reloaded assembly
- Finished resetting the current domain, in  1.044 seconds
Domain Reload Profiling: 2266ms
	BeginReloadAssembly (318ms)
		ExecutionOrderSort (0ms)
		DisableScriptedObjects (18ms)
		BackupInstance (0ms)
		ReleaseScriptingObjects (0ms)
		CreateAndSetChildDomain (58ms)
	RebuildCommonClasses (49ms)
	RebuildNativeTypeToScriptingClass (17ms)
	initialDomainReloadingComplete (56ms)
	LoadAllAssembliesAndSetupDomain (782ms)
		LoadAssemblies (638ms)
		RebuildTransferFunctionScriptingTraits (0ms)
		AnalyzeDomain (291ms)
			TypeCache.Refresh (12ms)
				TypeCache.ScanAssembly (1ms)
			BuildScriptInfoCaches (261ms)
			ResolveRequiredComponents (14ms)
	FinalizeReload (1045ms)
		ReleaseScriptCaches (0ms)
		RebuildScriptCaches (0ms)
		SetupLoadedEditorAssemblies (828ms)
			LogAssemblyErrors (0ms)
			InitializePlatformSupportModulesInManaged (18ms)
			SetLoadedEditorAssemblies (7ms)
			BeforeProcessingInitializeOnLoad (223ms)
			ProcessInitializeOnLoadAttributes (463ms)
			ProcessInitializeOnLoadMethodAttributes (95ms)
			AfterProcessingInitializeOnLoad (21ms)
			EditorAssembliesLoaded (0ms)
		ExecutionOrderSort2 (0ms)
		AwakeInstancesAfterBackupRestoration (28ms)
Refreshing native plugins compatible for Editor in 4.14 ms, found 4 plugins.
Preloading 0 native plugins for Editor in 0.00 ms.
Unloading 14 Unused Serialized files (Serialized files now loaded: 0)
Unloading 6790 unused Assets / (4.5 MB). Loaded Objects now: 7580.
Memory consumption went from 146.4 MB to 141.8 MB.
Total: 14.253600 ms (FindLiveObjects: 0.932700 ms CreateObjectMapping: 0.827300 ms MarkObjects: 8.871000 ms  DeleteObjects: 3.621600 ms)

Prepare: number of updated asset objects reloaded= 0
========================================================================
Received Prepare
Begin MonoManager ReloadAssembly
- Loaded All Assemblies, in  1.230 seconds
Refreshing native plugins compatible for Editor in 4.12 ms, found 4 plugins.
Native extension for Android target not found
Native extension for WindowsStandalone target not found
Native extension for OSXStandalone target not found
Native extension for WebGL target not found
[Package Manager] Failed to launch server process. Reason: Unity was launched with the -noUpm command-line argument
[Package Manager] Unable to send message (not connected to server process).
[Package Manager] Cannot connect to Unity Package Manager local server
Mono: successfully reloaded assembly
- Finished resetting the current domain, in  1.186 seconds
Domain Reload Profiling: 2395ms
	BeginReloadAssembly (317ms)
		ExecutionOrderSort (0ms)
		DisableScriptedObjects (20ms)
		BackupInstance (0ms)
		ReleaseScriptingObjects (0ms)
		CreateAndSetChildDomain (59ms)
	RebuildCommonClasses (49ms)
	RebuildNativeTypeToScriptingClass (26ms)
	initialDomainReloadingComplete (52ms)
	LoadAllAssembliesAndSetupDomain (763ms)
		LoadAssemblies (609ms)
		RebuildTransferFunctionScriptingTraits (0ms)
		AnalyzeDomain (300ms)
			TypeCache.Refresh (9ms)
				TypeCache.ScanAssembly (0ms)
			BuildScriptInfoCaches (272ms)
			ResolveRequiredComponents (15ms)
	FinalizeReload (1187ms)
		ReleaseScriptCaches (0ms)
		RebuildScriptCaches (0ms)
		SetupLoadedEditorAssemblies (939ms)
			LogAssemblyErrors (0ms)
			InitializePlatformSupportModulesInManaged (21ms)
			SetLoadedEditorAssemblies (8ms)
			BeforeProcessingInitializeOnLoad (261ms)
			ProcessInitializeOnLoadAttributes (534ms)
			ProcessInitializeOnLoadMethodAttributes (93ms)
			AfterProcessingInitializeOnLoad (22ms)
			EditorAssembliesLoaded (0ms)
		ExecutionOrderSort2 (0ms)
		AwakeInstancesAfterBackupRestoration (28ms)
Refreshing native plugins compatible for Editor in 4.76 ms, found 4 plugins.
Preloading 0 native plugins for Editor in 0.00 ms.
Unloading 14 Unused Serialized files (Serialized files now loaded: 0)
Unloading 6790 unused Assets / (4.3 MB). Loaded Objects now: 7583.
Memory consumption went from 146.4 MB to 142.1 MB.
Total: 13.909300 ms (FindLiveObjects: 0.919400 ms CreateObjectMapping: 1.506000 ms MarkObjects: 8.493300 ms  DeleteObjects: 2.989700 ms)

Prepare: number of updated asset objects reloaded= 0
========================================================================
Received Prepare
Refreshing native plugins compatible for Editor in 5.05 ms, found 4 plugins.
Preloading 0 native plugins for Editor in 0.00 ms.
Unloading 14 Unused Serialized files (Serialized files now loaded: 0)
Unloading 6780 unused Assets / (4.3 MB). Loaded Objects now: 7583.
Memory consumption went from 146.6 MB to 142.3 MB.
Total: 16.137600 ms (FindLiveObjects: 0.915100 ms CreateObjectMapping: 1.191000 ms MarkObjects: 9.714600 ms  DeleteObjects: 4.315600 ms)

Prepare: number of updated asset objects reloaded= 0
========================================================================
Received Prepare
Begin MonoManager ReloadAssembly
[Licensing::Client] Successfully resolved entitlement details
- Loaded All Assemblies, in  1.265 seconds
Refreshing native plugins compatible for Editor in 5.14 ms, found 4 plugins.
Native extension for Android target not found
Native extension for WindowsStandalone target not found
Native extension for OSXStandalone target not found
Native extension for WebGL target not found
[Package Manager] Failed to launch server process. Reason: Unity was launched with the -noUpm command-line argument
[Package Manager] Unable to send message (not connected to server process).
[Package Manager] Cannot connect to Unity Package Manager local server
Mono: successfully reloaded assembly
- Finished resetting the current domain, in  1.123 seconds
Domain Reload Profiling: 2366ms
	BeginReloadAssembly (319ms)
		ExecutionOrderSort (0ms)
		DisableScriptedObjects (19ms)
		BackupInstance (0ms)
		ReleaseScriptingObjects (0ms)
		CreateAndSetChildDomain (63ms)
	RebuildCommonClasses (50ms)
	RebuildNativeTypeToScriptingClass (25ms)
	initialDomainReloadingComplete (60ms)
	LoadAllAssembliesAndSetupDomain (790ms)
		LoadAssemblies (621ms)
		RebuildTransferFunctionScriptingTraits (0ms)
		AnalyzeDomain (305ms)
			TypeCache.Refresh (14ms)
				TypeCache.ScanAssembly (1ms)
			BuildScriptInfoCaches (272ms)
			ResolveRequiredComponents (14ms)
	FinalizeReload (1123ms)
		ReleaseScriptCaches (0ms)
		RebuildScriptCaches (0ms)
		SetupLoadedEditorAssemblies (858ms)
			LogAssemblyErrors (0ms)
			InitializePlatformSupportModulesInManaged (20ms)
			SetLoadedEditorAssemblies (9ms)
			BeforeProcessingInitializeOnLoad (234ms)
			ProcessInitializeOnLoadAttributes (492ms)
			ProcessInitializeOnLoadMethodAttributes (83ms)
			AfterProcessingInitializeOnLoad (19ms)
			EditorAssembliesLoaded (0ms)
		ExecutionOrderSort2 (0ms)
		AwakeInstancesAfterBackupRestoration (26ms)
Refreshing native plugins compatible for Editor in 4.19 ms, found 4 plugins.
Preloading 0 native plugins for Editor in 0.00 ms.
Unloading 14 Unused Serialized files (Serialized files now loaded: 0)
Unloading 6790 unused Assets / (4.4 MB). Loaded Objects now: 7586.
Memory consumption went from 146.5 MB to 142.0 MB.
Total: 12.824100 ms (FindLiveObjects: 0.807300 ms CreateObjectMapping: 1.318700 ms MarkObjects: 8.187300 ms  DeleteObjects: 2.509500 ms)

Prepare: number of updated asset objects reloaded= 0
========================================================================
Received Prepare
Begin MonoManager ReloadAssembly
- Loaded All Assemblies, in  1.227 seconds
Refreshing native plugins compatible for Editor in 4.21 ms, found 4 plugins.
Native extension for Android target not found
Native extension for WindowsStandalone target not found
Native extension for OSXStandalone target not found
Native extension for WebGL target not found
[Package Manager] Failed to launch server process. Reason: Unity was launched with the -noUpm command-line argument
[Package Manager] Unable to send message (not connected to server process).
[Package Manager] Cannot connect to Unity Package Manager local server
Mono: successfully reloaded assembly
- Finished resetting the current domain, in  1.200 seconds
Domain Reload Profiling: 2406ms
	BeginReloadAssembly (305ms)
		ExecutionOrderSort (0ms)
		DisableScriptedObjects (19ms)
		BackupInstance (0ms)
		ReleaseScriptingObjects (0ms)
		CreateAndSetChildDomain (58ms)
	RebuildCommonClasses (63ms)
	RebuildNativeTypeToScriptingClass (28ms)
	initialDomainReloadingComplete (52ms)
	LoadAllAssembliesAndSetupDomain (758ms)
		LoadAssemblies (603ms)
		RebuildTransferFunctionScriptingTraits (0ms)
		AnalyzeDomain (290ms)
			TypeCache.Refresh (8ms)
				TypeCache.ScanAssembly (0ms)
			BuildScriptInfoCaches (263ms)
			ResolveRequiredComponents (14ms)
	FinalizeReload (1200ms)
		ReleaseScriptCaches (0ms)
		RebuildScriptCaches (0ms)
		SetupLoadedEditorAssemblies (939ms)
			LogAssemblyErrors (0ms)
			InitializePlatformSupportModulesInManaged (20ms)
			SetLoadedEditorAssemblies (7ms)
			BeforeProcessingInitializeOnLoad (257ms)
			ProcessInitializeOnLoadAttributes (534ms)
			ProcessInitializeOnLoadMethodAttributes (97ms)
			AfterProcessingInitializeOnLoad (22ms)
			EditorAssembliesLoaded (1ms)
		ExecutionOrderSort2 (0ms)
		AwakeInstancesAfterBackupRestoration (31ms)
Refreshing native plugins compatible for Editor in 4.97 ms, found 4 plugins.
Preloading 0 native plugins for Editor in 0.00 ms.
Unloading 14 Unused Serialized files (Serialized files now loaded: 0)
Unloading 6790 unused Assets / (5.3 MB). Loaded Objects now: 7589.
Memory consumption went from 146.5 MB to 141.2 MB.
Total: 14.538300 ms (FindLiveObjects: 1.302000 ms CreateObjectMapping: 1.384800 ms MarkObjects: 7.802200 ms  DeleteObjects: 4.048000 ms)

Prepare: number of updated asset objects reloaded= 0
========================================================================
Received Prepare
Refreshing native plugins compatible for Editor in 5.46 ms, found 4 plugins.
Preloading 0 native plugins for Editor in 0.00 ms.
Unloading 14 Unused Serialized files (Serialized files now loaded: 0)
Unloading 6780 unused Assets / (4.4 MB). Loaded Objects now: 7589.
Memory consumption went from 146.7 MB to 142.3 MB.
Total: 12.532200 ms (FindLiveObjects: 0.811000 ms CreateObjectMapping: 1.514600 ms MarkObjects: 7.771000 ms  DeleteObjects: 2.434000 ms)

Prepare: number of updated asset objects reloaded= 0
========================================================================
Received Prepare
Begin MonoManager ReloadAssembly
- Loaded All Assemblies, in  1.306 seconds
Refreshing native plugins compatible for Editor in 5.63 ms, found 4 plugins.
Native extension for Android target not found
Native extension for WindowsStandalone target not found
Native extension for OSXStandalone target not found
Native extension for WebGL target not found
[Package Manager] Failed to launch server process. Reason: Unity was launched with the -noUpm command-line argument
[Package Manager] Unable to send message (not connected to server process).
[Package Manager] Cannot connect to Unity Package Manager local server
Mono: successfully reloaded assembly
- Finished resetting the current domain, in  1.071 seconds
Domain Reload Profiling: 2356ms
	BeginReloadAssembly (327ms)
		ExecutionOrderSort (0ms)
		DisableScriptedObjects (19ms)
		BackupInstance (0ms)
		ReleaseScriptingObjects (0ms)
		CreateAndSetChildDomain (67ms)
	RebuildCommonClasses (55ms)
	RebuildNativeTypeToScriptingClass (19ms)
	initialDomainReloadingComplete (60ms)
	LoadAllAssembliesAndSetupDomain (825ms)
		LoadAssemblies (672ms)
		RebuildTransferFunctionScriptingTraits (0ms)
		AnalyzeDomain (297ms)
			TypeCache.Refresh (13ms)
				TypeCache.ScanAssembly (0ms)
			BuildScriptInfoCaches (262ms)
			ResolveRequiredComponents (17ms)
	FinalizeReload (1071ms)
		ReleaseScriptCaches (0ms)
		RebuildScriptCaches (0ms)
		SetupLoadedEditorAssemblies (830ms)
			LogAssemblyErrors (0ms)
			InitializePlatformSupportModulesInManaged (16ms)
			SetLoadedEditorAssemblies (7ms)
			BeforeProcessingInitializeOnLoad (218ms)
			ProcessInitializeOnLoadAttributes (475ms)
			ProcessInitializeOnLoadMethodAttributes (86ms)
			AfterProcessingInitializeOnLoad (27ms)
			EditorAssembliesLoaded (1ms)
		ExecutionOrderSort2 (0ms)
		AwakeInstancesAfterBackupRestoration (34ms)
Refreshing native plugins compatible for Editor in 4.36 ms, found 4 plugins.
Preloading 0 native plugins for Editor in 0.00 ms.
Unloading 14 Unused Serialized files (Serialized files now loaded: 0)
Unloading 6790 unused Assets / (3.6 MB). Loaded Objects now: 7592.
Memory consumption went from 146.5 MB to 142.9 MB.
Total: 11.789400 ms (FindLiveObjects: 0.866300 ms CreateObjectMapping: 1.110100 ms MarkObjects: 7.047800 ms  DeleteObjects: 2.763900 ms)

Prepare: number of updated asset objects reloaded= 0
========================================================================
Received Prepare
Begin MonoManager ReloadAssembly
- Loaded All Assemblies, in  1.211 seconds
Refreshing native plugins compatible for Editor in 4.19 ms, found 4 plugins.
Native extension for Android target not found
Native extension for WindowsStandalone target not found
Native extension for OSXStandalone target not found
Native extension for WebGL target not found
[Package Manager] Failed to launch server process. Reason: Unity was launched with the -noUpm command-line argument
[Package Manager] Unable to send message (not connected to server process).
[Package Manager] Cannot connect to Unity Package Manager local server
Mono: successfully reloaded assembly
- Finished resetting the current domain, in  1.165 seconds
Domain Reload Profiling: 2356ms
	BeginReloadAssembly (323ms)
		ExecutionOrderSort (0ms)
		DisableScriptedObjects (21ms)
		BackupInstance (0ms)
		ReleaseScriptingObjects (0ms)
		CreateAndSetChildDomain (68ms)
	RebuildCommonClasses (49ms)
	RebuildNativeTypeToScriptingClass (17ms)
	initialDomainReloadingComplete (53ms)
	LoadAllAssembliesAndSetupDomain (748ms)
		LoadAssemblies (604ms)
		RebuildTransferFunctionScriptingTraits (0ms)
		AnalyzeDomain (287ms)
			TypeCache.Refresh (8ms)
				TypeCache.ScanAssembly (0ms)
			BuildScriptInfoCaches (260ms)
			ResolveRequiredComponents (14ms)
	FinalizeReload (1166ms)
		ReleaseScriptCaches (0ms)
		RebuildScriptCaches (0ms)
		SetupLoadedEditorAssemblies (919ms)
			LogAssemblyErrors (0ms)
			InitializePlatformSupportModulesInManaged (16ms)
			SetLoadedEditorAssemblies (7ms)
			BeforeProcessingInitializeOnLoad (240ms)
			ProcessInitializeOnLoadAttributes (536ms)
			ProcessInitializeOnLoadMethodAttributes (97ms)
			AfterProcessingInitializeOnLoad (23ms)
			EditorAssembliesLoaded (1ms)
		ExecutionOrderSort2 (0ms)
		AwakeInstancesAfterBackupRestoration (34ms)
Refreshing native plugins compatible for Editor in 5.42 ms, found 4 plugins.
Preloading 0 native plugins for Editor in 0.00 ms.
Unloading 14 Unused Serialized files (Serialized files now loaded: 0)
Unloading 6790 unused Assets / (4.5 MB). Loaded Objects now: 7595.
Memory consumption went from 146.6 MB to 142.1 MB.
Total: 11.106500 ms (FindLiveObjects: 0.810700 ms CreateObjectMapping: 1.370900 ms MarkObjects: 6.096700 ms  DeleteObjects: 2.827300 ms)

Prepare: number of updated asset objects reloaded= 0
========================================================================
Received Prepare
Refreshing native plugins compatible for Editor in 4.99 ms, found 4 plugins.
Preloading 0 native plugins for Editor in 0.00 ms.
Unloading 14 Unused Serialized files (Serialized files now loaded: 0)
Unloading 6780 unused Assets / (4.3 MB). Loaded Objects now: 7595.
Memory consumption went from 146.7 MB to 142.4 MB.
Total: 27.277400 ms (FindLiveObjects: 1.404800 ms CreateObjectMapping: 0.819200 ms MarkObjects: 5.797600 ms  DeleteObjects: 19.254500 ms)

Prepare: number of updated asset objects reloaded= 0
========================================================================
Received Prepare
Begin MonoManager ReloadAssembly
[Licensing::Client] Successfully resolved entitlement details
- Loaded All Assemblies, in  1.256 seconds
Refreshing native plugins compatible for Editor in 4.09 ms, found 4 plugins.
Native extension for Android target not found
Native extension for WindowsStandalone target not found
Native extension for OSXStandalone target not found
Native extension for WebGL target not found
[Package Manager] Failed to launch server process. Reason: Unity was launched with the -noUpm command-line argument
[Package Manager] Unable to send message (not connected to server process).
[Package Manager] Cannot connect to Unity Package Manager local server
Mono: successfully reloaded assembly
- Finished resetting the current domain, in  1.121 seconds
Domain Reload Profiling: 2358ms
	BeginReloadAssembly (317ms)
		ExecutionOrderSort (0ms)
		DisableScriptedObjects (19ms)
		BackupInstance (0ms)
		ReleaseScriptingObjects (0ms)
		CreateAndSetChildDomain (56ms)
	RebuildCommonClasses (67ms)
	RebuildNativeTypeToScriptingClass (21ms)
	initialDomainReloadingComplete (53ms)
	LoadAllAssembliesAndSetupDomain (778ms)
		LoadAssemblies (610ms)
		RebuildTransferFunctionScriptingTraits (0ms)
		AnalyzeDomain (309ms)
			TypeCache.Refresh (13ms)
				TypeCache.ScanAssembly (1ms)
			BuildScriptInfoCaches (276ms)
			ResolveRequiredComponents (15ms)
	FinalizeReload (1122ms)
		ReleaseScriptCaches (0ms)
		RebuildScriptCaches (0ms)
		SetupLoadedEditorAssemblies (854ms)
			LogAssemblyErrors (0ms)
			InitializePlatformSupportModulesInManaged (17ms)
			SetLoadedEditorAssemblies (7ms)
			BeforeProcessingInitializeOnLoad (254ms)
			ProcessInitializeOnLoadAttributes (475ms)
			ProcessInitializeOnLoadMethodAttributes (82ms)
			AfterProcessingInitializeOnLoad (20ms)
			EditorAssembliesLoaded (0ms)
		ExecutionOrderSort2 (0ms)
		AwakeInstancesAfterBackupRestoration (34ms)
Refreshing native plugins compatible for Editor in 4.05 ms, found 4 plugins.
Preloading 0 native plugins for Editor in 0.00 ms.
Unloading 14 Unused Serialized files (Serialized files now loaded: 0)
Unloading 6790 unused Assets / (3.8 MB). Loaded Objects now: 7598.
Memory consumption went from 146.6 MB to 142.8 MB.
Total: 11.878500 ms (FindLiveObjects: 1.003100 ms CreateObjectMapping: 1.306300 ms MarkObjects: 7.127800 ms  DeleteObjects: 2.440600 ms)

Prepare: number of updated asset objects reloaded= 0
========================================================================
Received Prepare
Begin MonoManager ReloadAssembly
- Loaded All Assemblies, in  1.219 seconds
Refreshing native plugins compatible for Editor in 5.38 ms, found 4 plugins.
Native extension for Android target not found
Native extension for WindowsStandalone target not found
Native extension for OSXStandalone target not found
Native extension for WebGL target not found
[Package Manager] Failed to launch server process. Reason: Unity was launched with the -noUpm command-line argument
[Package Manager] Unable to send message (not connected to server process).
[Package Manager] Cannot connect to Unity Package Manager local server
Mono: successfully reloaded assembly
- Finished resetting the current domain, in  1.156 seconds
Domain Reload Profiling: 2354ms
	BeginReloadAssembly (318ms)
		ExecutionOrderSort (0ms)
		DisableScriptedObjects (18ms)
		BackupInstance (0ms)
		ReleaseScriptingObjects (0ms)
		CreateAndSetChildDomain (60ms)
	RebuildCommonClasses (46ms)
	RebuildNativeTypeToScriptingClass (17ms)
	initialDomainReloadingComplete (59ms)
	LoadAllAssembliesAndSetupDomain (758ms)
		LoadAssemblies (621ms)
		RebuildTransferFunctionScriptingTraits (0ms)
		AnalyzeDomain (287ms)
			TypeCache.Refresh (9ms)
				TypeCache.ScanAssembly (0ms)
			BuildScriptInfoCaches (260ms)
			ResolveRequiredComponents (14ms)
	FinalizeReload (1156ms)
		ReleaseScriptCaches (0ms)
		RebuildScriptCaches (0ms)
		SetupLoadedEditorAssemblies (910ms)
			LogAssemblyErrors (0ms)
			InitializePlatformSupportModulesInManaged (17ms)
			SetLoadedEditorAssemblies (7ms)
			BeforeProcessingInitializeOnLoad (253ms)
			ProcessInitializeOnLoadAttributes (517ms)
			ProcessInitializeOnLoadMethodAttributes (94ms)
			AfterProcessingInitializeOnLoad (22ms)
			EditorAssembliesLoaded (0ms)
		ExecutionOrderSort2 (0ms)
		AwakeInstancesAfterBackupRestoration (31ms)
Refreshing native plugins compatible for Editor in 4.66 ms, found 4 plugins.
Preloading 0 native plugins for Editor in 0.00 ms.
Unloading 14 Unused Serialized files (Serialized files now loaded: 0)
Unloading 6790 unused Assets / (4.3 MB). Loaded Objects now: 7601.
Memory consumption went from 146.7 MB to 142.4 MB.
Total: 14.155900 ms (FindLiveObjects: 1.483600 ms CreateObjectMapping: 1.420100 ms MarkObjects: 8.184500 ms  DeleteObjects: 3.066200 ms)

Prepare: number of updated asset objects reloaded= 0
========================================================================
Received Prepare
Refreshing native plugins compatible for Editor in 4.39 ms, found 4 plugins.
Preloading 0 native plugins for Editor in 0.00 ms.
Unloading 14 Unused Serialized files (Serialized files now loaded: 0)
Unloading 6780 unused Assets / (4.1 MB). Loaded Objects now: 7601.
Memory consumption went from 146.8 MB to 142.7 MB.
Total: 12.950100 ms (FindLiveObjects: 0.782600 ms CreateObjectMapping: 0.780500 ms MarkObjects: 7.869200 ms  DeleteObjects: 3.516700 ms)

Prepare: number of updated asset objects reloaded= 0
========================================================================
Received Prepare
Begin MonoManager ReloadAssembly
- Loaded All Assemblies, in  1.531 seconds
Refreshing native plugins compatible for Editor in 5.56 ms, found 4 plugins.
Native extension for Android target not found
Native extension for WindowsStandalone target not found
Native extension for OSXStandalone target not found
Native extension for WebGL target not found
[Package Manager] Failed to launch server process. Reason: Unity was launched with the -noUpm command-line argument
[Package Manager] Unable to send message (not connected to server process).
[Package Manager] Cannot connect to Unity Package Manager local server
Mono: successfully reloaded assembly
- Finished resetting the current domain, in  1.053 seconds
Domain Reload Profiling: 2559ms
	BeginReloadAssembly (411ms)
		ExecutionOrderSort (0ms)
		DisableScriptedObjects (32ms)
		BackupInstance (0ms)
		ReleaseScriptingObjects (0ms)
		CreateAndSetChildDomain (82ms)
	RebuildCommonClasses (60ms)
	RebuildNativeTypeToScriptingClass (19ms)
	initialDomainReloadingComplete (78ms)
	LoadAllAssembliesAndSetupDomain (938ms)
		LoadAssemblies (773ms)
		RebuildTransferFunctionScriptingTraits (0ms)
		AnalyzeDomain (334ms)
			TypeCache.Refresh (15ms)
				TypeCache.ScanAssembly (1ms)
			BuildScriptInfoCaches (298ms)
			ResolveRequiredComponents (15ms)
	FinalizeReload (1053ms)
		ReleaseScriptCaches (0ms)
		RebuildScriptCaches (0ms)
		SetupLoadedEditorAssemblies (813ms)
			LogAssemblyErrors (0ms)
			InitializePlatformSupportModulesInManaged (18ms)
			SetLoadedEditorAssemblies (7ms)
			BeforeProcessingInitializeOnLoad (229ms)
			ProcessInitializeOnLoadAttributes (460ms)
			ProcessInitializeOnLoadMethodAttributes (78ms)
			AfterProcessingInitializeOnLoad (19ms)
			EditorAssembliesLoaded (0ms)
		ExecutionOrderSort2 (0ms)
		AwakeInstancesAfterBackupRestoration (29ms)
Refreshing native plugins compatible for Editor in 5.02 ms, found 4 plugins.
Preloading 0 native plugins for Editor in 0.00 ms.
Unloading 14 Unused Serialized files (Serialized files now loaded: 0)
Unloading 6790 unused Assets / (4.3 MB). Loaded Objects now: 7604.
Memory consumption went from 146.7 MB to 142.4 MB.
Total: 12.178900 ms (FindLiveObjects: 0.837000 ms CreateObjectMapping: 0.903600 ms MarkObjects: 7.919200 ms  DeleteObjects: 2.517600 ms)

Prepare: number of updated asset objects reloaded= 0
========================================================================
Received Prepare
Begin MonoManager ReloadAssembly
- Loaded All Assemblies, in  1.223 seconds
Refreshing native plugins compatible for Editor in 4.08 ms, found 4 plugins.
Native extension for Android target not found
Native extension for WindowsStandalone target not found
Native extension for OSXStandalone target not found
Native extension for WebGL target not found
[Package Manager] Failed to launch server process. Reason: Unity was launched with the -noUpm command-line argument
[Package Manager] Unable to send message (not connected to server process).
[Package Manager] Cannot connect to Unity Package Manager local server
Mono: successfully reloaded assembly
- Finished resetting the current domain, in  1.162 seconds
Domain Reload Profiling: 2362ms
	BeginReloadAssembly (316ms)
		ExecutionOrderSort (0ms)
		DisableScriptedObjects (18ms)
		BackupInstance (0ms)
		ReleaseScriptingObjects (0ms)
		CreateAndSetChildDomain (62ms)
	RebuildCommonClasses (47ms)
	RebuildNativeTypeToScriptingClass (18ms)
	initialDomainReloadingComplete (52ms)
	LoadAllAssembliesAndSetupDomain (768ms)
		LoadAssemblies (605ms)
		RebuildTransferFunctionScriptingTraits (0ms)
		AnalyzeDomain (293ms)
			TypeCache.Refresh (10ms)
				TypeCache.ScanAssembly (0ms)
			BuildScriptInfoCaches (263ms)
			ResolveRequiredComponents (14ms)
	FinalizeReload (1162ms)
		ReleaseScriptCaches (0ms)
		RebuildScriptCaches (0ms)
		SetupLoadedEditorAssemblies (910ms)
			LogAssemblyErrors (0ms)
			InitializePlatformSupportModulesInManaged (17ms)
			SetLoadedEditorAssemblies (7ms)
			BeforeProcessingInitializeOnLoad (249ms)
			ProcessInitializeOnLoadAttributes (521ms)
			ProcessInitializeOnLoadMethodAttributes (95ms)
			AfterProcessingInitializeOnLoad (21ms)
			EditorAssembliesLoaded (1ms)
		ExecutionOrderSort2 (0ms)
		AwakeInstancesAfterBackupRestoration (30ms)
Refreshing native plugins compatible for Editor in 4.28 ms, found 4 plugins.
Preloading 0 native plugins for Editor in 0.00 ms.
Unloading 14 Unused Serialized files (Serialized files now loaded: 0)
Unloading 6790 unused Assets / (4.4 MB). Loaded Objects now: 7607.
Memory consumption went from 146.7 MB to 142.3 MB.
Total: 12.039400 ms (FindLiveObjects: 0.985600 ms CreateObjectMapping: 0.976100 ms MarkObjects: 7.482500 ms  DeleteObjects: 2.594400 ms)

Prepare: number of updated asset objects reloaded= 0
========================================================================
Received Prepare
Refreshing native plugins compatible for Editor in 7.31 ms, found 4 plugins.
Preloading 0 native plugins for Editor in 0.00 ms.
Unloading 14 Unused Serialized files (Serialized files now loaded: 0)
Unloading 6780 unused Assets / (4.5 MB). Loaded Objects now: 7607.
Memory consumption went from 146.9 MB to 142.4 MB.
Total: 20.433800 ms (FindLiveObjects: 1.299400 ms CreateObjectMapping: 1.570600 ms MarkObjects: 11.476900 ms  DeleteObjects: 6.085600 ms)

Prepare: number of updated asset objects reloaded= 0
========================================================================
Received Prepare
Begin MonoManager ReloadAssembly
[Licensing::Client] Successfully resolved entitlement details
- Loaded All Assemblies, in  1.260 seconds
Refreshing native plugins compatible for Editor in 4.56 ms, found 4 plugins.
Native extension for Android target not found
Native extension for WindowsStandalone target not found
Native extension for OSXStandalone target not found
Native extension for WebGL target not found
[Package Manager] Failed to launch server process. Reason: Unity was launched with the -noUpm command-line argument
[Package Manager] Unable to send message (not connected to server process).
[Package Manager] Cannot connect to Unity Package Manager local server
Mono: successfully reloaded assembly
- Finished resetting the current domain, in  1.089 seconds
Domain Reload Profiling: 2328ms
	BeginReloadAssembly (338ms)
		ExecutionOrderSort (0ms)
		DisableScriptedObjects (23ms)
		BackupInstance (0ms)
		ReleaseScriptingObjects (0ms)
		CreateAndSetChildDomain (65ms)
	RebuildCommonClasses (54ms)
	RebuildNativeTypeToScriptingClass (24ms)
	initialDomainReloadingComplete (51ms)
	LoadAllAssembliesAndSetupDomain (771ms)
		LoadAssemblies (631ms)
		RebuildTransferFunctionScriptingTraits (0ms)
		AnalyzeDomain (282ms)
			TypeCache.Refresh (11ms)
				TypeCache.ScanAssembly (0ms)
			BuildScriptInfoCaches (252ms)
			ResolveRequiredComponents (15ms)
	FinalizeReload (1090ms)
		ReleaseScriptCaches (0ms)
		RebuildScriptCaches (0ms)
		SetupLoadedEditorAssemblies (845ms)
			LogAssemblyErrors (0ms)
			InitializePlatformSupportModulesInManaged (22ms)
			SetLoadedEditorAssemblies (9ms)
			BeforeProcessingInitializeOnLoad (247ms)
			ProcessInitializeOnLoadAttributes (466ms)
			ProcessInitializeOnLoadMethodAttributes (79ms)
			AfterProcessingInitializeOnLoad (21ms)
			EditorAssembliesLoaded (0ms)
		ExecutionOrderSort2 (0ms)
		AwakeInstancesAfterBackupRestoration (32ms)
Refreshing native plugins compatible for Editor in 4.21 ms, found 4 plugins.
Preloading 0 native plugins for Editor in 0.00 ms.
Unloading 14 Unused Serialized files (Serialized files now loaded: 0)
Unloading 6790 unused Assets / (4.3 MB). Loaded Objects now: 7610.
Memory consumption went from 146.8 MB to 142.5 MB.
Total: 10.886700 ms (FindLiveObjects: 0.784500 ms CreateObjectMapping: 0.676900 ms MarkObjects: 6.896900 ms  DeleteObjects: 2.527500 ms)

Prepare: number of updated asset objects reloaded= 0
========================================================================
Received Prepare
Begin MonoManager ReloadAssembly
- Loaded All Assemblies, in  1.261 seconds
Refreshing native plugins compatible for Editor in 4.24 ms, found 4 plugins.
Native extension for Android target not found
Native extension for WindowsStandalone target not found
Native extension for OSXStandalone target not found
Native extension for WebGL target not found
[Package Manager] Failed to launch server process. Reason: Unity was launched with the -noUpm command-line argument
[Package Manager] Unable to send message (not connected to server process).
[Package Manager] Cannot connect to Unity Package Manager local server
Mono: successfully reloaded assembly
- Finished resetting the current domain, in  1.173 seconds
Domain Reload Profiling: 2413ms
	BeginReloadAssembly (327ms)
		ExecutionOrderSort (0ms)
		DisableScriptedObjects (19ms)
		BackupInstance (0ms)
		ReleaseScriptingObjects (0ms)
		CreateAndSetChildDomain (66ms)
	RebuildCommonClasses (49ms)
	RebuildNativeTypeToScriptingClass (22ms)
	initialDomainReloadingComplete (58ms)
	LoadAllAssembliesAndSetupDomain (783ms)
		LoadAssemblies (613ms)
		RebuildTransferFunctionScriptingTraits (0ms)
		AnalyzeDomain (320ms)
			TypeCache.Refresh (8ms)
				TypeCache.ScanAssembly (0ms)
			BuildScriptInfoCaches (285ms)
			ResolveRequiredComponents (20ms)
	FinalizeReload (1174ms)
		ReleaseScriptCaches (0ms)
		RebuildScriptCaches (0ms)
		SetupLoadedEditorAssemblies (927ms)
			LogAssemblyErrors (0ms)
			InitializePlatformSupportModulesInManaged (21ms)
			SetLoadedEditorAssemblies (8ms)
			BeforeProcessingInitializeOnLoad (251ms)
			ProcessInitializeOnLoadAttributes (530ms)
			ProcessInitializeOnLoadMethodAttributes (94ms)
			AfterProcessingInitializeOnLoad (22ms)
			EditorAssembliesLoaded (0ms)
		ExecutionOrderSort2 (0ms)
		AwakeInstancesAfterBackupRestoration (28ms)
Refreshing native plugins compatible for Editor in 5.25 ms, found 4 plugins.
Preloading 0 native plugins for Editor in 0.00 ms.
Unloading 14 Unused Serialized files (Serialized files now loaded: 0)
Unloading 6790 unused Assets / (4.1 MB). Loaded Objects now: 7613.
Memory consumption went from 146.8 MB to 142.7 MB.
Total: 12.718400 ms (FindLiveObjects: 0.778100 ms CreateObjectMapping: 0.887100 ms MarkObjects: 8.110100 ms  DeleteObjects: 2.941800 ms)

Prepare: number of updated asset objects reloaded= 0
========================================================================
Received Prepare
Refreshing native plugins compatible for Editor in 6.11 ms, found 4 plugins.
Preloading 0 native plugins for Editor in 0.00 ms.
Unloading 14 Unused Serialized files (Serialized files now loaded: 0)
Unloading 6780 unused Assets / (3.6 MB). Loaded Objects now: 7613.
Memory consumption went from 147.0 MB to 143.4 MB.
Total: 18.295200 ms (FindLiveObjects: 0.825000 ms CreateObjectMapping: 1.409300 ms MarkObjects: 12.702700 ms  DeleteObjects: 3.356900 ms)

Prepare: number of updated asset objects reloaded= 0
========================================================================
Received Prepare
Begin MonoManager ReloadAssembly
[Licensing::Client] Successfully resolved entitlement details
- Loaded All Assemblies, in  1.282 seconds
Refreshing native plugins compatible for Editor in 4.11 ms, found 4 plugins.
Native extension for Android target not found
Native extension for WindowsStandalone target not found
Native extension for OSXStandalone target not found
Native extension for WebGL target not found
[Package Manager] Failed to launch server process. Reason: Unity was launched with the -noUpm command-line argument
[Package Manager] Unable to send message (not connected to server process).
[Package Manager] Cannot connect to Unity Package Manager local server
Mono: successfully reloaded assembly
- Finished resetting the current domain, in  1.057 seconds
Domain Reload Profiling: 2313ms
	BeginReloadAssembly (345ms)
		ExecutionOrderSort (0ms)
		DisableScriptedObjects (23ms)
		BackupInstance (0ms)
		ReleaseScriptingObjects (0ms)
		CreateAndSetChildDomain (67ms)
	RebuildCommonClasses (53ms)
	RebuildNativeTypeToScriptingClass (18ms)
	initialDomainReloadingComplete (56ms)
	LoadAllAssembliesAndSetupDomain (784ms)
		LoadAssemblies (633ms)
		RebuildTransferFunctionScriptingTraits (0ms)
		AnalyzeDomain (301ms)
			TypeCache.Refresh (12ms)
				TypeCache.ScanAssembly (1ms)
			BuildScriptInfoCaches (270ms)
			ResolveRequiredComponents (15ms)
	FinalizeReload (1057ms)
		ReleaseScriptCaches (0ms)
		RebuildScriptCaches (0ms)
		SetupLoadedEditorAssemblies (818ms)
			LogAssemblyErrors (0ms)
			InitializePlatformSupportModulesInManaged (17ms)
			SetLoadedEditorAssemblies (8ms)
			BeforeProcessingInitializeOnLoad (222ms)
			ProcessInitializeOnLoadAttributes (453ms)
			ProcessInitializeOnLoadMethodAttributes (99ms)
			AfterProcessingInitializeOnLoad (19ms)
			EditorAssembliesLoaded (0ms)
		ExecutionOrderSort2 (0ms)
		AwakeInstancesAfterBackupRestoration (25ms)
Refreshing native plugins compatible for Editor in 4.12 ms, found 4 plugins.
Preloading 0 native plugins for Editor in 0.00 ms.
Unloading 14 Unused Serialized files (Serialized files now loaded: 0)
Unloading 6790 unused Assets / (4.2 MB). Loaded Objects now: 7616.
Memory consumption went from 146.8 MB to 142.6 MB.
Total: 9.205000 ms (FindLiveObjects: 0.810400 ms CreateObjectMapping: 0.875100 ms MarkObjects: 5.191300 ms  DeleteObjects: 2.327400 ms)

Prepare: number of updated asset objects reloaded= 0
========================================================================
Received Prepare
Refreshing native plugins compatible for Editor in 5.72 ms, found 4 plugins.
Preloading 0 native plugins for Editor in 0.00 ms.
Unloading 14 Unused Serialized files (Serialized files now loaded: 0)
Unloading 6780 unused Assets / (4.5 MB). Loaded Objects now: 7616.
Memory consumption went from 146.9 MB to 142.5 MB.
Total: 19.854400 ms (FindLiveObjects: 1.500900 ms CreateObjectMapping: 1.550100 ms MarkObjects: 12.729200 ms  DeleteObjects: 4.072400 ms)

Prepare: number of updated asset objects reloaded= 0
========================================================================
Received Prepare
Begin MonoManager ReloadAssembly
[Licensing::Client] Successfully resolved entitlement details
- Loaded All Assemblies, in  1.342 seconds
Refreshing native plugins compatible for Editor in 5.24 ms, found 4 plugins.
Native extension for Android target not found
Native extension for WindowsStandalone target not found
Native extension for OSXStandalone target not found
Native extension for WebGL target not found
[Package Manager] Failed to launch server process. Reason: Unity was launched with the -noUpm command-line argument
[Package Manager] Unable to send message (not connected to server process).
[Package Manager] Cannot connect to Unity Package Manager local server
Mono: successfully reloaded assembly
- Finished resetting the current domain, in  1.094 seconds
Domain Reload Profiling: 2416ms
	BeginReloadAssembly (328ms)
		ExecutionOrderSort (0ms)
		DisableScriptedObjects (25ms)
		BackupInstance (0ms)
		ReleaseScriptingObjects (0ms)
		CreateAndSetChildDomain (65ms)
	RebuildCommonClasses (53ms)
	RebuildNativeTypeToScriptingClass (22ms)
	initialDomainReloadingComplete (58ms)
	LoadAllAssembliesAndSetupDomain (859ms)
		LoadAssemblies (641ms)
		RebuildTransferFunctionScriptingTraits (0ms)
		AnalyzeDomain (355ms)
			TypeCache.Refresh (12ms)
				TypeCache.ScanAssembly (0ms)
			BuildScriptInfoCaches (320ms)
			ResolveRequiredComponents (19ms)
	FinalizeReload (1095ms)
		ReleaseScriptCaches (0ms)
		RebuildScriptCaches (0ms)
		SetupLoadedEditorAssemblies (858ms)
			LogAssemblyErrors (0ms)
			InitializePlatformSupportModulesInManaged (17ms)
			SetLoadedEditorAssemblies (7ms)
			BeforeProcessingInitializeOnLoad (240ms)
			ProcessInitializeOnLoadAttributes (469ms)
			ProcessInitializeOnLoadMethodAttributes (105ms)
			AfterProcessingInitializeOnLoad (19ms)
			EditorAssembliesLoaded (0ms)
		ExecutionOrderSort2 (0ms)
		AwakeInstancesAfterBackupRestoration (24ms)
Refreshing native plugins compatible for Editor in 4.43 ms, found 4 plugins.
Preloading 0 native plugins for Editor in 0.00 ms.
Unloading 14 Unused Serialized files (Serialized files now loaded: 0)
Unloading 6790 unused Assets / (4.5 MB). Loaded Objects now: 7619.
Memory consumption went from 146.9 MB to 142.4 MB.
Total: 13.576600 ms (FindLiveObjects: 0.894100 ms CreateObjectMapping: 1.518500 ms MarkObjects: 7.656800 ms  DeleteObjects: 3.506000 ms)

Prepare: number of updated asset objects reloaded= 0
========================================================================
Received Prepare
Begin MonoManager ReloadAssembly
- Loaded All Assemblies, in  1.217 seconds
Refreshing native plugins compatible for Editor in 4.31 ms, found 4 plugins.
Native extension for Android target not found
Native extension for WindowsStandalone target not found
Native extension for OSXStandalone target not found
Native extension for WebGL target not found
[Package Manager] Failed to launch server process. Reason: Unity was launched with the -noUpm command-line argument
[Package Manager] Unable to send message (not connected to server process).
[Package Manager] Cannot connect to Unity Package Manager local server
Mono: successfully reloaded assembly
- Finished resetting the current domain, in  1.182 seconds
Domain Reload Profiling: 2374ms
	BeginReloadAssembly (321ms)
		ExecutionOrderSort (0ms)
		DisableScriptedObjects (23ms)
		BackupInstance (0ms)
		ReleaseScriptingObjects (0ms)
		CreateAndSetChildDomain (65ms)
	RebuildCommonClasses (47ms)
	RebuildNativeTypeToScriptingClass (24ms)
	initialDomainReloadingComplete (55ms)
	LoadAllAssembliesAndSetupDomain (744ms)
		LoadAssemblies (605ms)
		RebuildTransferFunctionScriptingTraits (0ms)
		AnalyzeDomain (279ms)
			TypeCache.Refresh (9ms)
				TypeCache.ScanAssembly (0ms)
			BuildScriptInfoCaches (252ms)
			ResolveRequiredComponents (14ms)
	FinalizeReload (1183ms)
		ReleaseScriptCaches (0ms)
		RebuildScriptCaches (0ms)
		SetupLoadedEditorAssemblies (926ms)
			LogAssemblyErrors (0ms)
			InitializePlatformSupportModulesInManaged (17ms)
			SetLoadedEditorAssemblies (8ms)
			BeforeProcessingInitializeOnLoad (248ms)
			ProcessInitializeOnLoadAttributes (530ms)
			ProcessInitializeOnLoadMethodAttributes (102ms)
			AfterProcessingInitializeOnLoad (21ms)
			EditorAssembliesLoaded (0ms)
		ExecutionOrderSort2 (0ms)
		AwakeInstancesAfterBackupRestoration (29ms)
Refreshing native plugins compatible for Editor in 4.64 ms, found 4 plugins.
Preloading 0 native plugins for Editor in 0.00 ms.
Unloading 14 Unused Serialized files (Serialized files now loaded: 0)
Unloading 6790 unused Assets / (4.3 MB). Loaded Objects now: 7622.
Memory consumption went from 146.9 MB to 142.6 MB.
Total: 14.647100 ms (FindLiveObjects: 1.294600 ms CreateObjectMapping: 1.433900 ms MarkObjects: 8.293200 ms  DeleteObjects: 3.624100 ms)

Prepare: number of updated asset objects reloaded= 0
========================================================================
Received Prepare
Refreshing native plugins compatible for Editor in 6.29 ms, found 4 plugins.
Preloading 0 native plugins for Editor in 0.00 ms.
Unloading 14 Unused Serialized files (Serialized files now loaded: 0)
Unloading 6780 unused Assets / (4.9 MB). Loaded Objects now: 7622.
Memory consumption went from 147.1 MB to 142.2 MB.
Total: 17.179900 ms (FindLiveObjects: 1.633200 ms CreateObjectMapping: 1.662900 ms MarkObjects: 9.145800 ms  DeleteObjects: 4.736600 ms)

Prepare: number of updated asset objects reloaded= 0
========================================================================
Received Prepare
Begin MonoManager ReloadAssembly
[Licensing::Client] Successfully resolved entitlement details
- Loaded All Assemblies, in  1.275 seconds
Refreshing native plugins compatible for Editor in 4.20 ms, found 4 plugins.
Native extension for Android target not found
Native extension for WindowsStandalone target not found
Native extension for OSXStandalone target not found
Native extension for WebGL target not found
[Package Manager] Failed to launch server process. Reason: Unity was launched with the -noUpm command-line argument
[Package Manager] Unable to send message (not connected to server process).
[Package Manager] Cannot connect to Unity Package Manager local server
Mono: successfully reloaded assembly
- Finished resetting the current domain, in  1.040 seconds
Domain Reload Profiling: 2288ms
	BeginReloadAssembly (330ms)
		ExecutionOrderSort (0ms)
		DisableScriptedObjects (19ms)
		BackupInstance (0ms)
		ReleaseScriptingObjects (0ms)
		CreateAndSetChildDomain (63ms)
	RebuildCommonClasses (52ms)
	RebuildNativeTypeToScriptingClass (17ms)
	initialDomainReloadingComplete (56ms)
	LoadAllAssembliesAndSetupDomain (792ms)
		LoadAssemblies (647ms)
		RebuildTransferFunctionScriptingTraits (0ms)
		AnalyzeDomain (291ms)
			TypeCache.Refresh (12ms)
				TypeCache.ScanAssembly (0ms)
			BuildScriptInfoCaches (257ms)
			ResolveRequiredComponents (17ms)
	FinalizeReload (1040ms)
		ReleaseScriptCaches (0ms)
		RebuildScriptCaches (0ms)
		SetupLoadedEditorAssemblies (810ms)
			LogAssemblyErrors (0ms)
			InitializePlatformSupportModulesInManaged (17ms)
			SetLoadedEditorAssemblies (8ms)
			BeforeProcessingInitializeOnLoad (249ms)
			ProcessInitializeOnLoadAttributes (438ms)
			ProcessInitializeOnLoadMethodAttributes (78ms)
			AfterProcessingInitializeOnLoad (19ms)
			EditorAssembliesLoaded (0ms)
		ExecutionOrderSort2 (0ms)
		AwakeInstancesAfterBackupRestoration (30ms)
Refreshing native plugins compatible for Editor in 5.67 ms, found 4 plugins.
Preloading 0 native plugins for Editor in 0.00 ms.
Unloading 14 Unused Serialized files (Serialized files now loaded: 0)
Unloading 6790 unused Assets / (4.6 MB). Loaded Objects now: 7625.
Memory consumption went from 147.0 MB to 142.4 MB.
Total: 13.543500 ms (FindLiveObjects: 0.913800 ms CreateObjectMapping: 1.207300 ms MarkObjects: 8.463400 ms  DeleteObjects: 2.958000 ms)

Prepare: number of updated asset objects reloaded= 0
========================================================================
Received Prepare
Begin MonoManager ReloadAssembly
- Loaded All Assemblies, in  1.224 seconds
Refreshing native plugins compatible for Editor in 4.01 ms, found 4 plugins.
Native extension for Android target not found
Native extension for WindowsStandalone target not found
Native extension for OSXStandalone target not found
Native extension for WebGL target not found
[Package Manager] Failed to launch server process. Reason: Unity was launched with the -noUpm command-line argument
[Package Manager] Unable to send message (not connected to server process).
[Package Manager] Cannot connect to Unity Package Manager local server
Mono: successfully reloaded assembly
- Finished resetting the current domain, in  1.181 seconds
Domain Reload Profiling: 2382ms
	BeginReloadAssembly (320ms)
		ExecutionOrderSort (0ms)
		DisableScriptedObjects (18ms)
		BackupInstance (0ms)
		ReleaseScriptingObjects (0ms)
		CreateAndSetChildDomain (63ms)
	RebuildCommonClasses (52ms)
	RebuildNativeTypeToScriptingClass (22ms)
	initialDomainReloadingComplete (53ms)
	LoadAllAssembliesAndSetupDomain (753ms)
		LoadAssemblies (617ms)
		RebuildTransferFunctionScriptingTraits (0ms)
		AnalyzeDomain (280ms)
			TypeCache.Refresh (9ms)
				TypeCache.ScanAssembly (0ms)
			BuildScriptInfoCaches (245ms)
			ResolveRequiredComponents (20ms)
	FinalizeReload (1182ms)
		ReleaseScriptCaches (0ms)
		RebuildScriptCaches (0ms)
		SetupLoadedEditorAssemblies (931ms)
			LogAssemblyErrors (0ms)
			InitializePlatformSupportModulesInManaged (16ms)
			SetLoadedEditorAssemblies (7ms)
			BeforeProcessingInitializeOnLoad (249ms)
			ProcessInitializeOnLoadAttributes (544ms)
			ProcessInitializeOnLoadMethodAttributes (93ms)
			AfterProcessingInitializeOnLoad (22ms)
			EditorAssembliesLoaded (0ms)
		ExecutionOrderSort2 (0ms)
		AwakeInstancesAfterBackupRestoration (34ms)
Refreshing native plugins compatible for Editor in 6.59 ms, found 4 plugins.
Preloading 0 native plugins for Editor in 0.00 ms.
Unloading 14 Unused Serialized files (Serialized files now loaded: 0)
Unloading 6790 unused Assets / (4.6 MB). Loaded Objects now: 7628.
Memory consumption went from 147.0 MB to 142.4 MB.
Total: 14.179400 ms (FindLiveObjects: 0.944100 ms CreateObjectMapping: 1.333400 ms MarkObjects: 8.554600 ms  DeleteObjects: 3.346000 ms)

Prepare: number of updated asset objects reloaded= 0
========================================================================
Received Prepare
Refreshing native plugins compatible for Editor in 7.25 ms, found 4 plugins.
Preloading 0 native plugins for Editor in 0.00 ms.
Unloading 14 Unused Serialized files (Serialized files now loaded: 0)
Unloading 6780 unused Assets / (3.4 MB). Loaded Objects now: 7628.
Memory consumption went from 147.2 MB to 143.7 MB.
Total: 230.842000 ms (FindLiveObjects: 1.210700 ms CreateObjectMapping: 1.280800 ms MarkObjects: 222.267100 ms  DeleteObjects: 6.082100 ms)

Prepare: number of updated asset objects reloaded= 0
========================================================================
Received Prepare
Begin MonoManager ReloadAssembly
- Loaded All Assemblies, in  1.283 seconds
Refreshing native plugins compatible for Editor in 4.05 ms, found 4 plugins.
Native extension for Android target not found
Native extension for WindowsStandalone target not found
Native extension for OSXStandalone target not found
Native extension for WebGL target not found
[Package Manager] Failed to launch server process. Reason: Unity was launched with the -noUpm command-line argument
[Package Manager] Unable to send message (not connected to server process).
[Package Manager] Cannot connect to Unity Package Manager local server
Mono: successfully reloaded assembly
- Finished resetting the current domain, in  1.158 seconds
Domain Reload Profiling: 2420ms
	BeginReloadAssembly (340ms)
		ExecutionOrderSort (0ms)
		DisableScriptedObjects (18ms)
		BackupInstance (0ms)
		ReleaseScriptingObjects (0ms)
		CreateAndSetChildDomain (74ms)
	RebuildCommonClasses (49ms)
	RebuildNativeTypeToScriptingClass (24ms)
	initialDomainReloadingComplete (53ms)
	LoadAllAssembliesAndSetupDomain (796ms)
		LoadAssemblies (625ms)
		RebuildTransferFunctionScriptingTraits (0ms)
		AnalyzeDomain (320ms)
			TypeCache.Refresh (11ms)
				TypeCache.ScanAssembly (0ms)
			BuildScriptInfoCaches (282ms)
			ResolveRequiredComponents (23ms)
	FinalizeReload (1158ms)
		ReleaseScriptCaches (0ms)
		RebuildScriptCaches (0ms)
		SetupLoadedEditorAssemblies (935ms)
			LogAssemblyErrors (0ms)
			InitializePlatformSupportModulesInManaged (16ms)
			SetLoadedEditorAssemblies (8ms)
			BeforeProcessingInitializeOnLoad (287ms)
			ProcessInitializeOnLoadAttributes (516ms)
			ProcessInitializeOnLoadMethodAttributes (84ms)
			AfterProcessingInitializeOnLoad (24ms)
			EditorAssembliesLoaded (0ms)
		ExecutionOrderSort2 (0ms)
		AwakeInstancesAfterBackupRestoration (24ms)
Refreshing native plugins compatible for Editor in 4.34 ms, found 4 plugins.
Preloading 0 native plugins for Editor in 0.00 ms.
Unloading 14 Unused Serialized files (Serialized files now loaded: 0)
Unloading 6790 unused Assets / (4.5 MB). Loaded Objects now: 7631.
Memory consumption went from 147.0 MB to 142.5 MB.
Total: 9.679300 ms (FindLiveObjects: 0.812500 ms CreateObjectMapping: 0.668200 ms MarkObjects: 5.564500 ms  DeleteObjects: 2.633000 ms)

Prepare: number of updated asset objects reloaded= 0
========================================================================
Received Prepare
Begin MonoManager ReloadAssembly
[Licensing::Client] Successfully resolved entitlement details
- Loaded All Assemblies, in  1.232 seconds
Refreshing native plugins compatible for Editor in 4.19 ms, found 4 plugins.
Native extension for Android target not found
Native extension for WindowsStandalone target not found
Native extension for OSXStandalone target not found
Native extension for WebGL target not found
[Package Manager] Failed to launch server process. Reason: Unity was launched with the -noUpm command-line argument
[Package Manager] Unable to send message (not connected to server process).
[Package Manager] Cannot connect to Unity Package Manager local server
Mono: successfully reloaded assembly
- Finished resetting the current domain, in  1.212 seconds
Domain Reload Profiling: 2423ms
	BeginReloadAssembly (325ms)
		ExecutionOrderSort (0ms)
		DisableScriptedObjects (26ms)
		BackupInstance (0ms)
		ReleaseScriptingObjects (0ms)
		CreateAndSetChildDomain (55ms)
	RebuildCommonClasses (54ms)
	RebuildNativeTypeToScriptingClass (17ms)
	initialDomainReloadingComplete (54ms)
	LoadAllAssembliesAndSetupDomain (761ms)
		LoadAssemblies (619ms)
		RebuildTransferFunctionScriptingTraits (0ms)
		AnalyzeDomain (282ms)
			TypeCache.Refresh (8ms)
				TypeCache.ScanAssembly (0ms)
			BuildScriptInfoCaches (255ms)
			ResolveRequiredComponents (14ms)
	FinalizeReload (1212ms)
		ReleaseScriptCaches (0ms)
		RebuildScriptCaches (0ms)
		SetupLoadedEditorAssemblies (953ms)
			LogAssemblyErrors (0ms)
			InitializePlatformSupportModulesInManaged (20ms)
			SetLoadedEditorAssemblies (8ms)
			BeforeProcessingInitializeOnLoad (251ms)
			ProcessInitializeOnLoadAttributes (547ms)
			ProcessInitializeOnLoadMethodAttributes (104ms)
			AfterProcessingInitializeOnLoad (22ms)
			EditorAssembliesLoaded (0ms)
		ExecutionOrderSort2 (0ms)
		AwakeInstancesAfterBackupRestoration (32ms)
Refreshing native plugins compatible for Editor in 4.78 ms, found 4 plugins.
Preloading 0 native plugins for Editor in 0.00 ms.
Unloading 14 Unused Serialized files (Serialized files now loaded: 0)
Unloading 6790 unused Assets / (3.9 MB). Loaded Objects now: 7634.
Memory consumption went from 147.1 MB to 143.2 MB.
Total: 13.596100 ms (FindLiveObjects: 1.525500 ms CreateObjectMapping: 1.411100 ms MarkObjects: 7.980100 ms  DeleteObjects: 2.678400 ms)

Prepare: number of updated asset objects reloaded= 0
========================================================================
Received Prepare
Refreshing native plugins compatible for Editor in 8.41 ms, found 4 plugins.
Preloading 0 native plugins for Editor in 0.00 ms.
Unloading 14 Unused Serialized files (Serialized files now loaded: 0)
Unloading 6780 unused Assets / (7.4 MB). Loaded Objects now: 7634.
Memory consumption went from 147.2 MB to 139.8 MB.
Total: 55.190600 ms (FindLiveObjects: 1.452300 ms CreateObjectMapping: 1.915700 ms MarkObjects: 45.501600 ms  DeleteObjects: 6.319600 ms)

Prepare: number of updated asset objects reloaded= 0
========================================================================
Received Prepare
Begin MonoManager ReloadAssembly
[Licensing::Client] Successfully resolved entitlement details
- Loaded All Assemblies, in  1.289 seconds
Refreshing native plugins compatible for Editor in 4.23 ms, found 4 plugins.
Native extension for Android target not found
Native extension for WindowsStandalone target not found
Native extension for OSXStandalone target not found
Native extension for WebGL target not found
[Package Manager] Failed to launch server process. Reason: Unity was launched with the -noUpm command-line argument
[Package Manager] Unable to send message (not connected to server process).
[Package Manager] Cannot connect to Unity Package Manager local server
Mono: successfully reloaded assembly
- Finished resetting the current domain, in  1.134 seconds
Domain Reload Profiling: 2400ms
	BeginReloadAssembly (333ms)
		ExecutionOrderSort (0ms)
		DisableScriptedObjects (19ms)
		BackupInstance (0ms)
		ReleaseScriptingObjects (0ms)
		CreateAndSetChildDomain (72ms)
	RebuildCommonClasses (79ms)
	RebuildNativeTypeToScriptingClass (18ms)
	initialDomainReloadingComplete (53ms)
	LoadAllAssembliesAndSetupDomain (782ms)
		LoadAssemblies (617ms)
		RebuildTransferFunctionScriptingTraits (0ms)
		AnalyzeDomain (305ms)
			TypeCache.Refresh (14ms)
				TypeCache.ScanAssembly (1ms)
			BuildScriptInfoCaches (271ms)
			ResolveRequiredComponents (16ms)
	FinalizeReload (1135ms)
		ReleaseScriptCaches (0ms)
		RebuildScriptCaches (0ms)
		SetupLoadedEditorAssemblies (865ms)
			LogAssemblyErrors (0ms)
			InitializePlatformSupportModulesInManaged (20ms)
			SetLoadedEditorAssemblies (10ms)
			BeforeProcessingInitializeOnLoad (274ms)
			ProcessInitializeOnLoadAttributes (454ms)
			ProcessInitializeOnLoadMethodAttributes (87ms)
			AfterProcessingInitializeOnLoad (19ms)
			EditorAssembliesLoaded (0ms)
		ExecutionOrderSort2 (0ms)
		AwakeInstancesAfterBackupRestoration (25ms)
Refreshing native plugins compatible for Editor in 4.83 ms, found 4 plugins.
Preloading 0 native plugins for Editor in 0.00 ms.
Unloading 14 Unused Serialized files (Serialized files now loaded: 0)
Unloading 6790 unused Assets / (3.8 MB). Loaded Objects now: 7637.
Memory consumption went from 147.1 MB to 143.3 MB.
Total: 12.860600 ms (FindLiveObjects: 1.203500 ms CreateObjectMapping: 1.697400 ms MarkObjects: 7.301800 ms  DeleteObjects: 2.656900 ms)

Prepare: number of updated asset objects reloaded= 0
========================================================================
Received Prepare
Begin MonoManager ReloadAssembly
- Loaded All Assemblies, in  1.220 seconds
Refreshing native plugins compatible for Editor in 6.00 ms, found 4 plugins.
Native extension for Android target not found
Native extension for WindowsStandalone target not found
Native extension for OSXStandalone target not found
Native extension for WebGL target not found
[Package Manager] Failed to launch server process. Reason: Unity was launched with the -noUpm command-line argument
[Package Manager] Unable to send message (not connected to server process).
[Package Manager] Cannot connect to Unity Package Manager local server
Mono: successfully reloaded assembly
- Finished resetting the current domain, in  1.196 seconds
Domain Reload Profiling: 2395ms
	BeginReloadAssembly (300ms)
		ExecutionOrderSort (0ms)
		DisableScriptedObjects (18ms)
		BackupInstance (0ms)
		ReleaseScriptingObjects (0ms)
		CreateAndSetChildDomain (55ms)
	RebuildCommonClasses (63ms)
	RebuildNativeTypeToScriptingClass (17ms)
	initialDomainReloadingComplete (52ms)
	LoadAllAssembliesAndSetupDomain (766ms)
		LoadAssemblies (621ms)
		RebuildTransferFunctionScriptingTraits (0ms)
		AnalyzeDomain (281ms)
			TypeCache.Refresh (8ms)
				TypeCache.ScanAssembly (0ms)
			BuildScriptInfoCaches (255ms)
			ResolveRequiredComponents (14ms)
	FinalizeReload (1197ms)
		ReleaseScriptCaches (0ms)
		RebuildScriptCaches (0ms)
		SetupLoadedEditorAssemblies (934ms)
			LogAssemblyErrors (0ms)
			InitializePlatformSupportModulesInManaged (18ms)
			SetLoadedEditorAssemblies (8ms)
			BeforeProcessingInitializeOnLoad (241ms)
			ProcessInitializeOnLoadAttributes (546ms)
			ProcessInitializeOnLoadMethodAttributes (98ms)
			AfterProcessingInitializeOnLoad (22ms)
			EditorAssembliesLoaded (0ms)
		ExecutionOrderSort2 (0ms)
		AwakeInstancesAfterBackupRestoration (31ms)
Refreshing native plugins compatible for Editor in 4.30 ms, found 4 plugins.
Preloading 0 native plugins for Editor in 0.00 ms.
Unloading 14 Unused Serialized files (Serialized files now loaded: 0)
Unloading 6790 unused Assets / (5.4 MB). Loaded Objects now: 7640.
Memory consumption went from 147.1 MB to 141.7 MB.
Total: 13.551300 ms (FindLiveObjects: 0.821800 ms CreateObjectMapping: 1.444100 ms MarkObjects: 7.556200 ms  DeleteObjects: 3.728000 ms)

Prepare: number of updated asset objects reloaded= 0
